

Microchip MPLAB XC8 Assembler V2.46 build 20240104201356 
                                                                                               Mon Nov 03 14:51:11 2025

Microchip MPLAB XC8 C Compiler v2.46 (Free license) build 20240104201356 Og1 
     1                           	processor	16F1936
     2                           	pagewidth 120
     3                           	opt	flic
     4                           	psect	idataBANK1,global,class=CODE,delta=2,noexec
     5                           	psect	cinit,global,class=CODE,merge=1,delta=2
     6                           	psect	bssCOMMON,global,class=COMMON,space=1,delta=1,noexec
     7                           	psect	bssBANK0,global,class=BANK0,space=1,delta=1,noexec
     8                           	psect	dataBANK1,global,class=BANK1,space=1,delta=1,noexec
     9                           	psect	inittext,global,class=CODE,delta=2
    10                           	psect	clrtext,global,class=CODE,delta=2
    11                           	psect	cstackCOMMON,global,class=COMMON,space=1,delta=1,noexec
    12                           	psect	cstackBANK0,global,class=BANK0,space=1,delta=1,noexec
    13                           	psect	maintext,global,class=CODE,merge=1,split=1,delta=2
    14                           	psect	text1,local,class=CODE,merge=1,delta=2
    15                           	psect	text2,local,class=CODE,merge=1,delta=2
    16                           	psect	text3,local,class=CODE,merge=1,delta=2
    17                           	psect	text4,local,class=CODE,merge=1,delta=2
    18                           	psect	text5,local,class=CODE,merge=1,delta=2
    19                           	psect	text6,local,class=CODE,merge=1,delta=2
    20                           	psect	text7,local,class=CODE,merge=1,delta=2
    21                           	psect	text8,local,class=CODE,merge=1,delta=2
    22                           	psect	text9,local,class=CODE,merge=1,delta=2
    23                           	psect	text10,local,class=CODE,merge=1,delta=2
    24                           	psect	text11,local,class=CODE,merge=1,delta=2
    25                           	psect	text12,local,class=CODE,merge=1,delta=2
    26                           	psect	text13,local,class=CODE,merge=1,delta=2
    27                           	psect	text14,local,class=CODE,merge=1,delta=2
    28                           	psect	text15,local,class=CODE,merge=1,delta=2
    29                           	psect	intentry,global,class=CODE,delta=2
    30                           	psect	text17,local,class=CODE,merge=1,delta=2
    31                           	psect	text18,local,class=CODE,merge=1,delta=2
    32                           	psect	text19,local,class=CODE,merge=1,delta=2
    33                           	psect	text20,local,class=CODE,merge=1,delta=2
    34                           	psect	text21,local,class=CODE,merge=1,delta=2
    35                           	psect	text22,local,class=CODE,merge=1,delta=2
    36                           	psect	config,global,abs,ovrld,class=CONFIG,space=4,delta=2,noexec
    37                           	dabs	1,0x7E,2
    38     0000                     
    39                           ; Version 2.20
    40                           ; Generated 12/02/2020 GMT
    41                           ; 
    42                           ; Copyright © 2020, Microchip Technology Inc. and its subsidiaries ("Microchip")
    43                           ; All rights reserved.
    44                           ; 
    45                           ; This software is developed by Microchip Technology Inc. and its subsidiaries ("Microch
      +                          ip").
    46                           ; 
    47                           ; Redistribution and use in source and binary forms, with or without modification, are
    48                           ; permitted provided that the following conditions are met:
    49                           ; 
    50                           ;     1. Redistributions of source code must retain the above copyright notice, this lis
      +                          t of
    51                           ;        conditions and the following disclaimer.
    52                           ; 
    53                           ;     2. Redistributions in binary form must reproduce the above copyright notice, this 
      +                          list
    54                           ;        of conditions and the following disclaimer in the documentation and/or other
    55                           ;        materials provided with the distribution.
    56                           ; 
    57                           ;     3. Microchip's name may not be used to endorse or promote products derived from th
      +                          is
    58                           ;        software without specific prior written permission.
    59                           ; 
    60                           ; THIS SOFTWARE IS PROVIDED BY MICROCHIP "AS IS" AND ANY EXPRESS OR IMPLIED WARRANTIES,
    61                           ; INCLUDING, BUT NOT LIMITED TO, THE IMPLIED WARRANTIES OF MERCHANTABILITY AND FITNESS F
      +                          OR
    62                           ; PURPOSE ARE DISCLAIMED.  IN NO EVENT SHALL MICROCHIP BE LIABLE FOR ANY DIRECT, INDIREC
      +                          T,
    63                           ; INCIDENTAL, SPECIAL, EXEMPLARY, OR CONSEQUENTIAL DAMAGES (INCLUDING BUT NOT LIMITED TO
    64                           ; PROCUREMENT OF SUBSTITUTE GOODS OR SERVICES; LOSS OF USE, DATA OR PROFITS; OR BUSINESS
    65                           ; INTERRUPTION) HOWSOEVER CAUSED AND ON ANY THEORY OF LIABILITY, WHETHER IN CONTRACT, ST
      +                          RICT
    66                           ; LIABILITY, OR TORT (INCLUDING NEGLIGENCE OR OTHERWISE) ARISING IN ANY WAY OUT OF THE U
      +                          SE OF
    67                           ; THIS SOFTWARE, EVEN IF ADVISED OF THE POSSIBILITY OF SUCH DAMAGE.
    68                           ; 
    69                           ; 
    70                           ; Code-generator required, PIC16F1936 Definitions
    71                           ; 
    72                           ; SFR Addresses
    73     0000                     	;# 
    74     0001                     	;# 
    75     0002                     	;# 
    76     0003                     	;# 
    77     0004                     	;# 
    78     0005                     	;# 
    79     0006                     	;# 
    80     0007                     	;# 
    81     0008                     	;# 
    82     0009                     	;# 
    83     000A                     	;# 
    84     000B                     	;# 
    85     000C                     	;# 
    86     000D                     	;# 
    87     000E                     	;# 
    88     0010                     	;# 
    89     0011                     	;# 
    90     0012                     	;# 
    91     0013                     	;# 
    92     0015                     	;# 
    93     0016                     	;# 
    94     0016                     	;# 
    95     0017                     	;# 
    96     0018                     	;# 
    97     0019                     	;# 
    98     001A                     	;# 
    99     001B                     	;# 
   100     001C                     	;# 
   101     001E                     	;# 
   102     001F                     	;# 
   103     008C                     	;# 
   104     008D                     	;# 
   105     008E                     	;# 
   106     0090                     	;# 
   107     0091                     	;# 
   108     0092                     	;# 
   109     0093                     	;# 
   110     0095                     	;# 
   111     0096                     	;# 
   112     0097                     	;# 
   113     0098                     	;# 
   114     0099                     	;# 
   115     009A                     	;# 
   116     009B                     	;# 
   117     009B                     	;# 
   118     009C                     	;# 
   119     009D                     	;# 
   120     009E                     	;# 
   121     010C                     	;# 
   122     010D                     	;# 
   123     010E                     	;# 
   124     0110                     	;# 
   125     0111                     	;# 
   126     0112                     	;# 
   127     0113                     	;# 
   128     0114                     	;# 
   129     0115                     	;# 
   130     0116                     	;# 
   131     0117                     	;# 
   132     0118                     	;# 
   133     0119                     	;# 
   134     011A                     	;# 
   135     011B                     	;# 
   136     011D                     	;# 
   137     018C                     	;# 
   138     018D                     	;# 
   139     0191                     	;# 
   140     0191                     	;# 
   141     0192                     	;# 
   142     0193                     	;# 
   143     0193                     	;# 
   144     0193                     	;# 
   145     0194                     	;# 
   146     0195                     	;# 
   147     0196                     	;# 
   148     0199                     	;# 
   149     019A                     	;# 
   150     019B                     	;# 
   151     019B                     	;# 
   152     019B                     	;# 
   153     019B                     	;# 
   154     019C                     	;# 
   155     019C                     	;# 
   156     019D                     	;# 
   157     019E                     	;# 
   158     019F                     	;# 
   159     020D                     	;# 
   160     0210                     	;# 
   161     0211                     	;# 
   162     0212                     	;# 
   163     0213                     	;# 
   164     0214                     	;# 
   165     0215                     	;# 
   166     0215                     	;# 
   167     0216                     	;# 
   168     0217                     	;# 
   169     0291                     	;# 
   170     0291                     	;# 
   171     0292                     	;# 
   172     0293                     	;# 
   173     0294                     	;# 
   174     0295                     	;# 
   175     0295                     	;# 
   176     0296                     	;# 
   177     0298                     	;# 
   178     0298                     	;# 
   179     0299                     	;# 
   180     029A                     	;# 
   181     029B                     	;# 
   182     029C                     	;# 
   183     029C                     	;# 
   184     029D                     	;# 
   185     029E                     	;# 
   186     029F                     	;# 
   187     0311                     	;# 
   188     0311                     	;# 
   189     0312                     	;# 
   190     0313                     	;# 
   191     0314                     	;# 
   192     0315                     	;# 
   193     0315                     	;# 
   194     0316                     	;# 
   195     0318                     	;# 
   196     0318                     	;# 
   197     0319                     	;# 
   198     031A                     	;# 
   199     031C                     	;# 
   200     031C                     	;# 
   201     031D                     	;# 
   202     031E                     	;# 
   203     0394                     	;# 
   204     0395                     	;# 
   205     0396                     	;# 
   206     0415                     	;# 
   207     0416                     	;# 
   208     0417                     	;# 
   209     041C                     	;# 
   210     041D                     	;# 
   211     041E                     	;# 
   212     0791                     	;# 
   213     0792                     	;# 
   214     0793                     	;# 
   215     0794                     	;# 
   216     0795                     	;# 
   217     0798                     	;# 
   218     0799                     	;# 
   219     07A0                     	;# 
   220     07A1                     	;# 
   221     07A3                     	;# 
   222     07A4                     	;# 
   223     07A6                     	;# 
   224     07A7                     	;# 
   225     07A9                     	;# 
   226     07AA                     	;# 
   227     0FE4                     	;# 
   228     0FE5                     	;# 
   229     0FE6                     	;# 
   230     0FE7                     	;# 
   231     0FE8                     	;# 
   232     0FE9                     	;# 
   233     0FEA                     	;# 
   234     0FEB                     	;# 
   235     0FED                     	;# 
   236     0FEE                     	;# 
   237     0FEF                     	;# 
   238     0000                     	;# 
   239     0001                     	;# 
   240     0002                     	;# 
   241     0003                     	;# 
   242     0004                     	;# 
   243     0005                     	;# 
   244     0006                     	;# 
   245     0007                     	;# 
   246     0008                     	;# 
   247     0009                     	;# 
   248     000A                     	;# 
   249     000B                     	;# 
   250     000C                     	;# 
   251     000D                     	;# 
   252     000E                     	;# 
   253     0010                     	;# 
   254     0011                     	;# 
   255     0012                     	;# 
   256     0013                     	;# 
   257     0015                     	;# 
   258     0016                     	;# 
   259     0016                     	;# 
   260     0017                     	;# 
   261     0018                     	;# 
   262     0019                     	;# 
   263     001A                     	;# 
   264     001B                     	;# 
   265     001C                     	;# 
   266     001E                     	;# 
   267     001F                     	;# 
   268     008C                     	;# 
   269     008D                     	;# 
   270     008E                     	;# 
   271     0090                     	;# 
   272     0091                     	;# 
   273     0092                     	;# 
   274     0093                     	;# 
   275     0095                     	;# 
   276     0096                     	;# 
   277     0097                     	;# 
   278     0098                     	;# 
   279     0099                     	;# 
   280     009A                     	;# 
   281     009B                     	;# 
   282     009B                     	;# 
   283     009C                     	;# 
   284     009D                     	;# 
   285     009E                     	;# 
   286     010C                     	;# 
   287     010D                     	;# 
   288     010E                     	;# 
   289     0110                     	;# 
   290     0111                     	;# 
   291     0112                     	;# 
   292     0113                     	;# 
   293     0114                     	;# 
   294     0115                     	;# 
   295     0116                     	;# 
   296     0117                     	;# 
   297     0118                     	;# 
   298     0119                     	;# 
   299     011A                     	;# 
   300     011B                     	;# 
   301     011D                     	;# 
   302     018C                     	;# 
   303     018D                     	;# 
   304     0191                     	;# 
   305     0191                     	;# 
   306     0192                     	;# 
   307     0193                     	;# 
   308     0193                     	;# 
   309     0193                     	;# 
   310     0194                     	;# 
   311     0195                     	;# 
   312     0196                     	;# 
   313     0199                     	;# 
   314     019A                     	;# 
   315     019B                     	;# 
   316     019B                     	;# 
   317     019B                     	;# 
   318     019B                     	;# 
   319     019C                     	;# 
   320     019C                     	;# 
   321     019D                     	;# 
   322     019E                     	;# 
   323     019F                     	;# 
   324     020D                     	;# 
   325     0210                     	;# 
   326     0211                     	;# 
   327     0212                     	;# 
   328     0213                     	;# 
   329     0214                     	;# 
   330     0215                     	;# 
   331     0215                     	;# 
   332     0216                     	;# 
   333     0217                     	;# 
   334     0291                     	;# 
   335     0291                     	;# 
   336     0292                     	;# 
   337     0293                     	;# 
   338     0294                     	;# 
   339     0295                     	;# 
   340     0295                     	;# 
   341     0296                     	;# 
   342     0298                     	;# 
   343     0298                     	;# 
   344     0299                     	;# 
   345     029A                     	;# 
   346     029B                     	;# 
   347     029C                     	;# 
   348     029C                     	;# 
   349     029D                     	;# 
   350     029E                     	;# 
   351     029F                     	;# 
   352     0311                     	;# 
   353     0311                     	;# 
   354     0312                     	;# 
   355     0313                     	;# 
   356     0314                     	;# 
   357     0315                     	;# 
   358     0315                     	;# 
   359     0316                     	;# 
   360     0318                     	;# 
   361     0318                     	;# 
   362     0319                     	;# 
   363     031A                     	;# 
   364     031C                     	;# 
   365     031C                     	;# 
   366     031D                     	;# 
   367     031E                     	;# 
   368     0394                     	;# 
   369     0395                     	;# 
   370     0396                     	;# 
   371     0415                     	;# 
   372     0416                     	;# 
   373     0417                     	;# 
   374     041C                     	;# 
   375     041D                     	;# 
   376     041E                     	;# 
   377     0791                     	;# 
   378     0792                     	;# 
   379     0793                     	;# 
   380     0794                     	;# 
   381     0795                     	;# 
   382     0798                     	;# 
   383     0799                     	;# 
   384     07A0                     	;# 
   385     07A1                     	;# 
   386     07A3                     	;# 
   387     07A4                     	;# 
   388     07A6                     	;# 
   389     07A7                     	;# 
   390     07A9                     	;# 
   391     07AA                     	;# 
   392     0FE4                     	;# 
   393     0FE5                     	;# 
   394     0FE6                     	;# 
   395     0FE7                     	;# 
   396     0FE8                     	;# 
   397     0FE9                     	;# 
   398     0FEA                     	;# 
   399     0FEB                     	;# 
   400     0FED                     	;# 
   401     0FEE                     	;# 
   402     0FEF                     	;# 
   403     0000                     	;# 
   404     0001                     	;# 
   405     0002                     	;# 
   406     0003                     	;# 
   407     0004                     	;# 
   408     0005                     	;# 
   409     0006                     	;# 
   410     0007                     	;# 
   411     0008                     	;# 
   412     0009                     	;# 
   413     000A                     	;# 
   414     000B                     	;# 
   415     000C                     	;# 
   416     000D                     	;# 
   417     000E                     	;# 
   418     0010                     	;# 
   419     0011                     	;# 
   420     0012                     	;# 
   421     0013                     	;# 
   422     0015                     	;# 
   423     0016                     	;# 
   424     0016                     	;# 
   425     0017                     	;# 
   426     0018                     	;# 
   427     0019                     	;# 
   428     001A                     	;# 
   429     001B                     	;# 
   430     001C                     	;# 
   431     001E                     	;# 
   432     001F                     	;# 
   433     008C                     	;# 
   434     008D                     	;# 
   435     008E                     	;# 
   436     0090                     	;# 
   437     0091                     	;# 
   438     0092                     	;# 
   439     0093                     	;# 
   440     0095                     	;# 
   441     0096                     	;# 
   442     0097                     	;# 
   443     0098                     	;# 
   444     0099                     	;# 
   445     009A                     	;# 
   446     009B                     	;# 
   447     009B                     	;# 
   448     009C                     	;# 
   449     009D                     	;# 
   450     009E                     	;# 
   451     010C                     	;# 
   452     010D                     	;# 
   453     010E                     	;# 
   454     0110                     	;# 
   455     0111                     	;# 
   456     0112                     	;# 
   457     0113                     	;# 
   458     0114                     	;# 
   459     0115                     	;# 
   460     0116                     	;# 
   461     0117                     	;# 
   462     0118                     	;# 
   463     0119                     	;# 
   464     011A                     	;# 
   465     011B                     	;# 
   466     011D                     	;# 
   467     018C                     	;# 
   468     018D                     	;# 
   469     0191                     	;# 
   470     0191                     	;# 
   471     0192                     	;# 
   472     0193                     	;# 
   473     0193                     	;# 
   474     0193                     	;# 
   475     0194                     	;# 
   476     0195                     	;# 
   477     0196                     	;# 
   478     0199                     	;# 
   479     019A                     	;# 
   480     019B                     	;# 
   481     019B                     	;# 
   482     019B                     	;# 
   483     019B                     	;# 
   484     019C                     	;# 
   485     019C                     	;# 
   486     019D                     	;# 
   487     019E                     	;# 
   488     019F                     	;# 
   489     020D                     	;# 
   490     0210                     	;# 
   491     0211                     	;# 
   492     0212                     	;# 
   493     0213                     	;# 
   494     0214                     	;# 
   495     0215                     	;# 
   496     0215                     	;# 
   497     0216                     	;# 
   498     0217                     	;# 
   499     0291                     	;# 
   500     0291                     	;# 
   501     0292                     	;# 
   502     0293                     	;# 
   503     0294                     	;# 
   504     0295                     	;# 
   505     0295                     	;# 
   506     0296                     	;# 
   507     0298                     	;# 
   508     0298                     	;# 
   509     0299                     	;# 
   510     029A                     	;# 
   511     029B                     	;# 
   512     029C                     	;# 
   513     029C                     	;# 
   514     029D                     	;# 
   515     029E                     	;# 
   516     029F                     	;# 
   517     0311                     	;# 
   518     0311                     	;# 
   519     0312                     	;# 
   520     0313                     	;# 
   521     0314                     	;# 
   522     0315                     	;# 
   523     0315                     	;# 
   524     0316                     	;# 
   525     0318                     	;# 
   526     0318                     	;# 
   527     0319                     	;# 
   528     031A                     	;# 
   529     031C                     	;# 
   530     031C                     	;# 
   531     031D                     	;# 
   532     031E                     	;# 
   533     0394                     	;# 
   534     0395                     	;# 
   535     0396                     	;# 
   536     0415                     	;# 
   537     0416                     	;# 
   538     0417                     	;# 
   539     041C                     	;# 
   540     041D                     	;# 
   541     041E                     	;# 
   542     0791                     	;# 
   543     0792                     	;# 
   544     0793                     	;# 
   545     0794                     	;# 
   546     0795                     	;# 
   547     0798                     	;# 
   548     0799                     	;# 
   549     07A0                     	;# 
   550     07A1                     	;# 
   551     07A3                     	;# 
   552     07A4                     	;# 
   553     07A6                     	;# 
   554     07A7                     	;# 
   555     07A9                     	;# 
   556     07AA                     	;# 
   557     0FE4                     	;# 
   558     0FE5                     	;# 
   559     0FE6                     	;# 
   560     0FE7                     	;# 
   561     0FE8                     	;# 
   562     0FE9                     	;# 
   563     0FEA                     	;# 
   564     0FEB                     	;# 
   565     0FED                     	;# 
   566     0FEE                     	;# 
   567     0FEF                     	;# 
   568     0000                     	;# 
   569     0001                     	;# 
   570     0002                     	;# 
   571     0003                     	;# 
   572     0004                     	;# 
   573     0005                     	;# 
   574     0006                     	;# 
   575     0007                     	;# 
   576     0008                     	;# 
   577     0009                     	;# 
   578     000A                     	;# 
   579     000B                     	;# 
   580     000C                     	;# 
   581     000D                     	;# 
   582     000E                     	;# 
   583     0010                     	;# 
   584     0011                     	;# 
   585     0012                     	;# 
   586     0013                     	;# 
   587     0015                     	;# 
   588     0016                     	;# 
   589     0016                     	;# 
   590     0017                     	;# 
   591     0018                     	;# 
   592     0019                     	;# 
   593     001A                     	;# 
   594     001B                     	;# 
   595     001C                     	;# 
   596     001E                     	;# 
   597     001F                     	;# 
   598     008C                     	;# 
   599     008D                     	;# 
   600     008E                     	;# 
   601     0090                     	;# 
   602     0091                     	;# 
   603     0092                     	;# 
   604     0093                     	;# 
   605     0095                     	;# 
   606     0096                     	;# 
   607     0097                     	;# 
   608     0098                     	;# 
   609     0099                     	;# 
   610     009A                     	;# 
   611     009B                     	;# 
   612     009B                     	;# 
   613     009C                     	;# 
   614     009D                     	;# 
   615     009E                     	;# 
   616     010C                     	;# 
   617     010D                     	;# 
   618     010E                     	;# 
   619     0110                     	;# 
   620     0111                     	;# 
   621     0112                     	;# 
   622     0113                     	;# 
   623     0114                     	;# 
   624     0115                     	;# 
   625     0116                     	;# 
   626     0117                     	;# 
   627     0118                     	;# 
   628     0119                     	;# 
   629     011A                     	;# 
   630     011B                     	;# 
   631     011D                     	;# 
   632     018C                     	;# 
   633     018D                     	;# 
   634     0191                     	;# 
   635     0191                     	;# 
   636     0192                     	;# 
   637     0193                     	;# 
   638     0193                     	;# 
   639     0193                     	;# 
   640     0194                     	;# 
   641     0195                     	;# 
   642     0196                     	;# 
   643     0199                     	;# 
   644     019A                     	;# 
   645     019B                     	;# 
   646     019B                     	;# 
   647     019B                     	;# 
   648     019B                     	;# 
   649     019C                     	;# 
   650     019C                     	;# 
   651     019D                     	;# 
   652     019E                     	;# 
   653     019F                     	;# 
   654     020D                     	;# 
   655     0210                     	;# 
   656     0211                     	;# 
   657     0212                     	;# 
   658     0213                     	;# 
   659     0214                     	;# 
   660     0215                     	;# 
   661     0215                     	;# 
   662     0216                     	;# 
   663     0217                     	;# 
   664     0291                     	;# 
   665     0291                     	;# 
   666     0292                     	;# 
   667     0293                     	;# 
   668     0294                     	;# 
   669     0295                     	;# 
   670     0295                     	;# 
   671     0296                     	;# 
   672     0298                     	;# 
   673     0298                     	;# 
   674     0299                     	;# 
   675     029A                     	;# 
   676     029B                     	;# 
   677     029C                     	;# 
   678     029C                     	;# 
   679     029D                     	;# 
   680     029E                     	;# 
   681     029F                     	;# 
   682     0311                     	;# 
   683     0311                     	;# 
   684     0312                     	;# 
   685     0313                     	;# 
   686     0314                     	;# 
   687     0315                     	;# 
   688     0315                     	;# 
   689     0316                     	;# 
   690     0318                     	;# 
   691     0318                     	;# 
   692     0319                     	;# 
   693     031A                     	;# 
   694     031C                     	;# 
   695     031C                     	;# 
   696     031D                     	;# 
   697     031E                     	;# 
   698     0394                     	;# 
   699     0395                     	;# 
   700     0396                     	;# 
   701     0415                     	;# 
   702     0416                     	;# 
   703     0417                     	;# 
   704     041C                     	;# 
   705     041D                     	;# 
   706     041E                     	;# 
   707     0791                     	;# 
   708     0792                     	;# 
   709     0793                     	;# 
   710     0794                     	;# 
   711     0795                     	;# 
   712     0798                     	;# 
   713     0799                     	;# 
   714     07A0                     	;# 
   715     07A1                     	;# 
   716     07A3                     	;# 
   717     07A4                     	;# 
   718     07A6                     	;# 
   719     07A7                     	;# 
   720     07A9                     	;# 
   721     07AA                     	;# 
   722     0FE4                     	;# 
   723     0FE5                     	;# 
   724     0FE6                     	;# 
   725     0FE7                     	;# 
   726     0FE8                     	;# 
   727     0FE9                     	;# 
   728     0FEA                     	;# 
   729     0FEB                     	;# 
   730     0FED                     	;# 
   731     0FEE                     	;# 
   732     0FEF                     	;# 
   733     0000                     	;# 
   734     0001                     	;# 
   735     0002                     	;# 
   736     0003                     	;# 
   737     0004                     	;# 
   738     0005                     	;# 
   739     0006                     	;# 
   740     0007                     	;# 
   741     0008                     	;# 
   742     0009                     	;# 
   743     000A                     	;# 
   744     000B                     	;# 
   745     000C                     	;# 
   746     000D                     	;# 
   747     000E                     	;# 
   748     0010                     	;# 
   749     0011                     	;# 
   750     0012                     	;# 
   751     0013                     	;# 
   752     0015                     	;# 
   753     0016                     	;# 
   754     0016                     	;# 
   755     0017                     	;# 
   756     0018                     	;# 
   757     0019                     	;# 
   758     001A                     	;# 
   759     001B                     	;# 
   760     001C                     	;# 
   761     001E                     	;# 
   762     001F                     	;# 
   763     008C                     	;# 
   764     008D                     	;# 
   765     008E                     	;# 
   766     0090                     	;# 
   767     0091                     	;# 
   768     0092                     	;# 
   769     0093                     	;# 
   770     0095                     	;# 
   771     0096                     	;# 
   772     0097                     	;# 
   773     0098                     	;# 
   774     0099                     	;# 
   775     009A                     	;# 
   776     009B                     	;# 
   777     009B                     	;# 
   778     009C                     	;# 
   779     009D                     	;# 
   780     009E                     	;# 
   781     010C                     	;# 
   782     010D                     	;# 
   783     010E                     	;# 
   784     0110                     	;# 
   785     0111                     	;# 
   786     0112                     	;# 
   787     0113                     	;# 
   788     0114                     	;# 
   789     0115                     	;# 
   790     0116                     	;# 
   791     0117                     	;# 
   792     0118                     	;# 
   793     0119                     	;# 
   794     011A                     	;# 
   795     011B                     	;# 
   796     011D                     	;# 
   797     018C                     	;# 
   798     018D                     	;# 
   799     0191                     	;# 
   800     0191                     	;# 
   801     0192                     	;# 
   802     0193                     	;# 
   803     0193                     	;# 
   804     0193                     	;# 
   805     0194                     	;# 
   806     0195                     	;# 
   807     0196                     	;# 
   808     0199                     	;# 
   809     019A                     	;# 
   810     019B                     	;# 
   811     019B                     	;# 
   812     019B                     	;# 
   813     019B                     	;# 
   814     019C                     	;# 
   815     019C                     	;# 
   816     019D                     	;# 
   817     019E                     	;# 
   818     019F                     	;# 
   819     020D                     	;# 
   820     0210                     	;# 
   821     0211                     	;# 
   822     0212                     	;# 
   823     0213                     	;# 
   824     0214                     	;# 
   825     0215                     	;# 
   826     0215                     	;# 
   827     0216                     	;# 
   828     0217                     	;# 
   829     0291                     	;# 
   830     0291                     	;# 
   831     0292                     	;# 
   832     0293                     	;# 
   833     0294                     	;# 
   834     0295                     	;# 
   835     0295                     	;# 
   836     0296                     	;# 
   837     0298                     	;# 
   838     0298                     	;# 
   839     0299                     	;# 
   840     029A                     	;# 
   841     029B                     	;# 
   842     029C                     	;# 
   843     029C                     	;# 
   844     029D                     	;# 
   845     029E                     	;# 
   846     029F                     	;# 
   847     0311                     	;# 
   848     0311                     	;# 
   849     0312                     	;# 
   850     0313                     	;# 
   851     0314                     	;# 
   852     0315                     	;# 
   853     0315                     	;# 
   854     0316                     	;# 
   855     0318                     	;# 
   856     0318                     	;# 
   857     0319                     	;# 
   858     031A                     	;# 
   859     031C                     	;# 
   860     031C                     	;# 
   861     031D                     	;# 
   862     031E                     	;# 
   863     0394                     	;# 
   864     0395                     	;# 
   865     0396                     	;# 
   866     0415                     	;# 
   867     0416                     	;# 
   868     0417                     	;# 
   869     041C                     	;# 
   870     041D                     	;# 
   871     041E                     	;# 
   872     0791                     	;# 
   873     0792                     	;# 
   874     0793                     	;# 
   875     0794                     	;# 
   876     0795                     	;# 
   877     0798                     	;# 
   878     0799                     	;# 
   879     07A0                     	;# 
   880     07A1                     	;# 
   881     07A3                     	;# 
   882     07A4                     	;# 
   883     07A6                     	;# 
   884     07A7                     	;# 
   885     07A9                     	;# 
   886     07AA                     	;# 
   887     0FE4                     	;# 
   888     0FE5                     	;# 
   889     0FE6                     	;# 
   890     0FE7                     	;# 
   891     0FE8                     	;# 
   892     0FE9                     	;# 
   893     0FEA                     	;# 
   894     0FEB                     	;# 
   895     0FED                     	;# 
   896     0FEE                     	;# 
   897     0FEF                     	;# 
   898     0000                     	;# 
   899     0001                     	;# 
   900     0002                     	;# 
   901     0003                     	;# 
   902     0004                     	;# 
   903     0005                     	;# 
   904     0006                     	;# 
   905     0007                     	;# 
   906     0008                     	;# 
   907     0009                     	;# 
   908     000A                     	;# 
   909     000B                     	;# 
   910     000C                     	;# 
   911     000D                     	;# 
   912     000E                     	;# 
   913     0010                     	;# 
   914     0011                     	;# 
   915     0012                     	;# 
   916     0013                     	;# 
   917     0015                     	;# 
   918     0016                     	;# 
   919     0016                     	;# 
   920     0017                     	;# 
   921     0018                     	;# 
   922     0019                     	;# 
   923     001A                     	;# 
   924     001B                     	;# 
   925     001C                     	;# 
   926     001E                     	;# 
   927     001F                     	;# 
   928     008C                     	;# 
   929     008D                     	;# 
   930     008E                     	;# 
   931     0090                     	;# 
   932     0091                     	;# 
   933     0092                     	;# 
   934     0093                     	;# 
   935     0095                     	;# 
   936     0096                     	;# 
   937     0097                     	;# 
   938     0098                     	;# 
   939     0099                     	;# 
   940     009A                     	;# 
   941     009B                     	;# 
   942     009B                     	;# 
   943     009C                     	;# 
   944     009D                     	;# 
   945     009E                     	;# 
   946     010C                     	;# 
   947     010D                     	;# 
   948     010E                     	;# 
   949     0110                     	;# 
   950     0111                     	;# 
   951     0112                     	;# 
   952     0113                     	;# 
   953     0114                     	;# 
   954     0115                     	;# 
   955     0116                     	;# 
   956     0117                     	;# 
   957     0118                     	;# 
   958     0119                     	;# 
   959     011A                     	;# 
   960     011B                     	;# 
   961     011D                     	;# 
   962     018C                     	;# 
   963     018D                     	;# 
   964     0191                     	;# 
   965     0191                     	;# 
   966     0192                     	;# 
   967     0193                     	;# 
   968     0193                     	;# 
   969     0193                     	;# 
   970     0194                     	;# 
   971     0195                     	;# 
   972     0196                     	;# 
   973     0199                     	;# 
   974     019A                     	;# 
   975     019B                     	;# 
   976     019B                     	;# 
   977     019B                     	;# 
   978     019B                     	;# 
   979     019C                     	;# 
   980     019C                     	;# 
   981     019D                     	;# 
   982     019E                     	;# 
   983     019F                     	;# 
   984     020D                     	;# 
   985     0210                     	;# 
   986     0211                     	;# 
   987     0212                     	;# 
   988     0213                     	;# 
   989     0214                     	;# 
   990     0215                     	;# 
   991     0215                     	;# 
   992     0216                     	;# 
   993     0217                     	;# 
   994     0291                     	;# 
   995     0291                     	;# 
   996     0292                     	;# 
   997     0293                     	;# 
   998     0294                     	;# 
   999     0295                     	;# 
  1000     0295                     	;# 
  1001     0296                     	;# 
  1002     0298                     	;# 
  1003     0298                     	;# 
  1004     0299                     	;# 
  1005     029A                     	;# 
  1006     029B                     	;# 
  1007     029C                     	;# 
  1008     029C                     	;# 
  1009     029D                     	;# 
  1010     029E                     	;# 
  1011     029F                     	;# 
  1012     0311                     	;# 
  1013     0311                     	;# 
  1014     0312                     	;# 
  1015     0313                     	;# 
  1016     0314                     	;# 
  1017     0315                     	;# 
  1018     0315                     	;# 
  1019     0316                     	;# 
  1020     0318                     	;# 
  1021     0318                     	;# 
  1022     0319                     	;# 
  1023     031A                     	;# 
  1024     031C                     	;# 
  1025     031C                     	;# 
  1026     031D                     	;# 
  1027     031E                     	;# 
  1028     0394                     	;# 
  1029     0395                     	;# 
  1030     0396                     	;# 
  1031     0415                     	;# 
  1032     0416                     	;# 
  1033     0417                     	;# 
  1034     041C                     	;# 
  1035     041D                     	;# 
  1036     041E                     	;# 
  1037     0791                     	;# 
  1038     0792                     	;# 
  1039     0793                     	;# 
  1040     0794                     	;# 
  1041     0795                     	;# 
  1042     0798                     	;# 
  1043     0799                     	;# 
  1044     07A0                     	;# 
  1045     07A1                     	;# 
  1046     07A3                     	;# 
  1047     07A4                     	;# 
  1048     07A6                     	;# 
  1049     07A7                     	;# 
  1050     07A9                     	;# 
  1051     07AA                     	;# 
  1052     0FE4                     	;# 
  1053     0FE5                     	;# 
  1054     0FE6                     	;# 
  1055     0FE7                     	;# 
  1056     0FE8                     	;# 
  1057     0FE9                     	;# 
  1058     0FEA                     	;# 
  1059     0FEB                     	;# 
  1060     0FED                     	;# 
  1061     0FEE                     	;# 
  1062     0FEF                     	;# 
  1063     0000                     	;# 
  1064     0001                     	;# 
  1065     0002                     	;# 
  1066     0003                     	;# 
  1067     0004                     	;# 
  1068     0005                     	;# 
  1069     0006                     	;# 
  1070     0007                     	;# 
  1071     0008                     	;# 
  1072     0009                     	;# 
  1073     000A                     	;# 
  1074     000B                     	;# 
  1075     000C                     	;# 
  1076     000D                     	;# 
  1077     000E                     	;# 
  1078     0010                     	;# 
  1079     0011                     	;# 
  1080     0012                     	;# 
  1081     0013                     	;# 
  1082     0015                     	;# 
  1083     0016                     	;# 
  1084     0016                     	;# 
  1085     0017                     	;# 
  1086     0018                     	;# 
  1087     0019                     	;# 
  1088     001A                     	;# 
  1089     001B                     	;# 
  1090     001C                     	;# 
  1091     001E                     	;# 
  1092     001F                     	;# 
  1093     008C                     	;# 
  1094     008D                     	;# 
  1095     008E                     	;# 
  1096     0090                     	;# 
  1097     0091                     	;# 
  1098     0092                     	;# 
  1099     0093                     	;# 
  1100     0095                     	;# 
  1101     0096                     	;# 
  1102     0097                     	;# 
  1103     0098                     	;# 
  1104     0099                     	;# 
  1105     009A                     	;# 
  1106     009B                     	;# 
  1107     009B                     	;# 
  1108     009C                     	;# 
  1109     009D                     	;# 
  1110     009E                     	;# 
  1111     010C                     	;# 
  1112     010D                     	;# 
  1113     010E                     	;# 
  1114     0110                     	;# 
  1115     0111                     	;# 
  1116     0112                     	;# 
  1117     0113                     	;# 
  1118     0114                     	;# 
  1119     0115                     	;# 
  1120     0116                     	;# 
  1121     0117                     	;# 
  1122     0118                     	;# 
  1123     0119                     	;# 
  1124     011A                     	;# 
  1125     011B                     	;# 
  1126     011D                     	;# 
  1127     018C                     	;# 
  1128     018D                     	;# 
  1129     0191                     	;# 
  1130     0191                     	;# 
  1131     0192                     	;# 
  1132     0193                     	;# 
  1133     0193                     	;# 
  1134     0193                     	;# 
  1135     0194                     	;# 
  1136     0195                     	;# 
  1137     0196                     	;# 
  1138     0199                     	;# 
  1139     019A                     	;# 
  1140     019B                     	;# 
  1141     019B                     	;# 
  1142     019B                     	;# 
  1143     019B                     	;# 
  1144     019C                     	;# 
  1145     019C                     	;# 
  1146     019D                     	;# 
  1147     019E                     	;# 
  1148     019F                     	;# 
  1149     020D                     	;# 
  1150     0210                     	;# 
  1151     0211                     	;# 
  1152     0212                     	;# 
  1153     0213                     	;# 
  1154     0214                     	;# 
  1155     0215                     	;# 
  1156     0215                     	;# 
  1157     0216                     	;# 
  1158     0217                     	;# 
  1159     0291                     	;# 
  1160     0291                     	;# 
  1161     0292                     	;# 
  1162     0293                     	;# 
  1163     0294                     	;# 
  1164     0295                     	;# 
  1165     0295                     	;# 
  1166     0296                     	;# 
  1167     0298                     	;# 
  1168     0298                     	;# 
  1169     0299                     	;# 
  1170     029A                     	;# 
  1171     029B                     	;# 
  1172     029C                     	;# 
  1173     029C                     	;# 
  1174     029D                     	;# 
  1175     029E                     	;# 
  1176     029F                     	;# 
  1177     0311                     	;# 
  1178     0311                     	;# 
  1179     0312                     	;# 
  1180     0313                     	;# 
  1181     0314                     	;# 
  1182     0315                     	;# 
  1183     0315                     	;# 
  1184     0316                     	;# 
  1185     0318                     	;# 
  1186     0318                     	;# 
  1187     0319                     	;# 
  1188     031A                     	;# 
  1189     031C                     	;# 
  1190     031C                     	;# 
  1191     031D                     	;# 
  1192     031E                     	;# 
  1193     0394                     	;# 
  1194     0395                     	;# 
  1195     0396                     	;# 
  1196     0415                     	;# 
  1197     0416                     	;# 
  1198     0417                     	;# 
  1199     041C                     	;# 
  1200     041D                     	;# 
  1201     041E                     	;# 
  1202     0791                     	;# 
  1203     0792                     	;# 
  1204     0793                     	;# 
  1205     0794                     	;# 
  1206     0795                     	;# 
  1207     0798                     	;# 
  1208     0799                     	;# 
  1209     07A0                     	;# 
  1210     07A1                     	;# 
  1211     07A3                     	;# 
  1212     07A4                     	;# 
  1213     07A6                     	;# 
  1214     07A7                     	;# 
  1215     07A9                     	;# 
  1216     07AA                     	;# 
  1217     0FE4                     	;# 
  1218     0FE5                     	;# 
  1219     0FE6                     	;# 
  1220     0FE7                     	;# 
  1221     0FE8                     	;# 
  1222     0FE9                     	;# 
  1223     0FEA                     	;# 
  1224     0FEB                     	;# 
  1225     0FED                     	;# 
  1226     0FEE                     	;# 
  1227     0FEF                     	;# 
  1228     0000                     	;# 
  1229     0001                     	;# 
  1230     0002                     	;# 
  1231     0003                     	;# 
  1232     0004                     	;# 
  1233     0005                     	;# 
  1234     0006                     	;# 
  1235     0007                     	;# 
  1236     0008                     	;# 
  1237     0009                     	;# 
  1238     000A                     	;# 
  1239     000B                     	;# 
  1240     000C                     	;# 
  1241     000D                     	;# 
  1242     000E                     	;# 
  1243     0010                     	;# 
  1244     0011                     	;# 
  1245     0012                     	;# 
  1246     0013                     	;# 
  1247     0015                     	;# 
  1248     0016                     	;# 
  1249     0016                     	;# 
  1250     0017                     	;# 
  1251     0018                     	;# 
  1252     0019                     	;# 
  1253     001A                     	;# 
  1254     001B                     	;# 
  1255     001C                     	;# 
  1256     001E                     	;# 
  1257     001F                     	;# 
  1258     008C                     	;# 
  1259     008D                     	;# 
  1260     008E                     	;# 
  1261     0090                     	;# 
  1262     0091                     	;# 
  1263     0092                     	;# 
  1264     0093                     	;# 
  1265     0095                     	;# 
  1266     0096                     	;# 
  1267     0097                     	;# 
  1268     0098                     	;# 
  1269     0099                     	;# 
  1270     009A                     	;# 
  1271     009B                     	;# 
  1272     009B                     	;# 
  1273     009C                     	;# 
  1274     009D                     	;# 
  1275     009E                     	;# 
  1276     010C                     	;# 
  1277     010D                     	;# 
  1278     010E                     	;# 
  1279     0110                     	;# 
  1280     0111                     	;# 
  1281     0112                     	;# 
  1282     0113                     	;# 
  1283     0114                     	;# 
  1284     0115                     	;# 
  1285     0116                     	;# 
  1286     0117                     	;# 
  1287     0118                     	;# 
  1288     0119                     	;# 
  1289     011A                     	;# 
  1290     011B                     	;# 
  1291     011D                     	;# 
  1292     018C                     	;# 
  1293     018D                     	;# 
  1294     0191                     	;# 
  1295     0191                     	;# 
  1296     0192                     	;# 
  1297     0193                     	;# 
  1298     0193                     	;# 
  1299     0193                     	;# 
  1300     0194                     	;# 
  1301     0195                     	;# 
  1302     0196                     	;# 
  1303     0199                     	;# 
  1304     019A                     	;# 
  1305     019B                     	;# 
  1306     019B                     	;# 
  1307     019B                     	;# 
  1308     019B                     	;# 
  1309     019C                     	;# 
  1310     019C                     	;# 
  1311     019D                     	;# 
  1312     019E                     	;# 
  1313     019F                     	;# 
  1314     020D                     	;# 
  1315     0210                     	;# 
  1316     0211                     	;# 
  1317     0212                     	;# 
  1318     0213                     	;# 
  1319     0214                     	;# 
  1320     0215                     	;# 
  1321     0215                     	;# 
  1322     0216                     	;# 
  1323     0217                     	;# 
  1324     0291                     	;# 
  1325     0291                     	;# 
  1326     0292                     	;# 
  1327     0293                     	;# 
  1328     0294                     	;# 
  1329     0295                     	;# 
  1330     0295                     	;# 
  1331     0296                     	;# 
  1332     0298                     	;# 
  1333     0298                     	;# 
  1334     0299                     	;# 
  1335     029A                     	;# 
  1336     029B                     	;# 
  1337     029C                     	;# 
  1338     029C                     	;# 
  1339     029D                     	;# 
  1340     029E                     	;# 
  1341     029F                     	;# 
  1342     0311                     	;# 
  1343     0311                     	;# 
  1344     0312                     	;# 
  1345     0313                     	;# 
  1346     0314                     	;# 
  1347     0315                     	;# 
  1348     0315                     	;# 
  1349     0316                     	;# 
  1350     0318                     	;# 
  1351     0318                     	;# 
  1352     0319                     	;# 
  1353     031A                     	;# 
  1354     031C                     	;# 
  1355     031C                     	;# 
  1356     031D                     	;# 
  1357     031E                     	;# 
  1358     0394                     	;# 
  1359     0395                     	;# 
  1360     0396                     	;# 
  1361     0415                     	;# 
  1362     0416                     	;# 
  1363     0417                     	;# 
  1364     041C                     	;# 
  1365     041D                     	;# 
  1366     041E                     	;# 
  1367     0791                     	;# 
  1368     0792                     	;# 
  1369     0793                     	;# 
  1370     0794                     	;# 
  1371     0795                     	;# 
  1372     0798                     	;# 
  1373     0799                     	;# 
  1374     07A0                     	;# 
  1375     07A1                     	;# 
  1376     07A3                     	;# 
  1377     07A4                     	;# 
  1378     07A6                     	;# 
  1379     07A7                     	;# 
  1380     07A9                     	;# 
  1381     07AA                     	;# 
  1382     0FE4                     	;# 
  1383     0FE5                     	;# 
  1384     0FE6                     	;# 
  1385     0FE7                     	;# 
  1386     0FE8                     	;# 
  1387     0FE9                     	;# 
  1388     0FEA                     	;# 
  1389     0FEB                     	;# 
  1390     0FED                     	;# 
  1391     0FEE                     	;# 
  1392     0FEF                     	;# 
  1393     0000                     	;# 
  1394     0001                     	;# 
  1395     0002                     	;# 
  1396     0003                     	;# 
  1397     0004                     	;# 
  1398     0005                     	;# 
  1399     0006                     	;# 
  1400     0007                     	;# 
  1401     0008                     	;# 
  1402     0009                     	;# 
  1403     000A                     	;# 
  1404     000B                     	;# 
  1405     000C                     	;# 
  1406     000D                     	;# 
  1407     000E                     	;# 
  1408     0010                     	;# 
  1409     0011                     	;# 
  1410     0012                     	;# 
  1411     0013                     	;# 
  1412     0015                     	;# 
  1413     0016                     	;# 
  1414     0016                     	;# 
  1415     0017                     	;# 
  1416     0018                     	;# 
  1417     0019                     	;# 
  1418     001A                     	;# 
  1419     001B                     	;# 
  1420     001C                     	;# 
  1421     001E                     	;# 
  1422     001F                     	;# 
  1423     008C                     	;# 
  1424     008D                     	;# 
  1425     008E                     	;# 
  1426     0090                     	;# 
  1427     0091                     	;# 
  1428     0092                     	;# 
  1429     0093                     	;# 
  1430     0095                     	;# 
  1431     0096                     	;# 
  1432     0097                     	;# 
  1433     0098                     	;# 
  1434     0099                     	;# 
  1435     009A                     	;# 
  1436     009B                     	;# 
  1437     009B                     	;# 
  1438     009C                     	;# 
  1439     009D                     	;# 
  1440     009E                     	;# 
  1441     010C                     	;# 
  1442     010D                     	;# 
  1443     010E                     	;# 
  1444     0110                     	;# 
  1445     0111                     	;# 
  1446     0112                     	;# 
  1447     0113                     	;# 
  1448     0114                     	;# 
  1449     0115                     	;# 
  1450     0116                     	;# 
  1451     0117                     	;# 
  1452     0118                     	;# 
  1453     0119                     	;# 
  1454     011A                     	;# 
  1455     011B                     	;# 
  1456     011D                     	;# 
  1457     018C                     	;# 
  1458     018D                     	;# 
  1459     0191                     	;# 
  1460     0191                     	;# 
  1461     0192                     	;# 
  1462     0193                     	;# 
  1463     0193                     	;# 
  1464     0193                     	;# 
  1465     0194                     	;# 
  1466     0195                     	;# 
  1467     0196                     	;# 
  1468     0199                     	;# 
  1469     019A                     	;# 
  1470     019B                     	;# 
  1471     019B                     	;# 
  1472     019B                     	;# 
  1473     019B                     	;# 
  1474     019C                     	;# 
  1475     019C                     	;# 
  1476     019D                     	;# 
  1477     019E                     	;# 
  1478     019F                     	;# 
  1479     020D                     	;# 
  1480     0210                     	;# 
  1481     0211                     	;# 
  1482     0212                     	;# 
  1483     0213                     	;# 
  1484     0214                     	;# 
  1485     0215                     	;# 
  1486     0215                     	;# 
  1487     0216                     	;# 
  1488     0217                     	;# 
  1489     0291                     	;# 
  1490     0291                     	;# 
  1491     0292                     	;# 
  1492     0293                     	;# 
  1493     0294                     	;# 
  1494     0295                     	;# 
  1495     0295                     	;# 
  1496     0296                     	;# 
  1497     0298                     	;# 
  1498     0298                     	;# 
  1499     0299                     	;# 
  1500     029A                     	;# 
  1501     029B                     	;# 
  1502     029C                     	;# 
  1503     029C                     	;# 
  1504     029D                     	;# 
  1505     029E                     	;# 
  1506     029F                     	;# 
  1507     0311                     	;# 
  1508     0311                     	;# 
  1509     0312                     	;# 
  1510     0313                     	;# 
  1511     0314                     	;# 
  1512     0315                     	;# 
  1513     0315                     	;# 
  1514     0316                     	;# 
  1515     0318                     	;# 
  1516     0318                     	;# 
  1517     0319                     	;# 
  1518     031A                     	;# 
  1519     031C                     	;# 
  1520     031C                     	;# 
  1521     031D                     	;# 
  1522     031E                     	;# 
  1523     0394                     	;# 
  1524     0395                     	;# 
  1525     0396                     	;# 
  1526     0415                     	;# 
  1527     0416                     	;# 
  1528     0417                     	;# 
  1529     041C                     	;# 
  1530     041D                     	;# 
  1531     041E                     	;# 
  1532     0791                     	;# 
  1533     0792                     	;# 
  1534     0793                     	;# 
  1535     0794                     	;# 
  1536     0795                     	;# 
  1537     0798                     	;# 
  1538     0799                     	;# 
  1539     07A0                     	;# 
  1540     07A1                     	;# 
  1541     07A3                     	;# 
  1542     07A4                     	;# 
  1543     07A6                     	;# 
  1544     07A7                     	;# 
  1545     07A9                     	;# 
  1546     07AA                     	;# 
  1547     0FE4                     	;# 
  1548     0FE5                     	;# 
  1549     0FE6                     	;# 
  1550     0FE7                     	;# 
  1551     0FE8                     	;# 
  1552     0FE9                     	;# 
  1553     0FEA                     	;# 
  1554     0FEB                     	;# 
  1555     0FED                     	;# 
  1556     0FEE                     	;# 
  1557     0FEF                     	;# 
  1558     0000                     	;# 
  1559     0001                     	;# 
  1560     0002                     	;# 
  1561     0003                     	;# 
  1562     0004                     	;# 
  1563     0005                     	;# 
  1564     0006                     	;# 
  1565     0007                     	;# 
  1566     0008                     	;# 
  1567     0009                     	;# 
  1568     000A                     	;# 
  1569     000B                     	;# 
  1570     000C                     	;# 
  1571     000D                     	;# 
  1572     000E                     	;# 
  1573     0010                     	;# 
  1574     0011                     	;# 
  1575     0012                     	;# 
  1576     0013                     	;# 
  1577     0015                     	;# 
  1578     0016                     	;# 
  1579     0016                     	;# 
  1580     0017                     	;# 
  1581     0018                     	;# 
  1582     0019                     	;# 
  1583     001A                     	;# 
  1584     001B                     	;# 
  1585     001C                     	;# 
  1586     001E                     	;# 
  1587     001F                     	;# 
  1588     008C                     	;# 
  1589     008D                     	;# 
  1590     008E                     	;# 
  1591     0090                     	;# 
  1592     0091                     	;# 
  1593     0092                     	;# 
  1594     0093                     	;# 
  1595     0095                     	;# 
  1596     0096                     	;# 
  1597     0097                     	;# 
  1598     0098                     	;# 
  1599     0099                     	;# 
  1600     009A                     	;# 
  1601     009B                     	;# 
  1602     009B                     	;# 
  1603     009C                     	;# 
  1604     009D                     	;# 
  1605     009E                     	;# 
  1606     010C                     	;# 
  1607     010D                     	;# 
  1608     010E                     	;# 
  1609     0110                     	;# 
  1610     0111                     	;# 
  1611     0112                     	;# 
  1612     0113                     	;# 
  1613     0114                     	;# 
  1614     0115                     	;# 
  1615     0116                     	;# 
  1616     0117                     	;# 
  1617     0118                     	;# 
  1618     0119                     	;# 
  1619     011A                     	;# 
  1620     011B                     	;# 
  1621     011D                     	;# 
  1622     018C                     	;# 
  1623     018D                     	;# 
  1624     0191                     	;# 
  1625     0191                     	;# 
  1626     0192                     	;# 
  1627     0193                     	;# 
  1628     0193                     	;# 
  1629     0193                     	;# 
  1630     0194                     	;# 
  1631     0195                     	;# 
  1632     0196                     	;# 
  1633     0199                     	;# 
  1634     019A                     	;# 
  1635     019B                     	;# 
  1636     019B                     	;# 
  1637     019B                     	;# 
  1638     019B                     	;# 
  1639     019C                     	;# 
  1640     019C                     	;# 
  1641     019D                     	;# 
  1642     019E                     	;# 
  1643     019F                     	;# 
  1644     020D                     	;# 
  1645     0210                     	;# 
  1646     0211                     	;# 
  1647     0212                     	;# 
  1648     0213                     	;# 
  1649     0214                     	;# 
  1650     0215                     	;# 
  1651     0215                     	;# 
  1652     0216                     	;# 
  1653     0217                     	;# 
  1654     0291                     	;# 
  1655     0291                     	;# 
  1656     0292                     	;# 
  1657     0293                     	;# 
  1658     0294                     	;# 
  1659     0295                     	;# 
  1660     0295                     	;# 
  1661     0296                     	;# 
  1662     0298                     	;# 
  1663     0298                     	;# 
  1664     0299                     	;# 
  1665     029A                     	;# 
  1666     029B                     	;# 
  1667     029C                     	;# 
  1668     029C                     	;# 
  1669     029D                     	;# 
  1670     029E                     	;# 
  1671     029F                     	;# 
  1672     0311                     	;# 
  1673     0311                     	;# 
  1674     0312                     	;# 
  1675     0313                     	;# 
  1676     0314                     	;# 
  1677     0315                     	;# 
  1678     0315                     	;# 
  1679     0316                     	;# 
  1680     0318                     	;# 
  1681     0318                     	;# 
  1682     0319                     	;# 
  1683     031A                     	;# 
  1684     031C                     	;# 
  1685     031C                     	;# 
  1686     031D                     	;# 
  1687     031E                     	;# 
  1688     0394                     	;# 
  1689     0395                     	;# 
  1690     0396                     	;# 
  1691     0415                     	;# 
  1692     0416                     	;# 
  1693     0417                     	;# 
  1694     041C                     	;# 
  1695     041D                     	;# 
  1696     041E                     	;# 
  1697     0791                     	;# 
  1698     0792                     	;# 
  1699     0793                     	;# 
  1700     0794                     	;# 
  1701     0795                     	;# 
  1702     0798                     	;# 
  1703     0799                     	;# 
  1704     07A0                     	;# 
  1705     07A1                     	;# 
  1706     07A3                     	;# 
  1707     07A4                     	;# 
  1708     07A6                     	;# 
  1709     07A7                     	;# 
  1710     07A9                     	;# 
  1711     07AA                     	;# 
  1712     0FE4                     	;# 
  1713     0FE5                     	;# 
  1714     0FE6                     	;# 
  1715     0FE7                     	;# 
  1716     0FE8                     	;# 
  1717     0FE9                     	;# 
  1718     0FEA                     	;# 
  1719     0FEB                     	;# 
  1720     0FED                     	;# 
  1721     0FEE                     	;# 
  1722     0FEF                     	;# 
  1723                           
  1724                           	psect	idataBANK1
  1725     0305                     __pidataBANK1:
  1726                           
  1727                           ;initializer for _CS
  1728     0305  344C               	retlw	76
  1729     0306  349F               	retlw	159
  1730     0307  34ED               	retlw	237
  1731     0308  343E               	retlw	62
  1732     0309  3466               	retlw	102
  1733     030A  34B5               	retlw	181
  1734     030B  34C7               	retlw	199
  1735     030C  3414               	retlw	20
  1736     030D  3459               	retlw	89
  1737     030E  348A               	retlw	138
  1738     030F  34F8               	retlw	248
  1739     0310  342B               	retlw	43
  1740     0311  3473               	retlw	115
  1741     0312  34A0               	retlw	160
  1742     0313  34D2               	retlw	210
  1743     0314  3401               	retlw	1
  1744     0315  348E               	retlw	142
  1745     0316  345D               	retlw	93
  1746     0317  342F               	retlw	47
  1747     0318  34FC               	retlw	252
  1748     0319  34A4               	retlw	164
  1749     031A  3477               	retlw	119
  1750     031B  3405               	retlw	5
  1751     031C  34D6               	retlw	214
  1752     031D  349B               	retlw	155
  1753     031E  3448               	retlw	72
  1754     031F  343A               	retlw	58
  1755     0320  34E9               	retlw	233
  1756     0321  34B1               	retlw	177
  1757     0322  3462               	retlw	98
  1758     0323  3410               	retlw	16
  1759     0324  34C3               	retlw	195
  1760     0325  342D               	retlw	45
  1761     0326  34FE               	retlw	254
  1762     0327  348C               	retlw	140
  1763     0328  345F               	retlw	95
  1764     0329  3407               	retlw	7
  1765     032A  34D4               	retlw	212
  1766     032B  34A6               	retlw	166
  1767     032C  3475               	retlw	117
  1768     032D  3438               	retlw	56
  1769     032E  34EB               	retlw	235
  1770     032F  3499               	retlw	153
  1771     0330  344A               	retlw	74
  1772     0331  3412               	retlw	18
  1773     0332  34C1               	retlw	193
  1774     0333  34B3               	retlw	179
  1775     0334  3460               	retlw	96
  1776     0335  34EF               	retlw	239
  1777     0336  343C               	retlw	60
  1778     0337  344E               	retlw	78
  1779     0338  349D               	retlw	157
  1780     0339  34C5               	retlw	197
  1781     033A  3416               	retlw	22
  1782     033B  3464               	retlw	100
  1783     033C  34B7               	retlw	183
  1784     033D  34FA               	retlw	250
  1785     033E  3429               	retlw	41
  1786     033F  345B               	retlw	91
  1787     0340  3488               	retlw	136
  1788     0341  34D0               	retlw	208
  1789     0342  3403               	retlw	3
  1790     0343  3471               	retlw	113
  1791     0344  34A2               	retlw	162
  1792     001C                     _T2CONbits	set	28
  1793     001C                     _T2CON	set	28
  1794     001A                     _TMR2	set	26
  1795     001B                     _PR2	set	27
  1796     0015                     _TMR0	set	21
  1797     0019                     _T1GCONbits	set	25
  1798     0018                     _T1CONbits	set	24
  1799     0018                     _T1CON	set	24
  1800     0011                     _PIR1bits	set	17
  1801     0016                     _TMR1L	set	22
  1802     0017                     _TMR1H	set	23
  1803     0019                     _T1GCON	set	25
  1804     0013                     _PIR3bits	set	19
  1805     000B                     _INTCONbits	set	11
  1806     0095                     _OPTION_REG	set	149
  1807     0095                     _OPTION_REGbits	set	149
  1808     008E                     _TRISC	set	142
  1809     008D                     _TRISB	set	141
  1810     008C                     _TRISA	set	140
  1811     0090                     _TRISE	set	144
  1812     0093                     _PIE3bits	set	147
  1813     0097                     _WDTCON	set	151
  1814     0098                     _OSCTUNE	set	152
  1815     0099                     _OSCCON	set	153
  1816     04D6                     _PLLR	set	1238
  1817     010D                     _LATBbits	set	269
  1818     010C                     _LATAbits	set	268
  1819     011D                     _APFCON	set	285
  1820     010E                     _LATC	set	270
  1821     010D                     _LATB	set	269
  1822     010C                     _LATA	set	268
  1823     0110                     _LATE	set	272
  1824     0116                     _BORCON	set	278
  1825     018C                     _ANSELA	set	396
  1826     018D                     _ANSELB	set	397
  1827     020D                     _WPUB	set	525
  1828     0210                     _WPUE	set	528
  1829     029E                     _CCPTMRS0bits	set	670
  1830     0298                     _CCPR2L	set	664
  1831     0299                     _CCPR2H	set	665
  1832     029D                     _PSTR2CON	set	669
  1833     029B                     _PWM2CON	set	667
  1834     029C                     _ECCP2AS	set	668
  1835     029A                     _CCP2CON	set	666
  1836     0311                     _CCPR3L	set	785
  1837     0312                     _CCPR3H	set	786
  1838     0313                     _CCP3CON	set	787
  1839                           
  1840                           	psect	cinit
  1841     0028                     start_initialization:	
  1842                           ; #config settings
  1843                           
  1844     0028                     __initialization:
  1845                           
  1846                           ; Initialize objects allocated to BANK1
  1847     0028  3005               	movlw	low __pidataBANK1
  1848     0029  0084               	movwf	4
  1849     002A  3083               	movlw	(high __pidataBANK1)| (0+128)
  1850     002B  0085               	movwf	5
  1851     002C  30A0               	movlw	low __pdataBANK1
  1852     002D  0086               	movwf	6
  1853     002E  3000               	movlw	high __pdataBANK1
  1854     002F  0087               	movwf	7
  1855     0030  3040               	movlw	64
  1856     0031  3184  24B4  3180   	fcall	init_ram
  1857                           
  1858                           ; Clear objects allocated to COMMON
  1859     0034  01F0               	clrf	__pbssCOMMON& (0+127)
  1860     0035  01F1               	clrf	(__pbssCOMMON+1)& (0+127)
  1861     0036  01F2               	clrf	(__pbssCOMMON+2)& (0+127)
  1862     0037  01F3               	clrf	(__pbssCOMMON+3)& (0+127)
  1863     0038  01F4               	clrf	(__pbssCOMMON+4)& (0+127)
  1864     0039  01F5               	clrf	(__pbssCOMMON+5)& (0+127)
  1865                           
  1866                           ; Clear objects allocated to BANK0
  1867     003A  3020               	movlw	low __pbssBANK0
  1868     003B  0084               	movwf	4
  1869     003C  3000               	movlw	high __pbssBANK0
  1870     003D  0085               	movwf	5
  1871     003E  3024               	movlw	36
  1872     003F  3184  24BA  3180   	fcall	clear_ram0
  1873     0042                     end_of_initialization:	
  1874                           ;End of C runtime variable initialization code
  1875                           
  1876     0042                     __end_of__initialization:
  1877     0042  107E               	bcf	int$flags,0	;clear compiler interrupt flag (level 1)
  1878     0043  0020               	movlb	0
  1879     0044  3183  2B45         	ljmp	_main	;jump to C main() function
  1880                           
  1881                           	psect	bssCOMMON
  1882     0070                     __pbssCOMMON:
  1883     0070                     ECCP3_CallBack@falling_edge_time:
  1884     0070                     	ds	2
  1885     0072                     ECCP3_CallBack@HI_us:
  1886     0072                     	ds	1
  1887     0073                     _D2:
  1888     0073                     	ds	1
  1889     0074                     _rx_data:
  1890     0074                     	ds	1
  1891     0075                     _timer0ReloadVal:
  1892     0075                     	ds	1
  1893                           
  1894                           	psect	bssBANK0
  1895     0020                     __pbssBANK0:
  1896     0020                     _data_buf:
  1897     0020                     	ds	11
  1898     002B                     ECCP3_CallBack@rising_edge_time:
  1899     002B                     	ds	2
  1900     002D                     ECCP3_CallBack@pluse_width_HI:
  1901     002D                     	ds	2
  1902     002F                     ECCP3_CallBack@pluse_width_LO:
  1903     002F                     	ds	2
  1904     0031                     TMR0_ISR@CountCallBack:
  1905     0031                     	ds	2
  1906     0033                     _TMR0_InterruptHandler:
  1907     0033                     	ds	2
  1908     0035                     _timer1ReloadVal:
  1909     0035                     	ds	2
  1910     0037                     ECCP3_CallBack@data_cnt:
  1911     0037                     	ds	1
  1912     0038                     ECCP3_CallBack@fHead:
  1913     0038                     	ds	1
  1914     0039                     ECCP3_CallBack@rise_edge_flag:
  1915     0039                     	ds	1
  1916     003A                     ECCP3_CallBack@diff_us:
  1917     003A                     	ds	1
  1918     003B                     ECCP3_CallBack@LO_us:
  1919     003B                     	ds	1
  1920     003C                     _fException2:
  1921     003C                     	ds	1
  1922     003D                     _fException:
  1923     003D                     	ds	1
  1924     003E                     _T10MS_CNT:
  1925     003E                     	ds	1
  1926     003F                     _csFlag:
  1927     003F                     	ds	1
  1928     0040                     _D3:
  1929     0040                     	ds	1
  1930     0041                     _step:
  1931     0041                     	ds	1
  1932     0042                     _fFrame_OK:
  1933     0042                     	ds	1
  1934     0043                     _data_1byte_OK:
  1935     0043                     	ds	1
  1936                           
  1937                           	psect	dataBANK1
  1938     00A0                     __pdataBANK1:
  1939     00A0                     _CS:
  1940     00A0                     	ds	64
  1941                           
  1942                           	psect	inittext
  1943     04B4                     init_ram:
  1944     04B4  00FE               	movwf	btemp
  1945     04B5                     initloop:
  1946     04B5  0012               	moviw fsr0++
  1947     04B6  001E               	movwi fsr1++
  1948     04B7  0BFE               	decfsz	btemp,f
  1949     04B8  2CB5               	goto	initloop
  1950     04B9  3400               	retlw	0
  1951                           
  1952                           	psect	clrtext
  1953     04BA                     clear_ram0:	
  1954                           ;	Called with FSR0 containing the base address, and
  1955                           ;	WREG with the size to clear
  1956                           
  1957     04BA  0064               	clrwdt	;clear the watchdog before getting into this loop
  1958     04BB                     clrloop0:
  1959     04BB  0180               	clrf	0	;clear RAM location pointed to by FSR
  1960     04BC  3101               	addfsr 0,1
  1961     04BD  0B89               	decfsz	9,f	;Have we reached the end of clearing yet?
  1962     04BE  2CBB               	goto	clrloop0	;have we reached the end yet?
  1963     04BF  3400               	retlw	0	;all done for this memory range, return
  1964                           
  1965                           	psect	cstackCOMMON
  1966     0076                     __pcstackCOMMON:
  1967     0076                     ?_PIN_MANAGER_Initialize:
  1968     0076                     ?_OSCILLATOR_Initialize:	
  1969                           ; 1 bytes @ 0x0
  1970                           
  1971     0076                     ?_WDT_Initialize:	
  1972                           ; 1 bytes @ 0x0
  1973                           
  1974     0076                     ?_EPWM2_Initialize:	
  1975                           ; 1 bytes @ 0x0
  1976                           
  1977     0076                     ?_ECCP3_Initialize:	
  1978                           ; 1 bytes @ 0x0
  1979                           
  1980     0076                     ?_TMR2_Initialize:	
  1981                           ; 1 bytes @ 0x0
  1982                           
  1983     0076                     ?_TMR1_Initialize:	
  1984                           ; 1 bytes @ 0x0
  1985                           
  1986     0076                     ?_TMR0_Initialize:	
  1987                           ; 1 bytes @ 0x0
  1988                           
  1989     0076                     ?_TMR0_ISR:	
  1990                           ; 1 bytes @ 0x0
  1991                           
  1992     0076                     ?_ECCP3_CaptureISR:	
  1993                           ; 1 bytes @ 0x0
  1994                           
  1995     0076                     ?_TMR0_DefaultInterruptHandler:	
  1996                           ; 1 bytes @ 0x0
  1997                           
  1998     0076                     ??_TMR0_DefaultInterruptHandler:	
  1999                           ; 1 bytes @ 0x0
  2000                           
  2001     0076                     ?_TMR0_CallBack:	
  2002                           ; 1 bytes @ 0x0
  2003                           
  2004     0076                     ?_ECCP3_CallBack:	
  2005                           ; 1 bytes @ 0x0
  2006                           
  2007     0076                     ?_SYSTEM_Initialize:	
  2008                           ; 1 bytes @ 0x0
  2009                           
  2010     0076                     ?_INTERRUPT_InterruptManager:	
  2011                           ; 1 bytes @ 0x0
  2012                           
  2013     0076                     ?_Exception_handling:	
  2014                           ; 1 bytes @ 0x0
  2015                           
  2016     0076                     ?_LED_output:	
  2017                           ; 1 bytes @ 0x0
  2018                           
  2019     0076                     ?_check_input:	
  2020                           ; 1 bytes @ 0x0
  2021                           
  2022     0076                     ?_getFrameData:	
  2023                           ; 1 bytes @ 0x0
  2024                           
  2025     0076                     ?_TMR0_EvenHandler:	
  2026                           ; 1 bytes @ 0x0
  2027                           
  2028     0076                     ??_TMR0_EvenHandler:	
  2029                           ; 1 bytes @ 0x0
  2030                           
  2031     0076                     ?_main:	
  2032                           ; 1 bytes @ 0x0
  2033                           
  2034     0076                     ECCP3_CallBack@capturedValue:	
  2035                           ; 1 bytes @ 0x0
  2036                           
  2037                           
  2038                           ; 2 bytes @ 0x0
  2039     0076                     	ds	1
  2040     0077                     ??_TMR0_ISR:
  2041     0077                     ??_TMR0_CallBack:	
  2042                           ; 1 bytes @ 0x1
  2043                           
  2044                           
  2045                           ; 1 bytes @ 0x1
  2046     0077                     	ds	1
  2047     0078                     ??_ECCP3_CallBack:
  2048                           
  2049                           ; 1 bytes @ 0x2
  2050     0078                     	ds	2
  2051     007A                     ??_ECCP3_CaptureISR:
  2052     007A                     ECCP3_CaptureISR@module:	
  2053                           ; 1 bytes @ 0x4
  2054                           
  2055                           
  2056                           ; 2 bytes @ 0x4
  2057     007A                     	ds	2
  2058     007C                     ??_INTERRUPT_InterruptManager:
  2059                           
  2060                           	psect	cstackBANK0
  2061     0044                     __pcstackBANK0:	
  2062                           ; 1 bytes @ 0x6
  2063                           
  2064     0044                     ??_PIN_MANAGER_Initialize:
  2065     0044                     ??_OSCILLATOR_Initialize:	
  2066                           ; 1 bytes @ 0x0
  2067                           
  2068     0044                     ??_WDT_Initialize:	
  2069                           ; 1 bytes @ 0x0
  2070                           
  2071     0044                     ??_EPWM2_Initialize:	
  2072                           ; 1 bytes @ 0x0
  2073                           
  2074     0044                     ??_ECCP3_Initialize:	
  2075                           ; 1 bytes @ 0x0
  2076                           
  2077     0044                     ??_TMR2_Initialize:	
  2078                           ; 1 bytes @ 0x0
  2079                           
  2080     0044                     ??_TMR1_Initialize:	
  2081                           ; 1 bytes @ 0x0
  2082                           
  2083     0044                     ?_TMR0_SetInterruptHandler:	
  2084                           ; 1 bytes @ 0x0
  2085                           
  2086     0044                     ?_EPWM2_LoadDutyValue:	
  2087                           ; 1 bytes @ 0x0
  2088                           
  2089     0044                     ??_check_input:	
  2090                           ; 1 bytes @ 0x0
  2091                           
  2092     0044                     ??_getFrameData:	
  2093                           ; 1 bytes @ 0x0
  2094                           
  2095     0044                     TMR0_SetInterruptHandler@InterruptHandler:	
  2096                           ; 1 bytes @ 0x0
  2097                           
  2098     0044                     EPWM2_LoadDutyValue@dutyValue:	
  2099                           ; 2 bytes @ 0x0
  2100                           
  2101                           
  2102                           ; 2 bytes @ 0x0
  2103     0044                     	ds	2
  2104     0046                     ??_TMR0_Initialize:
  2105     0046                     ??_TMR0_SetInterruptHandler:	
  2106                           ; 1 bytes @ 0x2
  2107                           
  2108     0046                     ??_SYSTEM_Initialize:	
  2109                           ; 1 bytes @ 0x2
  2110                           
  2111     0046                     ??_EPWM2_LoadDutyValue:	
  2112                           ; 1 bytes @ 0x2
  2113                           
  2114                           
  2115                           ; 1 bytes @ 0x2
  2116     0046                     	ds	2
  2117     0048                     ??_Exception_handling:
  2118     0048                     ??_LED_output:	
  2119                           ; 1 bytes @ 0x4
  2120                           
  2121                           
  2122                           ; 1 bytes @ 0x4
  2123     0048                     	ds	1
  2124     0049                     LED_output@crc8:
  2125                           
  2126                           ; 1 bytes @ 0x5
  2127     0049                     	ds	1
  2128     004A                     LED_output@i:
  2129                           
  2130                           ; 1 bytes @ 0x6
  2131     004A                     	ds	1
  2132     004B                     ??_main:
  2133                           
  2134                           	psect	maintext
  2135     0345                     __pmaintext:	
  2136                           ; 1 bytes @ 0x7
  2137 ;;
  2138 ;;Main: autosize = 0, tempsize = 0, incstack = 0, save=0
  2139 ;;
  2140 ;; *************** function _main *****************
  2141 ;; Defined at:
  2142 ;;		line 561 in file "main.c"
  2143 ;; Parameters:    Size  Location     Type
  2144 ;;		None
  2145 ;; Auto vars:     Size  Location     Type
  2146 ;;		None
  2147 ;; Return value:  Size  Location     Type
  2148 ;;                  1    wreg      void 
  2149 ;; Registers used:
  2150 ;;		wreg, fsr0l, fsr0h, fsr1l, fsr1h, status,2, status,0, pclath, cstack
  2151 ;; Tracked objects:
  2152 ;;		On entry : B1F/0
  2153 ;;		On exit  : 0/0
  2154 ;;		Unchanged: 0/0
  2155 ;; Data sizes:     COMMON   BANK0   BANK1   BANK2   BANK3   BANK4   BANK5   BANK6
  2156 ;;      Params:         0       0       0       0       0       0       0       0
  2157 ;;      Locals:         0       0       0       0       0       0       0       0
  2158 ;;      Temps:          0       0       0       0       0       0       0       0
  2159 ;;      Totals:         0       0       0       0       0       0       0       0
  2160 ;;Total ram usage:        0 bytes
  2161 ;; Hardware stack levels required when called: 7
  2162 ;; This function calls:
  2163 ;;		_EPWM2_LoadDutyValue
  2164 ;;		_Exception_handling
  2165 ;;		_LED_output
  2166 ;;		_SYSTEM_Initialize
  2167 ;;		_TMR0_SetInterruptHandler
  2168 ;;		_check_input
  2169 ;;		_getFrameData
  2170 ;; This function is called by:
  2171 ;;		Startup code after reset
  2172 ;; This function uses a non-reentrant model
  2173 ;;
  2174                           
  2175     0345                     _main:	
  2176                           ;psect for function _main
  2177                           
  2178     0345                     l2340:	
  2179                           ;incstack = 0
  2180                           ; Regs used in _main: [wreg-fsr1h+status,2+status,0+pclath+cstack]
  2181                           
  2182                           
  2183                           ;main.c: 563:   SYSTEM_Initialize();
  2184     0345  3184  240C  3183   	fcall	_SYSTEM_Initialize
  2185                           
  2186                           ;main.c: 564:   TMR0_SetInterruptHandler(TMR0_EvenHandler);
  2187     0348  3051               	movlw	low _TMR0_EvenHandler
  2188     0349  0020               	movlb	0	; select bank0
  2189     034A  00C4               	movwf	TMR0_SetInterruptHandler@InterruptHandler
  2190     034B  3004               	movlw	high _TMR0_EvenHandler
  2191     034C  00C5               	movwf	TMR0_SetInterruptHandler@InterruptHandler+1
  2192     034D  3184  24C0  3183   	fcall	_TMR0_SetInterruptHandler
  2193     0350                     l2342:
  2194                           
  2195                           ;main.c: 570:   (INTCONbits.GIE = 1);
  2196     0350  178B               	bsf	11,7	;volatile
  2197     0351                     l2344:
  2198                           
  2199                           ;main.c: 573:   (INTCONbits.PEIE = 1);
  2200     0351  170B               	bsf	11,6	;volatile
  2201                           
  2202                           ;main.c: 580:   EPWM2_LoadDutyValue(0);
  2203     0352  3000               	movlw	0
  2204     0353  0020               	movlb	0	; select bank0
  2205     0354  00C4               	movwf	EPWM2_LoadDutyValue@dutyValue
  2206     0355  00C5               	movwf	EPWM2_LoadDutyValue@dutyValue+1
  2207     0356  3183  23F0  3183   	fcall	_EPWM2_LoadDutyValue
  2208     0359                     l2346:
  2209     0359  0022               	movlb	2	; select bank2
  2210     035A  100C               	bcf	12,0	;volatile
  2211     035B                     l2348:
  2212                           
  2213                           ;main.c: 584:     getFrameData();
  2214     035B  3182  2294  3183   	fcall	_getFrameData
  2215     035E                     l2350:
  2216                           
  2217                           ;main.c: 585:     check_input();
  2218     035E  3183  2383  3183   	fcall	_check_input
  2219     0361                     l2352:
  2220                           
  2221                           ;main.c: 587:     Exception_handling();
  2222     0361  3183  23B4  3183   	fcall	_Exception_handling
  2223     0364                     l2354:
  2224                           
  2225                           ;main.c: 589:     if (fException2 == 0) {
  2226     0364  0020               	movlb	0	; select bank0
  2227     0365  083C               	movf	_fException2,w
  2228     0366  1D03               	btfss	3,2
  2229     0367  2B69               	goto	u3001
  2230     0368  2B6A               	goto	u3000
  2231     0369                     u3001:
  2232     0369  2B75               	goto	l2362
  2233     036A                     u3000:
  2234     036A                     l2356:
  2235                           
  2236                           ;main.c: 590:       if (fException == 1) {
  2237     036A  033D               	decf	_fException,w
  2238     036B  1D03               	btfss	3,2
  2239     036C  2B6E               	goto	u3011
  2240     036D  2B6F               	goto	u3010
  2241     036E                     u3011:
  2242     036E  2B71               	goto	l2360
  2243     036F                     u3010:
  2244     036F                     l2358:
  2245                           
  2246                           ;main.c: 592:         fException = 0;
  2247     036F  01BD               	clrf	_fException
  2248                           
  2249                           ;main.c: 593:       } else
  2250     0370  2B5B               	goto	l2348
  2251     0371                     l2360:
  2252                           
  2253                           ;main.c: 594:         LED_output();
  2254     0371  3180  2046  3183   	fcall	_LED_output
  2255     0374  2B5B               	goto	l2348
  2256     0375                     l2362:
  2257                           
  2258                           ;main.c: 597:       fException2 = 0;
  2259     0375  01BC               	clrf	_fException2
  2260     0376                     l2364:
  2261                           
  2262                           ;main.c: 599:       EPWM2_LoadDutyValue((499));
  2263     0376  30F3               	movlw	243
  2264     0377  00C4               	movwf	EPWM2_LoadDutyValue@dutyValue
  2265     0378  3001               	movlw	1
  2266     0379  00C5               	movwf	EPWM2_LoadDutyValue@dutyValue+1
  2267     037A  3183  23F0  3183   	fcall	_EPWM2_LoadDutyValue
  2268     037D                     l2366:
  2269     037D  0022               	movlb	2	; select bank2
  2270     037E  100C               	bcf	12,0	;volatile
  2271     037F                     l2368:
  2272     037F  158C               	bsf	12,3	;volatile
  2273     0380  2B5B               	goto	l2348
  2274     0381  3180  2826         	ljmp	start
  2275     0383                     __end_of_main:
  2276                           
  2277                           	psect	text1
  2278     0294                     __ptext1:	
  2279 ;; *************** function _getFrameData *****************
  2280 ;; Defined at:
  2281 ;;		line 410 in file "main.c"
  2282 ;; Parameters:    Size  Location     Type
  2283 ;;		None
  2284 ;; Auto vars:     Size  Location     Type
  2285 ;;		None
  2286 ;; Return value:  Size  Location     Type
  2287 ;;                  1    wreg      void 
  2288 ;; Registers used:
  2289 ;;		wreg, fsr0l, fsr0h, status,2, status,0
  2290 ;; Tracked objects:
  2291 ;;		On entry : 0/0
  2292 ;;		On exit  : 0/0
  2293 ;;		Unchanged: 0/0
  2294 ;; Data sizes:     COMMON   BANK0   BANK1   BANK2   BANK3   BANK4   BANK5   BANK6
  2295 ;;      Params:         0       0       0       0       0       0       0       0
  2296 ;;      Locals:         0       0       0       0       0       0       0       0
  2297 ;;      Temps:          0       0       0       0       0       0       0       0
  2298 ;;      Totals:         0       0       0       0       0       0       0       0
  2299 ;;Total ram usage:        0 bytes
  2300 ;; Hardware stack levels used: 1
  2301 ;; Hardware stack levels required when called: 4
  2302 ;; This function calls:
  2303 ;;		Nothing
  2304 ;; This function is called by:
  2305 ;;		_main
  2306 ;; This function uses a non-reentrant model
  2307 ;;
  2308                           
  2309     0294                     _getFrameData:	
  2310                           ;psect for function _getFrameData
  2311                           
  2312     0294                     l2294:	
  2313                           ;incstack = 0
  2314                           ; Regs used in _getFrameData: [wreg-fsr0h+status,2+status,0]
  2315                           
  2316                           
  2317                           ;main.c: 411:   if (data_1byte_OK == 1) {
  2318     0294  0020               	movlb	0	; select bank0
  2319     0295  0343               	decf	_data_1byte_OK,w	;volatile
  2320     0296  1D03               	btfss	3,2
  2321     0297  2A99               	goto	u2971
  2322     0298  2A9A               	goto	u2970
  2323     0299                     u2971:
  2324     0299  2B04               	goto	l415
  2325     029A                     u2970:
  2326     029A                     l2296:
  2327                           
  2328                           ;main.c: 412:     data_1byte_OK = 0;
  2329     029A  01C3               	clrf	_data_1byte_OK	;volatile
  2330                           
  2331                           ;main.c: 415:     switch (step) {
  2332     029B  2AE1               	goto	l2338
  2333     029C                     l2298:
  2334                           
  2335                           ;main.c: 417:       if (rx_data == 0xC8) {
  2336     029C  30C8               	movlw	200
  2337     029D  0674               	xorwf	_rx_data,w
  2338     029E  1D03               	btfss	3,2
  2339     029F  2AA1               	goto	u2981
  2340     02A0  2AA2               	goto	u2980
  2341     02A1                     u2981:
  2342     02A1  2AA7               	goto	l2304
  2343     02A2                     u2980:
  2344     02A2                     l2300:
  2345                           
  2346                           ;main.c: 418:         step = 1;
  2347     02A2  01C1               	clrf	_step
  2348     02A3  0AC1               	incf	_step,f
  2349     02A4                     l2302:
  2350                           
  2351                           ;main.c: 419:         data_buf[0] = rx_data;
  2352     02A4  0874               	movf	_rx_data,w
  2353     02A5  00A0               	movwf	_data_buf
  2354                           
  2355                           ;main.c: 420:       } else {
  2356     02A6  2B04               	goto	l415
  2357     02A7                     l2304:
  2358                           
  2359                           ;main.c: 421:         step = 0;
  2360     02A7  01C1               	clrf	_step
  2361     02A8  2B04               	goto	l415
  2362     02A9                     l2306:
  2363                           
  2364                           ;main.c: 425:       if (rx_data == 0x8B) {
  2365     02A9  308B               	movlw	139
  2366     02AA  0674               	xorwf	_rx_data,w
  2367     02AB  1D03               	btfss	3,2
  2368     02AC  2AAE               	goto	u2991
  2369     02AD  2AAF               	goto	u2990
  2370     02AE                     u2991:
  2371     02AE  2AA7               	goto	l2304
  2372     02AF                     u2990:
  2373     02AF                     l2308:
  2374                           
  2375                           ;main.c: 426:         data_buf[1] = rx_data;
  2376     02AF  0874               	movf	_rx_data,w
  2377     02B0  00A1               	movwf	_data_buf+1
  2378                           
  2379                           ;main.c: 427:         step = 2;
  2380     02B1  3002               	movlw	2
  2381     02B2  00C1               	movwf	_step
  2382                           
  2383                           ;main.c: 428:       } else {
  2384     02B3  2B04               	goto	l415
  2385     02B4                     l2312:
  2386                           
  2387                           ;main.c: 433:       data_buf[2] = rx_data;
  2388     02B4  0874               	movf	_rx_data,w
  2389     02B5  00A2               	movwf	_data_buf+2
  2390                           
  2391                           ;main.c: 434:       step = 3;
  2392     02B6  3003               	movlw	3
  2393     02B7  00C1               	movwf	_step
  2394                           
  2395                           ;main.c: 435:       break;
  2396     02B8  2B04               	goto	l415
  2397     02B9                     l2314:
  2398                           
  2399                           ;main.c: 437:       data_buf[3] = rx_data;
  2400     02B9  0874               	movf	_rx_data,w
  2401     02BA  00A3               	movwf	_data_buf+3
  2402                           
  2403                           ;main.c: 438:       step = 4;
  2404     02BB  3004               	movlw	4
  2405     02BC  00C1               	movwf	_step
  2406                           
  2407                           ;main.c: 439:       break;
  2408     02BD  2B04               	goto	l415
  2409     02BE                     l2316:
  2410                           
  2411                           ;main.c: 441:       data_buf[4] = rx_data;
  2412     02BE  0874               	movf	_rx_data,w
  2413     02BF  00A4               	movwf	_data_buf+4
  2414                           
  2415                           ;main.c: 442:       step = 5;
  2416     02C0  3005               	movlw	5
  2417     02C1  00C1               	movwf	_step
  2418                           
  2419                           ;main.c: 443:       break;
  2420     02C2  2B04               	goto	l415
  2421     02C3                     l2318:
  2422                           
  2423                           ;main.c: 445:       data_buf[5] = rx_data;
  2424     02C3  0874               	movf	_rx_data,w
  2425     02C4  00A5               	movwf	_data_buf+5
  2426                           
  2427                           ;main.c: 446:       step = 6;
  2428     02C5  3006               	movlw	6
  2429     02C6  00C1               	movwf	_step
  2430                           
  2431                           ;main.c: 447:       break;
  2432     02C7  2B04               	goto	l415
  2433     02C8                     l2320:
  2434                           
  2435                           ;main.c: 449:       data_buf[6] = rx_data;
  2436     02C8  0874               	movf	_rx_data,w
  2437     02C9  00A6               	movwf	_data_buf+6
  2438                           
  2439                           ;main.c: 450:       step = 7;
  2440     02CA  3007               	movlw	7
  2441     02CB  00C1               	movwf	_step
  2442                           
  2443                           ;main.c: 451:       break;
  2444     02CC  2B04               	goto	l415
  2445     02CD                     l2322:
  2446                           
  2447                           ;main.c: 453:       data_buf[7] = rx_data;
  2448     02CD  0874               	movf	_rx_data,w
  2449     02CE  00A7               	movwf	_data_buf+7
  2450                           
  2451                           ;main.c: 454:       step = 8;
  2452     02CF  3008               	movlw	8
  2453     02D0  00C1               	movwf	_step
  2454                           
  2455                           ;main.c: 455:       break;
  2456     02D1  2B04               	goto	l415
  2457     02D2                     l2324:
  2458                           
  2459                           ;main.c: 457:       data_buf[8] = rx_data;
  2460     02D2  0874               	movf	_rx_data,w
  2461     02D3  00A8               	movwf	_data_buf+8
  2462                           
  2463                           ;main.c: 458:       step = 9;
  2464     02D4  3009               	movlw	9
  2465     02D5  00C1               	movwf	_step
  2466                           
  2467                           ;main.c: 459:       break;
  2468     02D6  2B04               	goto	l415
  2469     02D7                     l2326:
  2470                           
  2471                           ;main.c: 461:       data_buf[9] = rx_data;
  2472     02D7  0874               	movf	_rx_data,w
  2473     02D8  00A9               	movwf	_data_buf+9
  2474                           
  2475                           ;main.c: 462:       step = 10;
  2476     02D9  300A               	movlw	10
  2477     02DA  00C1               	movwf	_step
  2478                           
  2479                           ;main.c: 463:       break;
  2480     02DB  2B04               	goto	l415
  2481     02DC                     l2328:
  2482                           
  2483                           ;main.c: 465:       data_buf[10] = rx_data;
  2484     02DC  0874               	movf	_rx_data,w
  2485     02DD  00AA               	movwf	_data_buf+10
  2486     02DE                     l2330:
  2487                           
  2488                           ;main.c: 466:       fFrame_OK = 1;
  2489     02DE  01C2               	clrf	_fFrame_OK
  2490     02DF  0AC2               	incf	_fFrame_OK,f
  2491     02E0  2AA7               	goto	l2304
  2492     02E1                     l2338:
  2493     02E1  0841               	movf	_step,w
  2494                           
  2495                           ; Switch size 1, requested type "simple"
  2496                           ; Number of cases is 11, Range of values is 0 to 10
  2497                           ; switch strategies available:
  2498                           ; Name         Instructions Cycles
  2499                           ; direct_byte           28     6 (fixed)
  2500                           ; simple_byte           34    18 (average)
  2501                           ; jumptable            260     6 (fixed)
  2502                           ;	Chosen strategy is simple_byte
  2503     02E2  3A00               	xorlw	0	; case 0
  2504     02E3  1903               	skipnz
  2505     02E4  2A9C               	goto	l2298
  2506     02E5  3A01               	xorlw	1	; case 1
  2507     02E6  1903               	skipnz
  2508     02E7  2AA9               	goto	l2306
  2509     02E8  3A03               	xorlw	3	; case 2
  2510     02E9  1903               	skipnz
  2511     02EA  2AB4               	goto	l2312
  2512     02EB  3A01               	xorlw	1	; case 3
  2513     02EC  1903               	skipnz
  2514     02ED  2AB9               	goto	l2314
  2515     02EE  3A07               	xorlw	7	; case 4
  2516     02EF  1903               	skipnz
  2517     02F0  2ABE               	goto	l2316
  2518     02F1  3A01               	xorlw	1	; case 5
  2519     02F2  1903               	skipnz
  2520     02F3  2AC3               	goto	l2318
  2521     02F4  3A03               	xorlw	3	; case 6
  2522     02F5  1903               	skipnz
  2523     02F6  2AC8               	goto	l2320
  2524     02F7  3A01               	xorlw	1	; case 7
  2525     02F8  1903               	skipnz
  2526     02F9  2ACD               	goto	l2322
  2527     02FA  3A0F               	xorlw	15	; case 8
  2528     02FB  1903               	skipnz
  2529     02FC  2AD2               	goto	l2324
  2530     02FD  3A01               	xorlw	1	; case 9
  2531     02FE  1903               	skipnz
  2532     02FF  2AD7               	goto	l2326
  2533     0300  3A03               	xorlw	3	; case 10
  2534     0301  1903               	skipnz
  2535     0302  2ADC               	goto	l2328
  2536     0303  2AA7               	goto	l2304
  2537     0304                     l415:
  2538     0304  0008               	return
  2539     0305                     __end_of_getFrameData:
  2540                           
  2541                           	psect	text2
  2542     0383                     __ptext2:	
  2543 ;; *************** function _check_input *****************
  2544 ;; Defined at:
  2545 ;;		line 368 in file "main.c"
  2546 ;; Parameters:    Size  Location     Type
  2547 ;;		None
  2548 ;; Auto vars:     Size  Location     Type
  2549 ;;		None
  2550 ;; Return value:  Size  Location     Type
  2551 ;;                  1    wreg      void 
  2552 ;; Registers used:
  2553 ;;		wreg, status,2
  2554 ;; Tracked objects:
  2555 ;;		On entry : 0/0
  2556 ;;		On exit  : 0/0
  2557 ;;		Unchanged: 0/0
  2558 ;; Data sizes:     COMMON   BANK0   BANK1   BANK2   BANK3   BANK4   BANK5   BANK6
  2559 ;;      Params:         0       0       0       0       0       0       0       0
  2560 ;;      Locals:         0       0       0       0       0       0       0       0
  2561 ;;      Temps:          0       0       0       0       0       0       0       0
  2562 ;;      Totals:         0       0       0       0       0       0       0       0
  2563 ;;Total ram usage:        0 bytes
  2564 ;; Hardware stack levels used: 1
  2565 ;; Hardware stack levels required when called: 4
  2566 ;; This function calls:
  2567 ;;		Nothing
  2568 ;; This function is called by:
  2569 ;;		_main
  2570 ;; This function uses a non-reentrant model
  2571 ;;
  2572                           
  2573     0383                     _check_input:	
  2574                           ;psect for function _check_input
  2575                           
  2576     0383                     l2276:	
  2577                           ;incstack = 0
  2578                           ; Regs used in _check_input: [wreg+status,2]
  2579                           
  2580                           
  2581                           ;main.c: 369:   D2.Byte = data_buf[2];
  2582     0383  0020               	movlb	0	; select bank0
  2583     0384  0822               	movf	_data_buf+2,w
  2584     0385  00F3               	movwf	_D2
  2585                           
  2586                           ;main.c: 370:   D3.Byte = data_buf[3];
  2587     0386  0823               	movf	_data_buf+3,w
  2588     0387  00C0               	movwf	_D3
  2589     0388                     l2278:
  2590                           
  2591                           ;main.c: 371:   csFlag.Byte = 0;
  2592     0388  01BF               	clrf	_csFlag
  2593     0389                     l2280:
  2594                           
  2595                           ;main.c: 374:   if (D2.RunLight == 1)
  2596     0389  1D73               	btfss	_D2,2
  2597     038A  2B8C               	goto	u2911
  2598     038B  2B8D               	goto	u2910
  2599     038C                     u2911:
  2600     038C  2B8F               	goto	l381
  2601     038D                     u2910:
  2602     038D                     l2282:
  2603                           
  2604                           ;main.c: 375:     csFlag.RunLight = 1;
  2605     038D  16BF               	bsf	_csFlag,5
  2606     038E  2B90               	goto	l382
  2607     038F                     l381:	
  2608                           ;main.c: 376:   else
  2609                           
  2610                           
  2611                           ;main.c: 377:     csFlag.RunLight = 0;
  2612     038F  12BF               	bcf	_csFlag,5
  2613     0390                     l382:
  2614                           
  2615                           ;main.c: 380:   if (D2.DRL == 1)
  2616     0390  1DF3               	btfss	_D2,3
  2617     0391  2B93               	goto	u2921
  2618     0392  2B94               	goto	u2920
  2619     0393                     u2921:
  2620     0393  2B96               	goto	l383
  2621     0394                     u2920:
  2622     0394                     l2284:
  2623                           
  2624                           ;main.c: 381:     csFlag.DRL = 1;
  2625     0394  163F               	bsf	_csFlag,4
  2626     0395  2B97               	goto	l384
  2627     0396                     l383:	
  2628                           ;main.c: 382:   else
  2629                           
  2630                           
  2631                           ;main.c: 383:     csFlag.DRL = 0;
  2632     0396  123F               	bcf	_csFlag,4
  2633     0397                     l384:
  2634                           
  2635                           ;main.c: 386:   if (D2.LoBeam == 1)
  2636     0397  1E73               	btfss	_D2,4
  2637     0398  2B9A               	goto	u2931
  2638     0399  2B9B               	goto	u2930
  2639     039A                     u2931:
  2640     039A  2B9D               	goto	l385
  2641     039B                     u2930:
  2642     039B                     l2286:
  2643                           
  2644                           ;main.c: 387:     csFlag.LoBeam = 1;
  2645     039B  15BF               	bsf	_csFlag,3
  2646     039C  2B9E               	goto	l386
  2647     039D                     l385:	
  2648                           ;main.c: 388:   else
  2649                           
  2650                           
  2651                           ;main.c: 389:     csFlag.LoBeam = 0;
  2652     039D  11BF               	bcf	_csFlag,3
  2653     039E                     l386:
  2654                           
  2655                           ;main.c: 392:   if (D2.HiBeam == 1)
  2656     039E  1EF3               	btfss	_D2,5
  2657     039F  2BA1               	goto	u2941
  2658     03A0  2BA2               	goto	u2940
  2659     03A1                     u2941:
  2660     03A1  2BA4               	goto	l387
  2661     03A2                     u2940:
  2662     03A2                     l2288:
  2663                           
  2664                           ;main.c: 393:     csFlag.HiBeam = 1;
  2665     03A2  153F               	bsf	_csFlag,2
  2666     03A3  2BA5               	goto	l388
  2667     03A4                     l387:	
  2668                           ;main.c: 394:   else
  2669                           
  2670                           
  2671                           ;main.c: 395:     csFlag.HiBeam = 0;
  2672     03A4  113F               	bcf	_csFlag,2
  2673     03A5                     l388:
  2674                           
  2675                           ;main.c: 398:   if (D3.turnLight_L == 1)
  2676     03A5  1EC0               	btfss	_D3,5
  2677     03A6  2BA8               	goto	u2951
  2678     03A7  2BA9               	goto	u2950
  2679     03A8                     u2951:
  2680     03A8  2BAB               	goto	l389
  2681     03A9                     u2950:
  2682     03A9                     l2290:
  2683                           
  2684                           ;main.c: 399:     csFlag.turnLight_L = 1;
  2685     03A9  14BF               	bsf	_csFlag,1
  2686     03AA  2BAC               	goto	l390
  2687     03AB                     l389:	
  2688                           ;main.c: 400:   else
  2689                           
  2690                           
  2691                           ;main.c: 401:     csFlag.turnLight_L = 0;
  2692     03AB  10BF               	bcf	_csFlag,1
  2693     03AC                     l390:
  2694                           
  2695                           ;main.c: 404:   if (D3.turnLight_R == 1)
  2696     03AC  1F40               	btfss	_D3,6
  2697     03AD  2BAF               	goto	u2961
  2698     03AE  2BB0               	goto	u2960
  2699     03AF                     u2961:
  2700     03AF  2BB2               	goto	l391
  2701     03B0                     u2960:
  2702     03B0                     l2292:
  2703                           
  2704                           ;main.c: 405:     csFlag.turnLight_R = 1;
  2705     03B0  143F               	bsf	_csFlag,0
  2706     03B1  2BB3               	goto	l393
  2707     03B2                     l391:	
  2708                           ;main.c: 406:   else
  2709                           
  2710                           
  2711                           ;main.c: 407:     csFlag.turnLight_R = 0;
  2712     03B2  103F               	bcf	_csFlag,0
  2713     03B3                     l393:
  2714     03B3  0008               	return
  2715     03B4                     __end_of_check_input:
  2716                           
  2717                           	psect	text3
  2718     040C                     __ptext3:	
  2719 ;; *************** function _SYSTEM_Initialize *****************
  2720 ;; Defined at:
  2721 ;;		line 50 in file "mcc_generated_files/mcc.c"
  2722 ;; Parameters:    Size  Location     Type
  2723 ;;		None
  2724 ;; Auto vars:     Size  Location     Type
  2725 ;;		None
  2726 ;; Return value:  Size  Location     Type
  2727 ;;                  1    wreg      void 
  2728 ;; Registers used:
  2729 ;;		wreg, status,2, status,0, pclath, cstack
  2730 ;; Tracked objects:
  2731 ;;		On entry : 0/0
  2732 ;;		On exit  : 0/0
  2733 ;;		Unchanged: 0/0
  2734 ;; Data sizes:     COMMON   BANK0   BANK1   BANK2   BANK3   BANK4   BANK5   BANK6
  2735 ;;      Params:         0       0       0       0       0       0       0       0
  2736 ;;      Locals:         0       0       0       0       0       0       0       0
  2737 ;;      Temps:          0       0       0       0       0       0       0       0
  2738 ;;      Totals:         0       0       0       0       0       0       0       0
  2739 ;;Total ram usage:        0 bytes
  2740 ;; Hardware stack levels used: 1
  2741 ;; Hardware stack levels required when called: 6
  2742 ;; This function calls:
  2743 ;;		_ECCP3_Initialize
  2744 ;;		_EPWM2_Initialize
  2745 ;;		_OSCILLATOR_Initialize
  2746 ;;		_PIN_MANAGER_Initialize
  2747 ;;		_TMR0_Initialize
  2748 ;;		_TMR1_Initialize
  2749 ;;		_TMR2_Initialize
  2750 ;;		_WDT_Initialize
  2751 ;; This function is called by:
  2752 ;;		_main
  2753 ;; This function uses a non-reentrant model
  2754 ;;
  2755                           
  2756     040C                     _SYSTEM_Initialize:	
  2757                           ;psect for function _SYSTEM_Initialize
  2758                           
  2759     040C                     l2102:	
  2760                           ;incstack = 0
  2761                           ; Regs used in _SYSTEM_Initialize: [wreg+status,2+status,0+pclath+cstack]
  2762                           
  2763                           
  2764                           ;mcc_generated_files/mcc.c: 53:     PIN_MANAGER_Initialize();
  2765     040C  3183  23D3  3184   	fcall	_PIN_MANAGER_Initialize
  2766                           
  2767                           ;mcc_generated_files/mcc.c: 54:     OSCILLATOR_Initialize();
  2768     040F  3184  2496  3184   	fcall	_OSCILLATOR_Initialize
  2769                           
  2770                           ;mcc_generated_files/mcc.c: 55:     WDT_Initialize();
  2771     0412  3184  24C6  3184   	fcall	_WDT_Initialize
  2772                           
  2773                           ;mcc_generated_files/mcc.c: 56:     EPWM2_Initialize();
  2774     0415  3184  247C  3184   	fcall	_EPWM2_Initialize
  2775                           
  2776                           ;mcc_generated_files/mcc.c: 57:     ECCP3_Initialize();
  2777     0418  3184  24A2  3184   	fcall	_ECCP3_Initialize
  2778                           
  2779                           ;mcc_generated_files/mcc.c: 58:     TMR2_Initialize();
  2780     041B  3184  24AC  3184   	fcall	_TMR2_Initialize
  2781                           
  2782                           ;mcc_generated_files/mcc.c: 59:     TMR1_Initialize();
  2783     041E  3184  246F  3184   	fcall	_TMR1_Initialize
  2784                           
  2785                           ;mcc_generated_files/mcc.c: 60:     TMR0_Initialize();
  2786     0421  3184  243D  3184   	fcall	_TMR0_Initialize
  2787     0424                     l29:
  2788     0424  0008               	return
  2789     0425                     __end_of_SYSTEM_Initialize:
  2790                           
  2791                           	psect	text4
  2792     04C6                     __ptext4:	
  2793 ;; *************** function _WDT_Initialize *****************
  2794 ;; Defined at:
  2795 ;;		line 77 in file "mcc_generated_files/mcc.c"
  2796 ;; Parameters:    Size  Location     Type
  2797 ;;		None
  2798 ;; Auto vars:     Size  Location     Type
  2799 ;;		None
  2800 ;; Return value:  Size  Location     Type
  2801 ;;                  1    wreg      void 
  2802 ;; Registers used:
  2803 ;;		wreg
  2804 ;; Tracked objects:
  2805 ;;		On entry : 0/0
  2806 ;;		On exit  : 0/0
  2807 ;;		Unchanged: 0/0
  2808 ;; Data sizes:     COMMON   BANK0   BANK1   BANK2   BANK3   BANK4   BANK5   BANK6
  2809 ;;      Params:         0       0       0       0       0       0       0       0
  2810 ;;      Locals:         0       0       0       0       0       0       0       0
  2811 ;;      Temps:          0       0       0       0       0       0       0       0
  2812 ;;      Totals:         0       0       0       0       0       0       0       0
  2813 ;;Total ram usage:        0 bytes
  2814 ;; Hardware stack levels used: 1
  2815 ;; Hardware stack levels required when called: 4
  2816 ;; This function calls:
  2817 ;;		Nothing
  2818 ;; This function is called by:
  2819 ;;		_SYSTEM_Initialize
  2820 ;; This function uses a non-reentrant model
  2821 ;;
  2822                           
  2823     04C6                     _WDT_Initialize:	
  2824                           ;psect for function _WDT_Initialize
  2825                           
  2826     04C6                     l2046:	
  2827                           ;incstack = 0
  2828                           ; Regs used in _WDT_Initialize: [wreg]
  2829                           
  2830                           
  2831                           ;mcc_generated_files/mcc.c: 80:     WDTCON = 0x16;
  2832     04C6  3016               	movlw	22
  2833     04C7  0021               	movlb	1	; select bank1
  2834     04C8  0097               	movwf	23	;volatile
  2835     04C9                     l38:
  2836     04C9  0008               	return
  2837     04CA                     __end_of_WDT_Initialize:
  2838                           
  2839                           	psect	text5
  2840     04AC                     __ptext5:	
  2841 ;; *************** function _TMR2_Initialize *****************
  2842 ;; Defined at:
  2843 ;;		line 62 in file "mcc_generated_files/tmr2.c"
  2844 ;; Parameters:    Size  Location     Type
  2845 ;;		None
  2846 ;; Auto vars:     Size  Location     Type
  2847 ;;		None
  2848 ;; Return value:  Size  Location     Type
  2849 ;;                  1    wreg      void 
  2850 ;; Registers used:
  2851 ;;		wreg, status,2
  2852 ;; Tracked objects:
  2853 ;;		On entry : 0/0
  2854 ;;		On exit  : 0/0
  2855 ;;		Unchanged: 0/0
  2856 ;; Data sizes:     COMMON   BANK0   BANK1   BANK2   BANK3   BANK4   BANK5   BANK6
  2857 ;;      Params:         0       0       0       0       0       0       0       0
  2858 ;;      Locals:         0       0       0       0       0       0       0       0
  2859 ;;      Temps:          0       0       0       0       0       0       0       0
  2860 ;;      Totals:         0       0       0       0       0       0       0       0
  2861 ;;Total ram usage:        0 bytes
  2862 ;; Hardware stack levels used: 1
  2863 ;; Hardware stack levels required when called: 4
  2864 ;; This function calls:
  2865 ;;		Nothing
  2866 ;; This function is called by:
  2867 ;;		_SYSTEM_Initialize
  2868 ;; This function uses a non-reentrant model
  2869 ;;
  2870                           
  2871     04AC                     _TMR2_Initialize:	
  2872                           ;psect for function _TMR2_Initialize
  2873                           
  2874     04AC                     l2072:	
  2875                           ;incstack = 0
  2876                           ; Regs used in _TMR2_Initialize: [wreg+status,2]
  2877                           
  2878                           
  2879                           ;mcc_generated_files/tmr2.c: 67:     PR2 = 0x7C;
  2880     04AC  307C               	movlw	124
  2881     04AD  0020               	movlb	0	; select bank0
  2882     04AE  009B               	movwf	27	;volatile
  2883     04AF                     l2074:
  2884                           
  2885                           ;mcc_generated_files/tmr2.c: 70:     TMR2 = 0x00;
  2886     04AF  019A               	clrf	26	;volatile
  2887     04B0                     l2076:
  2888                           
  2889                           ;mcc_generated_files/tmr2.c: 73:     PIR1bits.TMR2IF = 0;
  2890     04B0  1091               	bcf	17,1	;volatile
  2891     04B1                     l2078:
  2892                           
  2893                           ;mcc_generated_files/tmr2.c: 76:     T2CON = 0x07;
  2894     04B1  3007               	movlw	7
  2895     04B2  009C               	movwf	28	;volatile
  2896     04B3                     l195:
  2897     04B3  0008               	return
  2898     04B4                     __end_of_TMR2_Initialize:
  2899                           
  2900                           	psect	text6
  2901     046F                     __ptext6:	
  2902 ;; *************** function _TMR1_Initialize *****************
  2903 ;; Defined at:
  2904 ;;		line 63 in file "mcc_generated_files/tmr1.c"
  2905 ;; Parameters:    Size  Location     Type
  2906 ;;		None
  2907 ;; Auto vars:     Size  Location     Type
  2908 ;;		None
  2909 ;; Return value:  Size  Location     Type
  2910 ;;                  1    wreg      void 
  2911 ;; Registers used:
  2912 ;;		wreg, status,2
  2913 ;; Tracked objects:
  2914 ;;		On entry : 0/0
  2915 ;;		On exit  : 0/0
  2916 ;;		Unchanged: 0/0
  2917 ;; Data sizes:     COMMON   BANK0   BANK1   BANK2   BANK3   BANK4   BANK5   BANK6
  2918 ;;      Params:         0       0       0       0       0       0       0       0
  2919 ;;      Locals:         0       0       0       0       0       0       0       0
  2920 ;;      Temps:          0       0       0       0       0       0       0       0
  2921 ;;      Totals:         0       0       0       0       0       0       0       0
  2922 ;;Total ram usage:        0 bytes
  2923 ;; Hardware stack levels used: 1
  2924 ;; Hardware stack levels required when called: 4
  2925 ;; This function calls:
  2926 ;;		Nothing
  2927 ;; This function is called by:
  2928 ;;		_SYSTEM_Initialize
  2929 ;; This function uses a non-reentrant model
  2930 ;;
  2931                           
  2932     046F                     _TMR1_Initialize:	
  2933                           ;psect for function _TMR1_Initialize
  2934                           
  2935     046F                     l2080:	
  2936                           ;incstack = 0
  2937                           ; Regs used in _TMR1_Initialize: [wreg+status,2]
  2938                           
  2939                           
  2940                           ;mcc_generated_files/tmr1.c: 68:     T1GCON = 0x10;
  2941     046F  3010               	movlw	16
  2942     0470  0020               	movlb	0	; select bank0
  2943     0471  0099               	movwf	25	;volatile
  2944     0472                     l2082:
  2945                           
  2946                           ;mcc_generated_files/tmr1.c: 71:     TMR1H = 0x00;
  2947     0472  0197               	clrf	23	;volatile
  2948     0473                     l2084:
  2949                           
  2950                           ;mcc_generated_files/tmr1.c: 74:     TMR1L = 0x00;
  2951     0473  0196               	clrf	22	;volatile
  2952     0474                     l2086:
  2953                           
  2954                           ;mcc_generated_files/tmr1.c: 77:     PIR1bits.TMR1IF = 0;
  2955     0474  1011               	bcf	17,0	;volatile
  2956                           
  2957                           ;mcc_generated_files/tmr1.c: 80:     timer1ReloadVal=(uint16_t)((TMR1H << 8) | TMR1L);
  2958     0475  0817               	movf	23,w	;volatile
  2959     0476  00B6               	movwf	_timer1ReloadVal+1	;volatile
  2960     0477  0816               	movf	22,w	;volatile
  2961     0478  00B5               	movwf	_timer1ReloadVal	;volatile
  2962                           
  2963                           ;mcc_generated_files/tmr1.c: 83:     T1CON = 0x01;
  2964     0479  3001               	movlw	1
  2965     047A  0098               	movwf	24	;volatile
  2966     047B                     l78:
  2967     047B  0008               	return
  2968     047C                     __end_of_TMR1_Initialize:
  2969                           
  2970                           	psect	text7
  2971     043D                     __ptext7:	
  2972 ;; *************** function _TMR0_Initialize *****************
  2973 ;; Defined at:
  2974 ;;		line 64 in file "mcc_generated_files/tmr0.c"
  2975 ;; Parameters:    Size  Location     Type
  2976 ;;		None
  2977 ;; Auto vars:     Size  Location     Type
  2978 ;;		None
  2979 ;; Return value:  Size  Location     Type
  2980 ;;                  1    wreg      void 
  2981 ;; Registers used:
  2982 ;;		wreg, status,2, status,0, pclath, cstack
  2983 ;; Tracked objects:
  2984 ;;		On entry : 0/0
  2985 ;;		On exit  : 0/0
  2986 ;;		Unchanged: 0/0
  2987 ;; Data sizes:     COMMON   BANK0   BANK1   BANK2   BANK3   BANK4   BANK5   BANK6
  2988 ;;      Params:         0       0       0       0       0       0       0       0
  2989 ;;      Locals:         0       0       0       0       0       0       0       0
  2990 ;;      Temps:          0       0       0       0       0       0       0       0
  2991 ;;      Totals:         0       0       0       0       0       0       0       0
  2992 ;;Total ram usage:        0 bytes
  2993 ;; Hardware stack levels used: 1
  2994 ;; Hardware stack levels required when called: 5
  2995 ;; This function calls:
  2996 ;;		_TMR0_SetInterruptHandler
  2997 ;; This function is called by:
  2998 ;;		_SYSTEM_Initialize
  2999 ;; This function uses a non-reentrant model
  3000 ;;
  3001                           
  3002     043D                     _TMR0_Initialize:	
  3003                           ;psect for function _TMR0_Initialize
  3004                           
  3005     043D                     l2088:	
  3006                           ;incstack = 0
  3007                           ; Regs used in _TMR0_Initialize: [wreg+status,2+status,0+pclath+cstack]
  3008                           
  3009                           
  3010                           ;mcc_generated_files/tmr0.c: 69:     OPTION_REG = (uint8_t)((OPTION_REG & 0xC0) | (0xD4 
      +                          & 0x3F));
  3011     043D  0021               	movlb	1	; select bank1
  3012     043E  0815               	movf	21,w	;volatile
  3013     043F  39C0               	andlw	192
  3014     0440  3814               	iorlw	20
  3015     0441  0095               	movwf	21	;volatile
  3016     0442                     l2090:
  3017                           
  3018                           ;mcc_generated_files/tmr0.c: 72:     TMR0 = 0x06;
  3019     0442  3006               	movlw	6
  3020     0443  0020               	movlb	0	; select bank0
  3021     0444  0095               	movwf	21	;volatile
  3022     0445                     l2092:
  3023                           
  3024                           ;mcc_generated_files/tmr0.c: 75:     timer0ReloadVal= 6;
  3025     0445  3006               	movlw	6
  3026     0446  00F5               	movwf	_timer0ReloadVal	;volatile
  3027     0447                     l2094:
  3028                           
  3029                           ;mcc_generated_files/tmr0.c: 78:     INTCONbits.TMR0IF = 0;
  3030     0447  110B               	bcf	11,2	;volatile
  3031     0448                     l2096:
  3032                           
  3033                           ;mcc_generated_files/tmr0.c: 81:     INTCONbits.TMR0IE = 1;
  3034     0448  168B               	bsf	11,5	;volatile
  3035     0449                     l2098:
  3036                           
  3037                           ;mcc_generated_files/tmr0.c: 84:     TMR0_SetInterruptHandler(TMR0_DefaultInterruptHandl
      +                          er);
  3038     0449  30CA               	movlw	low _TMR0_DefaultInterruptHandler
  3039     044A  00C4               	movwf	TMR0_SetInterruptHandler@InterruptHandler
  3040     044B  3004               	movlw	high _TMR0_DefaultInterruptHandler
  3041     044C  00C5               	movwf	TMR0_SetInterruptHandler@InterruptHandler+1
  3042     044D  3184  24C0  3184   	fcall	_TMR0_SetInterruptHandler
  3043     0450                     l157:
  3044     0450  0008               	return
  3045     0451                     __end_of_TMR0_Initialize:
  3046                           
  3047                           	psect	text8
  3048     04C0                     __ptext8:	
  3049 ;; *************** function _TMR0_SetInterruptHandler *****************
  3050 ;; Defined at:
  3051 ;;		line 140 in file "mcc_generated_files/tmr0.c"
  3052 ;; Parameters:    Size  Location     Type
  3053 ;;  InterruptHan    2    0[BANK0 ] PTR FTN()void 
  3054 ;;		 -> TMR0_EvenHandler(1), TMR0_DefaultInterruptHandler(1), 
  3055 ;; Auto vars:     Size  Location     Type
  3056 ;;		None
  3057 ;; Return value:  Size  Location     Type
  3058 ;;                  1    wreg      void 
  3059 ;; Registers used:
  3060 ;;		wreg
  3061 ;; Tracked objects:
  3062 ;;		On entry : 0/0
  3063 ;;		On exit  : 0/0
  3064 ;;		Unchanged: 0/0
  3065 ;; Data sizes:     COMMON   BANK0   BANK1   BANK2   BANK3   BANK4   BANK5   BANK6
  3066 ;;      Params:         0       2       0       0       0       0       0       0
  3067 ;;      Locals:         0       0       0       0       0       0       0       0
  3068 ;;      Temps:          0       0       0       0       0       0       0       0
  3069 ;;      Totals:         0       2       0       0       0       0       0       0
  3070 ;;Total ram usage:        2 bytes
  3071 ;; Hardware stack levels used: 1
  3072 ;; Hardware stack levels required when called: 4
  3073 ;; This function calls:
  3074 ;;		Nothing
  3075 ;; This function is called by:
  3076 ;;		_TMR0_Initialize
  3077 ;;		_main
  3078 ;; This function uses a non-reentrant model
  3079 ;;
  3080                           
  3081     04C0                     _TMR0_SetInterruptHandler:	
  3082                           ;psect for function _TMR0_SetInterruptHandler
  3083                           
  3084     04C0                     l2024:	
  3085                           ;incstack = 0
  3086                           ; Regs used in _TMR0_SetInterruptHandler: [wreg]
  3087                           
  3088                           
  3089                           ;mcc_generated_files/tmr0.c: 141:     TMR0_InterruptHandler = InterruptHandler;
  3090     04C0  0020               	movlb	0	; select bank0
  3091     04C1  0845               	movf	TMR0_SetInterruptHandler@InterruptHandler+1,w
  3092     04C2  00B4               	movwf	_TMR0_InterruptHandler+1
  3093     04C3  0844               	movf	TMR0_SetInterruptHandler@InterruptHandler,w
  3094     04C4  00B3               	movwf	_TMR0_InterruptHandler
  3095     04C5                     l179:
  3096     04C5  0008               	return
  3097     04C6                     __end_of_TMR0_SetInterruptHandler:
  3098                           
  3099                           	psect	text9
  3100     03D3                     __ptext9:	
  3101 ;; *************** function _PIN_MANAGER_Initialize *****************
  3102 ;; Defined at:
  3103 ;;		line 55 in file "mcc_generated_files/pin_manager.c"
  3104 ;; Parameters:    Size  Location     Type
  3105 ;;		None
  3106 ;; Auto vars:     Size  Location     Type
  3107 ;;		None
  3108 ;; Return value:  Size  Location     Type
  3109 ;;                  1    wreg      void 
  3110 ;; Registers used:
  3111 ;;		wreg, status,2
  3112 ;; Tracked objects:
  3113 ;;		On entry : 0/0
  3114 ;;		On exit  : 0/0
  3115 ;;		Unchanged: 0/0
  3116 ;; Data sizes:     COMMON   BANK0   BANK1   BANK2   BANK3   BANK4   BANK5   BANK6
  3117 ;;      Params:         0       0       0       0       0       0       0       0
  3118 ;;      Locals:         0       0       0       0       0       0       0       0
  3119 ;;      Temps:          0       0       0       0       0       0       0       0
  3120 ;;      Totals:         0       0       0       0       0       0       0       0
  3121 ;;Total ram usage:        0 bytes
  3122 ;; Hardware stack levels used: 1
  3123 ;; Hardware stack levels required when called: 4
  3124 ;; This function calls:
  3125 ;;		Nothing
  3126 ;; This function is called by:
  3127 ;;		_SYSTEM_Initialize
  3128 ;; This function uses a non-reentrant model
  3129 ;;
  3130                           
  3131     03D3                     _PIN_MANAGER_Initialize:	
  3132                           ;psect for function _PIN_MANAGER_Initialize
  3133                           
  3134     03D3                     l2026:	
  3135                           ;incstack = 0
  3136                           ; Regs used in _PIN_MANAGER_Initialize: [wreg+status,2]
  3137                           
  3138                           
  3139                           ;mcc_generated_files/pin_manager.c: 60:     LATE = 0x00;
  3140     03D3  0022               	movlb	2	; select bank2
  3141     03D4  0190               	clrf	16	;volatile
  3142     03D5                     l2028:
  3143                           
  3144                           ;mcc_generated_files/pin_manager.c: 61:     LATA = 0x01;
  3145     03D5  3001               	movlw	1
  3146     03D6  008C               	movwf	12	;volatile
  3147     03D7                     l2030:
  3148                           
  3149                           ;mcc_generated_files/pin_manager.c: 62:     LATB = 0x00;
  3150     03D7  018D               	clrf	13	;volatile
  3151                           
  3152                           ;mcc_generated_files/pin_manager.c: 63:     LATC = 0x10;
  3153     03D8  3010               	movlw	16
  3154     03D9  008E               	movwf	14	;volatile
  3155                           
  3156                           ;mcc_generated_files/pin_manager.c: 68:     TRISE = 0x08;
  3157     03DA  3008               	movlw	8
  3158     03DB  0021               	movlb	1	; select bank1
  3159     03DC  0090               	movwf	16	;volatile
  3160                           
  3161                           ;mcc_generated_files/pin_manager.c: 69:     TRISA = 0xF6;
  3162     03DD  30F6               	movlw	246
  3163     03DE  008C               	movwf	12	;volatile
  3164                           
  3165                           ;mcc_generated_files/pin_manager.c: 70:     TRISB = 0xBF;
  3166     03DF  30BF               	movlw	191
  3167     03E0  008D               	movwf	13	;volatile
  3168                           
  3169                           ;mcc_generated_files/pin_manager.c: 71:     TRISC = 0xFD;
  3170     03E1  30FD               	movlw	253
  3171     03E2  008E               	movwf	14	;volatile
  3172                           
  3173                           ;mcc_generated_files/pin_manager.c: 76:     ANSELB = 0x3F;
  3174     03E3  303F               	movlw	63
  3175     03E4  0023               	movlb	3	; select bank3
  3176     03E5  008D               	movwf	13	;volatile
  3177                           
  3178                           ;mcc_generated_files/pin_manager.c: 77:     ANSELA = 0x3F;
  3179     03E6  303F               	movlw	63
  3180     03E7  008C               	movwf	12	;volatile
  3181     03E8                     l2032:
  3182                           
  3183                           ;mcc_generated_files/pin_manager.c: 82:     WPUE = 0x00;
  3184     03E8  0024               	movlb	4	; select bank4
  3185     03E9  0190               	clrf	16	;volatile
  3186     03EA                     l2034:
  3187                           
  3188                           ;mcc_generated_files/pin_manager.c: 83:     WPUB = 0x00;
  3189     03EA  018D               	clrf	13	;volatile
  3190     03EB                     l2036:
  3191                           
  3192                           ;mcc_generated_files/pin_manager.c: 84:     OPTION_REGbits.nWPUEN = 1;
  3193     03EB  0021               	movlb	1	; select bank1
  3194     03EC  1795               	bsf	21,7	;volatile
  3195     03ED                     l2038:
  3196                           
  3197                           ;mcc_generated_files/pin_manager.c: 90:     APFCON = 0x00;
  3198     03ED  0022               	movlb	2	; select bank2
  3199     03EE  019D               	clrf	29	;volatile
  3200     03EF                     l135:
  3201     03EF  0008               	return
  3202     03F0                     __end_of_PIN_MANAGER_Initialize:
  3203                           
  3204                           	psect	text10
  3205     0496                     __ptext10:	
  3206 ;; *************** function _OSCILLATOR_Initialize *****************
  3207 ;; Defined at:
  3208 ;;		line 63 in file "mcc_generated_files/mcc.c"
  3209 ;; Parameters:    Size  Location     Type
  3210 ;;		None
  3211 ;; Auto vars:     Size  Location     Type
  3212 ;;		None
  3213 ;; Return value:  Size  Location     Type
  3214 ;;                  1    wreg      void 
  3215 ;; Registers used:
  3216 ;;		wreg, status,2
  3217 ;; Tracked objects:
  3218 ;;		On entry : 0/0
  3219 ;;		On exit  : 0/0
  3220 ;;		Unchanged: 0/0
  3221 ;; Data sizes:     COMMON   BANK0   BANK1   BANK2   BANK3   BANK4   BANK5   BANK6
  3222 ;;      Params:         0       0       0       0       0       0       0       0
  3223 ;;      Locals:         0       0       0       0       0       0       0       0
  3224 ;;      Temps:          0       0       0       0       0       0       0       0
  3225 ;;      Totals:         0       0       0       0       0       0       0       0
  3226 ;;Total ram usage:        0 bytes
  3227 ;; Hardware stack levels used: 1
  3228 ;; Hardware stack levels required when called: 4
  3229 ;; This function calls:
  3230 ;;		Nothing
  3231 ;; This function is called by:
  3232 ;;		_SYSTEM_Initialize
  3233 ;; This function uses a non-reentrant model
  3234 ;;
  3235                           
  3236     0496                     _OSCILLATOR_Initialize:	
  3237                           ;psect for function _OSCILLATOR_Initialize
  3238                           
  3239     0496                     l2040:	
  3240                           ;incstack = 0
  3241                           ; Regs used in _OSCILLATOR_Initialize: [wreg+status,2]
  3242                           
  3243                           
  3244                           ;mcc_generated_files/mcc.c: 66:     OSCCON = 0x70;
  3245     0496  3070               	movlw	112
  3246     0497  0021               	movlb	1	; select bank1
  3247     0498  0099               	movwf	25	;volatile
  3248     0499                     l2042:
  3249                           
  3250                           ;mcc_generated_files/mcc.c: 68:     OSCTUNE = 0x00;
  3251     0499  0198               	clrf	24	;volatile
  3252     049A                     l2044:
  3253                           
  3254                           ;mcc_generated_files/mcc.c: 70:     BORCON = 0x00;
  3255     049A  0022               	movlb	2	; select bank2
  3256     049B  0196               	clrf	22	;volatile
  3257     049C                     l32:	
  3258                           ;mcc_generated_files/mcc.c: 73:     {;mcc_generated_files/mcc.c: 74:     }
  3259                           
  3260                           
  3261                           ;mcc_generated_files/mcc.c: 72:     while(PLLR == 0)
  3262     049C  0021               	movlb	1	; select bank1
  3263     049D  1F1A               	btfss	26,6	;volatile
  3264     049E  2CA0               	goto	u2161
  3265     049F  2CA1               	goto	u2160
  3266     04A0                     u2161:
  3267     04A0  2C9C               	goto	l32
  3268     04A1                     u2160:
  3269     04A1                     l35:
  3270     04A1  0008               	return
  3271     04A2                     __end_of_OSCILLATOR_Initialize:
  3272                           
  3273                           	psect	text11
  3274     047C                     __ptext11:	
  3275 ;; *************** function _EPWM2_Initialize *****************
  3276 ;; Defined at:
  3277 ;;		line 64 in file "mcc_generated_files/epwm2.c"
  3278 ;; Parameters:    Size  Location     Type
  3279 ;;		None
  3280 ;; Auto vars:     Size  Location     Type
  3281 ;;		None
  3282 ;; Return value:  Size  Location     Type
  3283 ;;                  1    wreg      void 
  3284 ;; Registers used:
  3285 ;;		wreg, status,2, status,0
  3286 ;; Tracked objects:
  3287 ;;		On entry : 0/0
  3288 ;;		On exit  : 0/0
  3289 ;;		Unchanged: 0/0
  3290 ;; Data sizes:     COMMON   BANK0   BANK1   BANK2   BANK3   BANK4   BANK5   BANK6
  3291 ;;      Params:         0       0       0       0       0       0       0       0
  3292 ;;      Locals:         0       0       0       0       0       0       0       0
  3293 ;;      Temps:          0       0       0       0       0       0       0       0
  3294 ;;      Totals:         0       0       0       0       0       0       0       0
  3295 ;;Total ram usage:        0 bytes
  3296 ;; Hardware stack levels used: 1
  3297 ;; Hardware stack levels required when called: 4
  3298 ;; This function calls:
  3299 ;;		Nothing
  3300 ;; This function is called by:
  3301 ;;		_SYSTEM_Initialize
  3302 ;; This function uses a non-reentrant model
  3303 ;;
  3304                           
  3305     047C                     _EPWM2_Initialize:	
  3306                           ;psect for function _EPWM2_Initialize
  3307                           
  3308     047C                     l2048:	
  3309                           ;incstack = 0
  3310                           ; Regs used in _EPWM2_Initialize: [wreg+status,2+status,0]
  3311                           
  3312                           
  3313                           ;mcc_generated_files/epwm2.c: 69:  CCP2CON = 0x0C;
  3314     047C  300C               	movlw	12
  3315     047D  0025               	movlb	5	; select bank5
  3316     047E  009A               	movwf	26	;volatile
  3317     047F                     l2050:
  3318                           
  3319                           ;mcc_generated_files/epwm2.c: 72:  ECCP2AS = 0x00;
  3320     047F  019C               	clrf	28	;volatile
  3321     0480                     l2052:
  3322                           
  3323                           ;mcc_generated_files/epwm2.c: 75:  PWM2CON = 0x80;
  3324     0480  3080               	movlw	128
  3325     0481  009B               	movwf	27	;volatile
  3326     0482                     l2054:
  3327                           
  3328                           ;mcc_generated_files/epwm2.c: 78:  PSTR2CON = 0x01;
  3329     0482  3001               	movlw	1
  3330     0483  009D               	movwf	29	;volatile
  3331     0484                     l2056:
  3332                           
  3333                           ;mcc_generated_files/epwm2.c: 81:  CCPR2H = 0x00;
  3334     0484  0199               	clrf	25	;volatile
  3335     0485                     l2058:
  3336                           
  3337                           ;mcc_generated_files/epwm2.c: 84:  CCPR2L = 0x00;
  3338     0485  0198               	clrf	24	;volatile
  3339     0486                     l2060:
  3340                           
  3341                           ;mcc_generated_files/epwm2.c: 87:  CCPTMRS0bits.C2TSEL = 0x0;
  3342     0486  30F3               	movlw	-13
  3343     0487  059E               	andwf	30,f	;volatile
  3344     0488                     l249:
  3345     0488  0008               	return
  3346     0489                     __end_of_EPWM2_Initialize:
  3347                           
  3348                           	psect	text12
  3349     04A2                     __ptext12:	
  3350 ;; *************** function _ECCP3_Initialize *****************
  3351 ;; Defined at:
  3352 ;;		line 59 in file "mcc_generated_files/eccp3.c"
  3353 ;; Parameters:    Size  Location     Type
  3354 ;;		None
  3355 ;; Auto vars:     Size  Location     Type
  3356 ;;		None
  3357 ;; Return value:  Size  Location     Type
  3358 ;;                  1    wreg      void 
  3359 ;; Registers used:
  3360 ;;		wreg, status,2
  3361 ;; Tracked objects:
  3362 ;;		On entry : 0/0
  3363 ;;		On exit  : 0/0
  3364 ;;		Unchanged: 0/0
  3365 ;; Data sizes:     COMMON   BANK0   BANK1   BANK2   BANK3   BANK4   BANK5   BANK6
  3366 ;;      Params:         0       0       0       0       0       0       0       0
  3367 ;;      Locals:         0       0       0       0       0       0       0       0
  3368 ;;      Temps:          0       0       0       0       0       0       0       0
  3369 ;;      Totals:         0       0       0       0       0       0       0       0
  3370 ;;Total ram usage:        0 bytes
  3371 ;; Hardware stack levels used: 1
  3372 ;; Hardware stack levels required when called: 4
  3373 ;; This function calls:
  3374 ;;		Nothing
  3375 ;; This function is called by:
  3376 ;;		_SYSTEM_Initialize
  3377 ;; This function uses a non-reentrant model
  3378 ;;
  3379                           
  3380     04A2                     _ECCP3_Initialize:	
  3381                           ;psect for function _ECCP3_Initialize
  3382                           
  3383     04A2                     l2062:	
  3384                           ;incstack = 0
  3385                           ; Regs used in _ECCP3_Initialize: [wreg+status,2]
  3386                           
  3387                           
  3388                           ;mcc_generated_files/eccp3.c: 64:  CCP3CON = 0x05;
  3389     04A2  3005               	movlw	5
  3390     04A3  0026               	movlb	6	; select bank6
  3391     04A4  0093               	movwf	19	;volatile
  3392     04A5                     l2064:
  3393                           
  3394                           ;mcc_generated_files/eccp3.c: 67:  CCPR3H = 0x00;
  3395     04A5  0192               	clrf	18	;volatile
  3396     04A6                     l2066:
  3397                           
  3398                           ;mcc_generated_files/eccp3.c: 70:  CCPR3L = 0x00;
  3399     04A6  0191               	clrf	17	;volatile
  3400     04A7                     l2068:
  3401                           
  3402                           ;mcc_generated_files/eccp3.c: 73:     PIR3bits.CCP3IF = 0;
  3403     04A7  0020               	movlb	0	; select bank0
  3404     04A8  1213               	bcf	19,4	;volatile
  3405     04A9                     l2070:
  3406                           
  3407                           ;mcc_generated_files/eccp3.c: 76:     PIE3bits.CCP3IE = 1;
  3408     04A9  0021               	movlb	1	; select bank1
  3409     04AA  1613               	bsf	19,4	;volatile
  3410     04AB                     l229:
  3411     04AB  0008               	return
  3412     04AC                     __end_of_ECCP3_Initialize:
  3413                           
  3414                           	psect	text13
  3415     0046                     __ptext13:	
  3416 ;; *************** function _LED_output *****************
  3417 ;; Defined at:
  3418 ;;		line 263 in file "main.c"
  3419 ;; Parameters:    Size  Location     Type
  3420 ;;		None
  3421 ;; Auto vars:     Size  Location     Type
  3422 ;;  i               1    6[BANK0 ] unsigned char 
  3423 ;;  crc8            1    5[BANK0 ] unsigned char 
  3424 ;; Return value:  Size  Location     Type
  3425 ;;                  1    wreg      void 
  3426 ;; Registers used:
  3427 ;;		wreg, fsr1l, fsr1h, status,2, status,0, pclath, cstack
  3428 ;; Tracked objects:
  3429 ;;		On entry : 0/0
  3430 ;;		On exit  : 0/0
  3431 ;;		Unchanged: 0/0
  3432 ;; Data sizes:     COMMON   BANK0   BANK1   BANK2   BANK3   BANK4   BANK5   BANK6
  3433 ;;      Params:         0       0       0       0       0       0       0       0
  3434 ;;      Locals:         0       2       0       0       0       0       0       0
  3435 ;;      Temps:          0       1       0       0       0       0       0       0
  3436 ;;      Totals:         0       3       0       0       0       0       0       0
  3437 ;;Total ram usage:        3 bytes
  3438 ;; Hardware stack levels used: 1
  3439 ;; Hardware stack levels required when called: 5
  3440 ;; This function calls:
  3441 ;;		_EPWM2_LoadDutyValue
  3442 ;; This function is called by:
  3443 ;;		_main
  3444 ;; This function uses a non-reentrant model
  3445 ;;
  3446                           
  3447     0046                     _LED_output:	
  3448                           ;psect for function _LED_output
  3449                           
  3450     0046                     l2116:	
  3451                           ;incstack = 0
  3452                           ; Regs used in _LED_output: [wreg+fsr1l+fsr1h+status,2+status,0+pclath+cstack]
  3453                           
  3454                           
  3455                           ;main.c: 264:   uint8_t crc8 = CS[csFlag.Byte];
  3456     0046  0020               	movlb	0	; select bank0
  3457     0047  083F               	movf	_csFlag,w
  3458     0048  3EA0               	addlw	(low (_CS| 0))& (0+255)
  3459     0049  0086               	movwf	6
  3460     004A  0187               	clrf	7
  3461     004B  0801               	movf	1,w
  3462     004C  00C9               	movwf	LED_output@crc8
  3463     004D                     l2118:
  3464                           
  3465                           ;main.c: 267:   if (data_buf[10] != crc8)
  3466     004D  082A               	movf	_data_buf+10,w
  3467     004E  0649               	xorwf	LED_output@crc8,w
  3468     004F  1903               	skipnz
  3469     0050  2852               	goto	u2201
  3470     0051  2853               	goto	u2200
  3471     0052                     u2201:
  3472     0052  2854               	goto	l2122
  3473     0053                     u2200:
  3474     0053  29D2               	goto	l303
  3475     0054                     l2122:
  3476                           
  3477                           ;main.c: 269:   if (data_buf[0] != 0xC8)
  3478     0054  30C8               	movlw	200
  3479     0055  0620               	xorwf	_data_buf,w
  3480     0056  1903               	btfsc	3,2
  3481     0057  2859               	goto	u2211
  3482     0058  285A               	goto	u2210
  3483     0059                     u2211:
  3484     0059  285B               	goto	l2126
  3485     005A                     u2210:
  3486     005A  29D2               	goto	l303
  3487     005B                     l2126:
  3488                           
  3489                           ;main.c: 271:   if (data_buf[1] != 0x8B)
  3490     005B  308B               	movlw	139
  3491     005C  0621               	xorwf	_data_buf+1,w
  3492     005D  1903               	btfsc	3,2
  3493     005E  2860               	goto	u2221
  3494     005F  2861               	goto	u2220
  3495     0060                     u2221:
  3496     0060  2862               	goto	l2130
  3497     0061                     u2220:
  3498     0061  29D2               	goto	l303
  3499     0062                     l2130:
  3500     0062  1003               	clrc
  3501     0063  0022               	movlb	2	; select bank2
  3502     0064  1F0D               	btfss	13,6	;volatile
  3503     0065  1403               	setc
  3504     0066  1803               	btfsc	3,0
  3505     0067  2869               	goto	u2231
  3506     0068  286C               	goto	u2230
  3507     0069                     u2231:
  3508     0069  0022               	movlb	2	; select bank2
  3509     006A  170D               	bsf	13,6	;volatile
  3510     006B  286E               	goto	u2244
  3511     006C                     u2230:
  3512     006C  0022               	movlb	2	; select bank2
  3513     006D  130D               	bcf	13,6	;volatile
  3514     006E                     u2244:
  3515     006E                     l2132:
  3516                           
  3517                           ;main.c: 275:   T10MS_CNT = 0;
  3518     006E  0020               	movlb	0	; select bank0
  3519     006F  01BE               	clrf	_T10MS_CNT	;volatile
  3520     0070                     l2134:
  3521                           
  3522                           ;main.c: 278:   if (csFlag.RunLight == 1) {
  3523     0070  1EBF               	btfss	_csFlag,5
  3524     0071  2873               	goto	u2251
  3525     0072  2874               	goto	u2250
  3526     0073                     u2251:
  3527     0073  2877               	goto	l312
  3528     0074                     u2250:
  3529     0074                     l309:	
  3530                           ;main.c: 279:     do { LATAbits.LATA3 = 1; } while(0);
  3531                           
  3532     0074  0022               	movlb	2	; select bank2
  3533     0075  158C               	bsf	12,3	;volatile
  3534     0076  2879               	goto	l311
  3535     0077                     l312:	
  3536                           ;main.c: 281:     do { LATAbits.LATA3 = 0; } while(0);
  3537                           
  3538     0077  0022               	movlb	2	; select bank2
  3539     0078  118C               	bcf	12,3	;volatile
  3540     0079                     l311:	
  3541                           ;main.c: 282:   }
  3542                           
  3543                           
  3544                           ;main.c: 284:   if (csFlag.HiBeam == 0 && csFlag.LoBeam == 0 && csFlag.DRL == 0 && csFla
      +                          g.RunLight == 0) {
  3545     0079  0020               	movlb	0	; select bank0
  3546     007A  193F               	btfsc	_csFlag,2
  3547     007B  287D               	goto	u2261
  3548     007C  287E               	goto	u2260
  3549     007D                     u2261:
  3550     007D  2894               	goto	l314
  3551     007E                     u2260:
  3552     007E                     l2136:
  3553     007E  19BF               	btfsc	_csFlag,3
  3554     007F  2881               	goto	u2271
  3555     0080  2882               	goto	u2270
  3556     0081                     u2271:
  3557     0081  2894               	goto	l314
  3558     0082                     u2270:
  3559     0082                     l2138:
  3560     0082  1A3F               	btfsc	_csFlag,4
  3561     0083  2885               	goto	u2281
  3562     0084  2886               	goto	u2280
  3563     0085                     u2281:
  3564     0085  2894               	goto	l314
  3565     0086                     u2280:
  3566     0086                     l2140:
  3567     0086  1ABF               	btfsc	_csFlag,5
  3568     0087  2889               	goto	u2291
  3569     0088  288A               	goto	u2290
  3570     0089                     u2291:
  3571     0089  2894               	goto	l314
  3572     008A                     u2290:
  3573     008A                     l315:	
  3574                           ;main.c: 286:     do { LATAbits.LATA0 = 0; } while(0);
  3575                           
  3576     008A  0022               	movlb	2	; select bank2
  3577     008B  100C               	bcf	12,0	;volatile
  3578     008C                     l2142:
  3579                           
  3580                           ;main.c: 287:     EPWM2_LoadDutyValue((0));;
  3581     008C  3000               	movlw	0
  3582     008D  0020               	movlb	0	; select bank0
  3583     008E  00C4               	movwf	EPWM2_LoadDutyValue@dutyValue
  3584     008F  00C5               	movwf	EPWM2_LoadDutyValue@dutyValue+1
  3585     0090  3183  23F0  3180   	fcall	_EPWM2_LoadDutyValue
  3586                           
  3587                           ;main.c: 288:   } else if (csFlag.HiBeam == 0 && csFlag.LoBeam == 0 && csFlag.DRL == 0 &
      +                          & csFlag.RunLight == 1) {
  3588     0093  29C1               	goto	l2264
  3589     0094                     l314:
  3590     0094  193F               	btfsc	_csFlag,2
  3591     0095  2897               	goto	u2301
  3592     0096  2898               	goto	u2300
  3593     0097                     u2301:
  3594     0097  28A7               	goto	l318
  3595     0098                     u2300:
  3596     0098                     l2144:
  3597     0098  19BF               	btfsc	_csFlag,3
  3598     0099  289B               	goto	u2311
  3599     009A  289C               	goto	u2310
  3600     009B                     u2311:
  3601     009B  28A7               	goto	l318
  3602     009C                     u2310:
  3603     009C                     l2146:
  3604     009C  1A3F               	btfsc	_csFlag,4
  3605     009D  289F               	goto	u2321
  3606     009E  28A0               	goto	u2320
  3607     009F                     u2321:
  3608     009F  28A7               	goto	l318
  3609     00A0                     u2320:
  3610     00A0                     l2148:
  3611     00A0  1EBF               	btfss	_csFlag,5
  3612     00A1  28A3               	goto	u2331
  3613     00A2  28A4               	goto	u2330
  3614     00A3                     u2331:
  3615     00A3  28A7               	goto	l318
  3616     00A4                     u2330:
  3617     00A4                     l319:	
  3618                           ;main.c: 290:     do { LATAbits.LATA0 = 0; } while(0);
  3619                           
  3620     00A4  0022               	movlb	2	; select bank2
  3621     00A5  100C               	bcf	12,0	;volatile
  3622     00A6  288C               	goto	l2142
  3623     00A7                     l318:
  3624     00A7  193F               	btfsc	_csFlag,2
  3625     00A8  28AA               	goto	u2341
  3626     00A9  28AB               	goto	u2340
  3627     00AA                     u2341:
  3628     00AA  28C2               	goto	l322
  3629     00AB                     u2340:
  3630     00AB                     l2152:
  3631     00AB  19BF               	btfsc	_csFlag,3
  3632     00AC  28AE               	goto	u2351
  3633     00AD  28AF               	goto	u2350
  3634     00AE                     u2351:
  3635     00AE  28C2               	goto	l322
  3636     00AF                     u2350:
  3637     00AF                     l2154:
  3638     00AF  1E3F               	btfss	_csFlag,4
  3639     00B0  28B2               	goto	u2361
  3640     00B1  28B3               	goto	u2360
  3641     00B2                     u2361:
  3642     00B2  28C2               	goto	l322
  3643     00B3                     u2360:
  3644     00B3                     l2156:
  3645     00B3  1ABF               	btfsc	_csFlag,5
  3646     00B4  28B6               	goto	u2371
  3647     00B5  28B7               	goto	u2370
  3648     00B6                     u2371:
  3649     00B6  28C2               	goto	l322
  3650     00B7                     u2370:
  3651     00B7                     l323:	
  3652                           ;main.c: 294:     do { LATAbits.LATA0 = 0; } while(0);
  3653                           
  3654     00B7  0022               	movlb	2	; select bank2
  3655     00B8  100C               	bcf	12,0	;volatile
  3656     00B9                     l2158:
  3657                           
  3658                           ;main.c: 295:     EPWM2_LoadDutyValue((199));
  3659     00B9  30C7               	movlw	199
  3660     00BA  0020               	movlb	0	; select bank0
  3661     00BB  00C4               	movwf	EPWM2_LoadDutyValue@dutyValue
  3662     00BC  3000               	movlw	0
  3663     00BD  00C5               	movwf	EPWM2_LoadDutyValue@dutyValue+1
  3664     00BE  3183  23F0  3180   	fcall	_EPWM2_LoadDutyValue
  3665                           
  3666                           ;main.c: 296:   } else if (csFlag.HiBeam == 0 && csFlag.LoBeam == 0 && csFlag.DRL == 1 &
      +                          & csFlag.RunLight == 1) {
  3667     00C1  29C1               	goto	l2264
  3668     00C2                     l322:
  3669     00C2  193F               	btfsc	_csFlag,2
  3670     00C3  28C5               	goto	u2381
  3671     00C4  28C6               	goto	u2380
  3672     00C5                     u2381:
  3673     00C5  28D5               	goto	l326
  3674     00C6                     u2380:
  3675     00C6                     l2160:
  3676     00C6  19BF               	btfsc	_csFlag,3
  3677     00C7  28C9               	goto	u2391
  3678     00C8  28CA               	goto	u2390
  3679     00C9                     u2391:
  3680     00C9  28D5               	goto	l326
  3681     00CA                     u2390:
  3682     00CA                     l2162:
  3683     00CA  1E3F               	btfss	_csFlag,4
  3684     00CB  28CD               	goto	u2401
  3685     00CC  28CE               	goto	u2400
  3686     00CD                     u2401:
  3687     00CD  28D5               	goto	l326
  3688     00CE                     u2400:
  3689     00CE                     l2164:
  3690     00CE  1EBF               	btfss	_csFlag,5
  3691     00CF  28D1               	goto	u2411
  3692     00D0  28D2               	goto	u2410
  3693     00D1                     u2411:
  3694     00D1  28D5               	goto	l326
  3695     00D2                     u2410:
  3696     00D2                     l327:	
  3697                           ;main.c: 298:     do { LATAbits.LATA0 = 0; } while(0);
  3698                           
  3699     00D2  0022               	movlb	2	; select bank2
  3700     00D3  100C               	bcf	12,0	;volatile
  3701     00D4  28B9               	goto	l2158
  3702     00D5                     l326:
  3703     00D5  193F               	btfsc	_csFlag,2
  3704     00D6  28D8               	goto	u2421
  3705     00D7  28D9               	goto	u2420
  3706     00D8                     u2421:
  3707     00D8  28F0               	goto	l330
  3708     00D9                     u2420:
  3709     00D9                     l2168:
  3710     00D9  1DBF               	btfss	_csFlag,3
  3711     00DA  28DC               	goto	u2431
  3712     00DB  28DD               	goto	u2430
  3713     00DC                     u2431:
  3714     00DC  28F0               	goto	l330
  3715     00DD                     u2430:
  3716     00DD                     l2170:
  3717     00DD  1A3F               	btfsc	_csFlag,4
  3718     00DE  28E0               	goto	u2441
  3719     00DF  28E1               	goto	u2440
  3720     00E0                     u2441:
  3721     00E0  28F0               	goto	l330
  3722     00E1                     u2440:
  3723     00E1                     l2172:
  3724     00E1  1ABF               	btfsc	_csFlag,5
  3725     00E2  28E4               	goto	u2451
  3726     00E3  28E5               	goto	u2450
  3727     00E4                     u2451:
  3728     00E4  28F0               	goto	l330
  3729     00E5                     u2450:
  3730     00E5                     l331:	
  3731                           ;main.c: 302:     do { LATAbits.LATA0 = 0; } while(0);
  3732                           
  3733     00E5  0022               	movlb	2	; select bank2
  3734     00E6  100C               	bcf	12,0	;volatile
  3735     00E7                     l2174:
  3736                           
  3737                           ;main.c: 303:     EPWM2_LoadDutyValue((499));;
  3738     00E7  30F3               	movlw	243
  3739     00E8  0020               	movlb	0	; select bank0
  3740     00E9  00C4               	movwf	EPWM2_LoadDutyValue@dutyValue
  3741     00EA  3001               	movlw	1
  3742     00EB  00C5               	movwf	EPWM2_LoadDutyValue@dutyValue+1
  3743     00EC  3183  23F0  3180   	fcall	_EPWM2_LoadDutyValue
  3744                           
  3745                           ;main.c: 304:   } else if (csFlag.HiBeam == 0 && csFlag.LoBeam == 1 && csFlag.DRL == 0 &
      +                          & csFlag.RunLight == 1) {
  3746     00EF  29C1               	goto	l2264
  3747     00F0                     l330:
  3748     00F0  193F               	btfsc	_csFlag,2
  3749     00F1  28F3               	goto	u2461
  3750     00F2  28F4               	goto	u2460
  3751     00F3                     u2461:
  3752     00F3  2903               	goto	l334
  3753     00F4                     u2460:
  3754     00F4                     l2176:
  3755     00F4  1DBF               	btfss	_csFlag,3
  3756     00F5  28F7               	goto	u2471
  3757     00F6  28F8               	goto	u2470
  3758     00F7                     u2471:
  3759     00F7  2903               	goto	l334
  3760     00F8                     u2470:
  3761     00F8                     l2178:
  3762     00F8  1A3F               	btfsc	_csFlag,4
  3763     00F9  28FB               	goto	u2481
  3764     00FA  28FC               	goto	u2480
  3765     00FB                     u2481:
  3766     00FB  2903               	goto	l334
  3767     00FC                     u2480:
  3768     00FC                     l2180:
  3769     00FC  1EBF               	btfss	_csFlag,5
  3770     00FD  28FF               	goto	u2491
  3771     00FE  2900               	goto	u2490
  3772     00FF                     u2491:
  3773     00FF  2903               	goto	l334
  3774     0100                     u2490:
  3775     0100                     l335:	
  3776                           ;main.c: 306:     do { LATAbits.LATA0 = 0; } while(0);
  3777                           
  3778     0100  0022               	movlb	2	; select bank2
  3779     0101  100C               	bcf	12,0	;volatile
  3780     0102  28E7               	goto	l2174
  3781     0103                     l334:
  3782     0103  193F               	btfsc	_csFlag,2
  3783     0104  2906               	goto	u2501
  3784     0105  2907               	goto	u2500
  3785     0106                     u2501:
  3786     0106  2916               	goto	l338
  3787     0107                     u2500:
  3788     0107                     l2184:
  3789     0107  1DBF               	btfss	_csFlag,3
  3790     0108  290A               	goto	u2511
  3791     0109  290B               	goto	u2510
  3792     010A                     u2511:
  3793     010A  2916               	goto	l338
  3794     010B                     u2510:
  3795     010B                     l2186:
  3796     010B  1E3F               	btfss	_csFlag,4
  3797     010C  290E               	goto	u2521
  3798     010D  290F               	goto	u2520
  3799     010E                     u2521:
  3800     010E  2916               	goto	l338
  3801     010F                     u2520:
  3802     010F                     l2188:
  3803     010F  1ABF               	btfsc	_csFlag,5
  3804     0110  2912               	goto	u2531
  3805     0111  2913               	goto	u2530
  3806     0112                     u2531:
  3807     0112  2916               	goto	l338
  3808     0113                     u2530:
  3809     0113                     l339:	
  3810                           ;main.c: 310:     do { LATAbits.LATA0 = 0; } while(0);
  3811                           
  3812     0113  0022               	movlb	2	; select bank2
  3813     0114  100C               	bcf	12,0	;volatile
  3814     0115  28E7               	goto	l2174
  3815     0116                     l338:
  3816     0116  193F               	btfsc	_csFlag,2
  3817     0117  2919               	goto	u2541
  3818     0118  291A               	goto	u2540
  3819     0119                     u2541:
  3820     0119  2929               	goto	l342
  3821     011A                     u2540:
  3822     011A                     l2192:
  3823     011A  1DBF               	btfss	_csFlag,3
  3824     011B  291D               	goto	u2551
  3825     011C  291E               	goto	u2550
  3826     011D                     u2551:
  3827     011D  2929               	goto	l342
  3828     011E                     u2550:
  3829     011E                     l2194:
  3830     011E  1E3F               	btfss	_csFlag,4
  3831     011F  2921               	goto	u2561
  3832     0120  2922               	goto	u2560
  3833     0121                     u2561:
  3834     0121  2929               	goto	l342
  3835     0122                     u2560:
  3836     0122                     l2196:
  3837     0122  1EBF               	btfss	_csFlag,5
  3838     0123  2925               	goto	u2571
  3839     0124  2926               	goto	u2570
  3840     0125                     u2571:
  3841     0125  2929               	goto	l342
  3842     0126                     u2570:
  3843     0126                     l343:	
  3844                           ;main.c: 314:     do { LATAbits.LATA0 = 0; } while(0);
  3845                           
  3846     0126  0022               	movlb	2	; select bank2
  3847     0127  100C               	bcf	12,0	;volatile
  3848     0128  28E7               	goto	l2174
  3849     0129                     l342:
  3850     0129  1D3F               	btfss	_csFlag,2
  3851     012A  292C               	goto	u2581
  3852     012B  292D               	goto	u2580
  3853     012C                     u2581:
  3854     012C  293C               	goto	l346
  3855     012D                     u2580:
  3856     012D                     l2200:
  3857     012D  19BF               	btfsc	_csFlag,3
  3858     012E  2930               	goto	u2591
  3859     012F  2931               	goto	u2590
  3860     0130                     u2591:
  3861     0130  293C               	goto	l346
  3862     0131                     u2590:
  3863     0131                     l2202:
  3864     0131  1A3F               	btfsc	_csFlag,4
  3865     0132  2934               	goto	u2601
  3866     0133  2935               	goto	u2600
  3867     0134                     u2601:
  3868     0134  293C               	goto	l346
  3869     0135                     u2600:
  3870     0135                     l2204:
  3871     0135  1ABF               	btfsc	_csFlag,5
  3872     0136  2938               	goto	u2611
  3873     0137  2939               	goto	u2610
  3874     0138                     u2611:
  3875     0138  293C               	goto	l346
  3876     0139                     u2610:
  3877     0139                     l347:	
  3878                           ;main.c: 318:     do { LATAbits.LATA0 = 1; } while(0);
  3879                           
  3880     0139  0022               	movlb	2	; select bank2
  3881     013A  140C               	bsf	12,0	;volatile
  3882     013B  288C               	goto	l2142
  3883     013C                     l346:
  3884     013C  1D3F               	btfss	_csFlag,2
  3885     013D  293F               	goto	u2621
  3886     013E  2940               	goto	u2620
  3887     013F                     u2621:
  3888     013F  294F               	goto	l350
  3889     0140                     u2620:
  3890     0140                     l2208:
  3891     0140  19BF               	btfsc	_csFlag,3
  3892     0141  2943               	goto	u2631
  3893     0142  2944               	goto	u2630
  3894     0143                     u2631:
  3895     0143  294F               	goto	l350
  3896     0144                     u2630:
  3897     0144                     l2210:
  3898     0144  1A3F               	btfsc	_csFlag,4
  3899     0145  2947               	goto	u2641
  3900     0146  2948               	goto	u2640
  3901     0147                     u2641:
  3902     0147  294F               	goto	l350
  3903     0148                     u2640:
  3904     0148                     l2212:
  3905     0148  1EBF               	btfss	_csFlag,5
  3906     0149  294B               	goto	u2651
  3907     014A  294C               	goto	u2650
  3908     014B                     u2651:
  3909     014B  294F               	goto	l350
  3910     014C                     u2650:
  3911     014C                     l351:	
  3912                           ;main.c: 322:     do { LATAbits.LATA0 = 0; } while(0);
  3913                           
  3914     014C  0022               	movlb	2	; select bank2
  3915     014D  100C               	bcf	12,0	;volatile
  3916     014E  288C               	goto	l2142
  3917     014F                     l350:
  3918     014F  1D3F               	btfss	_csFlag,2
  3919     0150  2952               	goto	u2661
  3920     0151  2953               	goto	u2660
  3921     0152                     u2661:
  3922     0152  2962               	goto	l354
  3923     0153                     u2660:
  3924     0153                     l2216:
  3925     0153  19BF               	btfsc	_csFlag,3
  3926     0154  2956               	goto	u2671
  3927     0155  2957               	goto	u2670
  3928     0156                     u2671:
  3929     0156  2962               	goto	l354
  3930     0157                     u2670:
  3931     0157                     l2218:
  3932     0157  1E3F               	btfss	_csFlag,4
  3933     0158  295A               	goto	u2681
  3934     0159  295B               	goto	u2680
  3935     015A                     u2681:
  3936     015A  2962               	goto	l354
  3937     015B                     u2680:
  3938     015B                     l2220:
  3939     015B  1ABF               	btfsc	_csFlag,5
  3940     015C  295E               	goto	u2691
  3941     015D  295F               	goto	u2690
  3942     015E                     u2691:
  3943     015E  2962               	goto	l354
  3944     015F                     u2690:
  3945     015F                     l355:	
  3946                           ;main.c: 326:     do { LATAbits.LATA0 = 0; } while(0);
  3947                           
  3948     015F  0022               	movlb	2	; select bank2
  3949     0160  100C               	bcf	12,0	;volatile
  3950     0161  28B9               	goto	l2158
  3951     0162                     l354:
  3952     0162  1D3F               	btfss	_csFlag,2
  3953     0163  2965               	goto	u2701
  3954     0164  2966               	goto	u2700
  3955     0165                     u2701:
  3956     0165  2975               	goto	l358
  3957     0166                     u2700:
  3958     0166                     l2224:
  3959     0166  19BF               	btfsc	_csFlag,3
  3960     0167  2969               	goto	u2711
  3961     0168  296A               	goto	u2710
  3962     0169                     u2711:
  3963     0169  2975               	goto	l358
  3964     016A                     u2710:
  3965     016A                     l2226:
  3966     016A  1E3F               	btfss	_csFlag,4
  3967     016B  296D               	goto	u2721
  3968     016C  296E               	goto	u2720
  3969     016D                     u2721:
  3970     016D  2975               	goto	l358
  3971     016E                     u2720:
  3972     016E                     l2228:
  3973     016E  1EBF               	btfss	_csFlag,5
  3974     016F  2971               	goto	u2731
  3975     0170  2972               	goto	u2730
  3976     0171                     u2731:
  3977     0171  2975               	goto	l358
  3978     0172                     u2730:
  3979     0172                     l359:	
  3980                           ;main.c: 330:     do { LATAbits.LATA0 = 0; } while(0);
  3981                           
  3982     0172  0022               	movlb	2	; select bank2
  3983     0173  100C               	bcf	12,0	;volatile
  3984     0174  28B9               	goto	l2158
  3985     0175                     l358:
  3986     0175  1D3F               	btfss	_csFlag,2
  3987     0176  2978               	goto	u2741
  3988     0177  2979               	goto	u2740
  3989     0178                     u2741:
  3990     0178  2988               	goto	l362
  3991     0179                     u2740:
  3992     0179                     l2232:
  3993     0179  1DBF               	btfss	_csFlag,3
  3994     017A  297C               	goto	u2751
  3995     017B  297D               	goto	u2750
  3996     017C                     u2751:
  3997     017C  2988               	goto	l362
  3998     017D                     u2750:
  3999     017D                     l2234:
  4000     017D  1A3F               	btfsc	_csFlag,4
  4001     017E  2980               	goto	u2761
  4002     017F  2981               	goto	u2760
  4003     0180                     u2761:
  4004     0180  2988               	goto	l362
  4005     0181                     u2760:
  4006     0181                     l2236:
  4007     0181  1ABF               	btfsc	_csFlag,5
  4008     0182  2984               	goto	u2771
  4009     0183  2985               	goto	u2770
  4010     0184                     u2771:
  4011     0184  2988               	goto	l362
  4012     0185                     u2770:
  4013     0185                     l363:	
  4014                           ;main.c: 334:     do { LATAbits.LATA0 = 1; } while(0);
  4015                           
  4016     0185  0022               	movlb	2	; select bank2
  4017     0186  140C               	bsf	12,0	;volatile
  4018     0187  28E7               	goto	l2174
  4019     0188                     l362:
  4020     0188  1D3F               	btfss	_csFlag,2
  4021     0189  298B               	goto	u2781
  4022     018A  298C               	goto	u2780
  4023     018B                     u2781:
  4024     018B  299B               	goto	l366
  4025     018C                     u2780:
  4026     018C                     l2240:
  4027     018C  1DBF               	btfss	_csFlag,3
  4028     018D  298F               	goto	u2791
  4029     018E  2990               	goto	u2790
  4030     018F                     u2791:
  4031     018F  299B               	goto	l366
  4032     0190                     u2790:
  4033     0190                     l2242:
  4034     0190  1A3F               	btfsc	_csFlag,4
  4035     0191  2993               	goto	u2801
  4036     0192  2994               	goto	u2800
  4037     0193                     u2801:
  4038     0193  299B               	goto	l366
  4039     0194                     u2800:
  4040     0194                     l2244:
  4041     0194  1EBF               	btfss	_csFlag,5
  4042     0195  2997               	goto	u2811
  4043     0196  2998               	goto	u2810
  4044     0197                     u2811:
  4045     0197  299B               	goto	l366
  4046     0198                     u2810:
  4047     0198                     l367:	
  4048                           ;main.c: 338:     do { LATAbits.LATA0 = 1; } while(0);
  4049                           
  4050     0198  0022               	movlb	2	; select bank2
  4051     0199  140C               	bsf	12,0	;volatile
  4052     019A  28E7               	goto	l2174
  4053     019B                     l366:
  4054     019B  1D3F               	btfss	_csFlag,2
  4055     019C  299E               	goto	u2821
  4056     019D  299F               	goto	u2820
  4057     019E                     u2821:
  4058     019E  29AE               	goto	l370
  4059     019F                     u2820:
  4060     019F                     l2248:
  4061     019F  1DBF               	btfss	_csFlag,3
  4062     01A0  29A2               	goto	u2831
  4063     01A1  29A3               	goto	u2830
  4064     01A2                     u2831:
  4065     01A2  29AE               	goto	l370
  4066     01A3                     u2830:
  4067     01A3                     l2250:
  4068     01A3  1E3F               	btfss	_csFlag,4
  4069     01A4  29A6               	goto	u2841
  4070     01A5  29A7               	goto	u2840
  4071     01A6                     u2841:
  4072     01A6  29AE               	goto	l370
  4073     01A7                     u2840:
  4074     01A7                     l2252:
  4075     01A7  1ABF               	btfsc	_csFlag,5
  4076     01A8  29AA               	goto	u2851
  4077     01A9  29AB               	goto	u2850
  4078     01AA                     u2851:
  4079     01AA  29AE               	goto	l370
  4080     01AB                     u2850:
  4081     01AB                     l371:	
  4082                           ;main.c: 342:     do { LATAbits.LATA0 = 1; } while(0);
  4083                           
  4084     01AB  0022               	movlb	2	; select bank2
  4085     01AC  140C               	bsf	12,0	;volatile
  4086     01AD  28E7               	goto	l2174
  4087     01AE                     l370:
  4088     01AE  1D3F               	btfss	_csFlag,2
  4089     01AF  29B1               	goto	u2861
  4090     01B0  29B2               	goto	u2860
  4091     01B1                     u2861:
  4092     01B1  29C1               	goto	l365
  4093     01B2                     u2860:
  4094     01B2                     l2256:
  4095     01B2  1DBF               	btfss	_csFlag,3
  4096     01B3  29B5               	goto	u2871
  4097     01B4  29B6               	goto	u2870
  4098     01B5                     u2871:
  4099     01B5  29C1               	goto	l365
  4100     01B6                     u2870:
  4101     01B6                     l2258:
  4102     01B6  1E3F               	btfss	_csFlag,4
  4103     01B7  29B9               	goto	u2881
  4104     01B8  29BA               	goto	u2880
  4105     01B9                     u2881:
  4106     01B9  29C1               	goto	l365
  4107     01BA                     u2880:
  4108     01BA                     l2260:
  4109     01BA  1EBF               	btfss	_csFlag,5
  4110     01BB  29BD               	goto	u2891
  4111     01BC  29BE               	goto	u2890
  4112     01BD                     u2891:
  4113     01BD  29C1               	goto	l365
  4114     01BE                     u2890:
  4115     01BE                     l375:	
  4116                           ;main.c: 346:     do { LATAbits.LATA0 = 1; } while(0);
  4117                           
  4118     01BE  0022               	movlb	2	; select bank2
  4119     01BF  140C               	bsf	12,0	;volatile
  4120     01C0  28E7               	goto	l2174
  4121     01C1                     l365:
  4122     01C1                     l2264:
  4123                           
  4124                           ;main.c: 350:   for (uint8_t i = 0; i < 11; i++) {
  4125     01C1  0020               	movlb	0	; select bank0
  4126     01C2  01CA               	clrf	LED_output@i
  4127     01C3                     l2270:
  4128                           
  4129                           ;main.c: 351:     data_buf[i] = 0;
  4130     01C3  084A               	movf	LED_output@i,w
  4131     01C4  3E20               	addlw	(low (_data_buf| 0))& (0+255)
  4132     01C5  0086               	movwf	6
  4133     01C6  0187               	clrf	7
  4134     01C7  0181               	clrf	1
  4135     01C8                     l2272:
  4136                           
  4137                           ;main.c: 352:   }
  4138     01C8  3001               	movlw	1
  4139     01C9  00C8               	movwf	??_LED_output
  4140     01CA  0848               	movf	??_LED_output,w
  4141     01CB  07CA               	addwf	LED_output@i,f
  4142     01CC                     l2274:
  4143     01CC  300B               	movlw	11
  4144     01CD  024A               	subwf	LED_output@i,w
  4145     01CE  1C03               	skipc
  4146     01CF  29D1               	goto	u2901
  4147     01D0  29D2               	goto	u2900
  4148     01D1                     u2901:
  4149     01D1  29C3               	goto	l2270
  4150     01D2                     u2900:
  4151     01D2                     l303:
  4152     01D2  0008               	return
  4153     01D3                     __end_of_LED_output:
  4154                           
  4155                           	psect	text14
  4156     03B4                     __ptext14:	
  4157 ;; *************** function _Exception_handling *****************
  4158 ;; Defined at:
  4159 ;;		line 251 in file "main.c"
  4160 ;; Parameters:    Size  Location     Type
  4161 ;;		None
  4162 ;; Auto vars:     Size  Location     Type
  4163 ;;		None
  4164 ;; Return value:  Size  Location     Type
  4165 ;;                  1    wreg      void 
  4166 ;; Registers used:
  4167 ;;		wreg, status,2, status,0, pclath, cstack
  4168 ;; Tracked objects:
  4169 ;;		On entry : 0/0
  4170 ;;		On exit  : 0/0
  4171 ;;		Unchanged: 0/0
  4172 ;; Data sizes:     COMMON   BANK0   BANK1   BANK2   BANK3   BANK4   BANK5   BANK6
  4173 ;;      Params:         0       0       0       0       0       0       0       0
  4174 ;;      Locals:         0       0       0       0       0       0       0       0
  4175 ;;      Temps:          0       0       0       0       0       0       0       0
  4176 ;;      Totals:         0       0       0       0       0       0       0       0
  4177 ;;Total ram usage:        0 bytes
  4178 ;; Hardware stack levels used: 1
  4179 ;; Hardware stack levels required when called: 5
  4180 ;; This function calls:
  4181 ;;		_EPWM2_LoadDutyValue
  4182 ;; This function is called by:
  4183 ;;		_main
  4184 ;; This function uses a non-reentrant model
  4185 ;;
  4186                           
  4187     03B4                     _Exception_handling:	
  4188                           ;psect for function _Exception_handling
  4189                           
  4190     03B4                     l2104:	
  4191                           ;incstack = 0
  4192                           ; Regs used in _Exception_handling: [wreg+status,2+status,0+pclath+cstack]
  4193                           
  4194                           
  4195                           ;main.c: 252:   if ((data_buf[2] == 6) && (data_buf[10] == 0xD5)) {
  4196     03B4  3006               	movlw	6
  4197     03B5  0020               	movlb	0	; select bank0
  4198     03B6  0622               	xorwf	_data_buf+2,w
  4199     03B7  1D03               	btfss	3,2
  4200     03B8  2BBA               	goto	u2181
  4201     03B9  2BBB               	goto	u2180
  4202     03BA                     u2181:
  4203     03BA  2BD1               	goto	l2114
  4204     03BB                     u2180:
  4205     03BB                     l2106:
  4206     03BB  30D5               	movlw	213
  4207     03BC  062A               	xorwf	_data_buf+10,w
  4208     03BD  1D03               	btfss	3,2
  4209     03BE  2BC0               	goto	u2191
  4210     03BF  2BC1               	goto	u2190
  4211     03C0                     u2191:
  4212     03C0  2BD1               	goto	l2114
  4213     03C1                     u2190:
  4214     03C1                     l294:	
  4215                           ;main.c: 253:     do { LATAbits.LATA3 = 1; } while(0);
  4216                           
  4217     03C1  0022               	movlb	2	; select bank2
  4218     03C2  158C               	bsf	12,3	;volatile
  4219     03C3                     l295:
  4220                           
  4221                           ;main.c: 254:     fException = 1;
  4222     03C3  0020               	movlb	0	; select bank0
  4223     03C4  01BD               	clrf	_fException
  4224     03C5  0ABD               	incf	_fException,f
  4225     03C6                     l2108:
  4226                           
  4227                           ;main.c: 255:     EPWM2_LoadDutyValue((0));
  4228     03C6  3000               	movlw	0
  4229     03C7  00C4               	movwf	EPWM2_LoadDutyValue@dutyValue
  4230     03C8  00C5               	movwf	EPWM2_LoadDutyValue@dutyValue+1
  4231     03C9  3183  23F0  3183   	fcall	_EPWM2_LoadDutyValue
  4232     03CC                     l2110:
  4233     03CC  0022               	movlb	2	; select bank2
  4234     03CD  100C               	bcf	12,0	;volatile
  4235     03CE                     l2112:
  4236                           
  4237                           ;main.c: 257:     T10MS_CNT = 0;
  4238     03CE  0020               	movlb	0	; select bank0
  4239     03CF  01BE               	clrf	_T10MS_CNT	;volatile
  4240                           
  4241                           ;main.c: 258:   } else {
  4242     03D0  2BD2               	goto	l299
  4243     03D1                     l2114:
  4244                           
  4245                           ;main.c: 259:     fException = 0;
  4246     03D1  01BD               	clrf	_fException
  4247     03D2                     l299:
  4248     03D2  0008               	return
  4249     03D3                     __end_of_Exception_handling:
  4250                           
  4251                           	psect	text15
  4252     03F0                     __ptext15:	
  4253 ;; *************** function _EPWM2_LoadDutyValue *****************
  4254 ;; Defined at:
  4255 ;;		line 90 in file "mcc_generated_files/epwm2.c"
  4256 ;; Parameters:    Size  Location     Type
  4257 ;;  dutyValue       2    0[BANK0 ] unsigned short 
  4258 ;; Auto vars:     Size  Location     Type
  4259 ;;		None
  4260 ;; Return value:  Size  Location     Type
  4261 ;;                  1    wreg      void 
  4262 ;; Registers used:
  4263 ;;		wreg, status,2, status,0
  4264 ;; Tracked objects:
  4265 ;;		On entry : 0/0
  4266 ;;		On exit  : 0/0
  4267 ;;		Unchanged: 0/0
  4268 ;; Data sizes:     COMMON   BANK0   BANK1   BANK2   BANK3   BANK4   BANK5   BANK6
  4269 ;;      Params:         0       2       0       0       0       0       0       0
  4270 ;;      Locals:         0       0       0       0       0       0       0       0
  4271 ;;      Temps:          0       2       0       0       0       0       0       0
  4272 ;;      Totals:         0       4       0       0       0       0       0       0
  4273 ;;Total ram usage:        4 bytes
  4274 ;; Hardware stack levels used: 1
  4275 ;; Hardware stack levels required when called: 4
  4276 ;; This function calls:
  4277 ;;		Nothing
  4278 ;; This function is called by:
  4279 ;;		_Exception_handling
  4280 ;;		_LED_output
  4281 ;;		_main
  4282 ;; This function uses a non-reentrant model
  4283 ;;
  4284                           
  4285     03F0                     _EPWM2_LoadDutyValue:	
  4286                           ;psect for function _EPWM2_LoadDutyValue
  4287                           
  4288     03F0                     l2100:	
  4289                           ;incstack = 0
  4290                           ; Regs used in _EPWM2_LoadDutyValue: [wreg+status,2+status,0]
  4291                           
  4292                           
  4293                           ;mcc_generated_files/epwm2.c: 90: void EPWM2_LoadDutyValue(uint16_t dutyValue);mcc_gener
      +                          ated_files/epwm2.c: 91: {;mcc_generated_files/epwm2.c: 93:     CCPR2L = ((dutyValue & 0x
      +                          03FC)>>2);
  4294     03F0  0020               	movlb	0	; select bank0
  4295     03F1  0845               	movf	EPWM2_LoadDutyValue@dutyValue+1,w
  4296     03F2  00C7               	movwf	??_EPWM2_LoadDutyValue+1
  4297     03F3  0844               	movf	EPWM2_LoadDutyValue@dutyValue,w
  4298     03F4  00C6               	movwf	??_EPWM2_LoadDutyValue
  4299     03F5  36C7               	lsrf	??_EPWM2_LoadDutyValue+1,f
  4300     03F6  0CC6               	rrf	??_EPWM2_LoadDutyValue,f
  4301     03F7  36C7               	lsrf	??_EPWM2_LoadDutyValue+1,f
  4302     03F8  0CC6               	rrf	??_EPWM2_LoadDutyValue,f
  4303     03F9  0846               	movf	??_EPWM2_LoadDutyValue,w
  4304     03FA  0025               	movlb	5	; select bank5
  4305     03FB  0098               	movwf	24	;volatile
  4306                           
  4307                           ;mcc_generated_files/epwm2.c: 96:     CCP2CON = ((uint8_t)(CCP2CON & 0xCF) | ((dutyValue
      +                           & 0x0003)<<4));
  4308     03FC  0020               	movlb	0	; select bank0
  4309     03FD  0844               	movf	EPWM2_LoadDutyValue@dutyValue,w
  4310     03FE  3903               	andlw	3
  4311     03FF  00C6               	movwf	??_EPWM2_LoadDutyValue
  4312     0400  3004               	movlw	4
  4313     0401                     u2175:
  4314     0401  35C6               	lslf	??_EPWM2_LoadDutyValue,f
  4315     0402  0B89               	decfsz	9,f
  4316     0403  2C01               	goto	u2175
  4317     0404  0025               	movlb	5	; select bank5
  4318     0405  081A               	movf	26,w	;volatile
  4319     0406  39CF               	andlw	207
  4320     0407  0020               	movlb	0	; select bank0
  4321     0408  0446               	iorwf	??_EPWM2_LoadDutyValue,w
  4322     0409  0025               	movlb	5	; select bank5
  4323     040A  009A               	movwf	26	;volatile
  4324     040B                     l252:
  4325     040B  0008               	return
  4326     040C                     __end_of_EPWM2_LoadDutyValue:
  4327                           
  4328                           	psect	intentry
  4329     0004                     __pintentry:	
  4330 ;; *************** function _INTERRUPT_InterruptManager *****************
  4331 ;; Defined at:
  4332 ;;		line 52 in file "mcc_generated_files/interrupt_manager.c"
  4333 ;; Parameters:    Size  Location     Type
  4334 ;;		None
  4335 ;; Auto vars:     Size  Location     Type
  4336 ;;		None
  4337 ;; Return value:  Size  Location     Type
  4338 ;;                  1    wreg      void 
  4339 ;; Registers used:
  4340 ;;		wreg, status,2, status,0, pclath, cstack
  4341 ;; Tracked objects:
  4342 ;;		On entry : 0/0
  4343 ;;		On exit  : 0/0
  4344 ;;		Unchanged: 0/0
  4345 ;; Data sizes:     COMMON   BANK0   BANK1   BANK2   BANK3   BANK4   BANK5   BANK6
  4346 ;;      Params:         0       0       0       0       0       0       0       0
  4347 ;;      Locals:         0       0       0       0       0       0       0       0
  4348 ;;      Temps:          0       0       0       0       0       0       0       0
  4349 ;;      Totals:         0       0       0       0       0       0       0       0
  4350 ;;Total ram usage:        0 bytes
  4351 ;; Hardware stack levels used: 1
  4352 ;; Hardware stack levels required when called: 3
  4353 ;; This function calls:
  4354 ;;		_ECCP3_CaptureISR
  4355 ;;		_TMR0_ISR
  4356 ;; This function is called by:
  4357 ;;		Interrupt level 1
  4358 ;; This function uses a non-reentrant model
  4359 ;;
  4360                           
  4361     0004                     _INTERRUPT_InterruptManager:
  4362                           
  4363                           ;incstack = 0
  4364     0004  147E               	bsf	int$flags,0	;set compiler interrupt flag (level 1)
  4365                           
  4366                           ; Regs used in _INTERRUPT_InterruptManager: [wreg+status,2+status,0+pclath+cstack]
  4367     0005  3180               	pagesel	$
  4368     0006                     i1l1980:
  4369                           
  4370                           ;mcc_generated_files/interrupt_manager.c: 55:     if(INTCONbits.TMR0IE == 1 && INTCONbit
      +                          s.TMR0IF == 1)
  4371     0006  1E8B               	btfss	11,5	;volatile
  4372     0007  2809               	goto	u209_21
  4373     0008  280A               	goto	u209_20
  4374     0009                     u209_21:
  4375     0009  2812               	goto	i1l53
  4376     000A                     u209_20:
  4377     000A                     i1l1982:
  4378     000A  1D0B               	btfss	11,2	;volatile
  4379     000B  280D               	goto	u210_21
  4380     000C  280E               	goto	u210_20
  4381     000D                     u210_21:
  4382     000D  2812               	goto	i1l53
  4383     000E                     u210_20:
  4384     000E                     i1l1984:
  4385                           
  4386                           ;mcc_generated_files/interrupt_manager.c: 56:     {;mcc_generated_files/interrupt_manage
      +                          r.c: 57:         TMR0_ISR();
  4387     000E  3184  2425  3180   	fcall	_TMR0_ISR
  4388                           
  4389                           ;mcc_generated_files/interrupt_manager.c: 58:     }
  4390     0011  2824               	goto	i1l59
  4391     0012                     i1l53:	
  4392                           ;mcc_generated_files/interrupt_manager.c: 59:     else if(INTCONbits.PEIE == 1)
  4393                           
  4394     0012  1F0B               	btfss	11,6	;volatile
  4395     0013  2815               	goto	u211_21
  4396     0014  2816               	goto	u211_20
  4397     0015                     u211_21:
  4398     0015  2824               	goto	i1l59
  4399     0016                     u211_20:
  4400     0016                     i1l1986:
  4401                           
  4402                           ;mcc_generated_files/interrupt_manager.c: 60:     {;mcc_generated_files/interrupt_manage
      +                          r.c: 61:         if(PIE3bits.CCP3IE == 1 && PIR3bits.CCP3IF == 1)
  4403     0016  0021               	movlb	1	; select bank1
  4404     0017  1E13               	btfss	19,4	;volatile
  4405     0018  281A               	goto	u212_21
  4406     0019  281B               	goto	u212_20
  4407     001A                     u212_21:
  4408     001A  2824               	goto	i1l58
  4409     001B                     u212_20:
  4410     001B                     i1l1988:
  4411     001B  0020               	movlb	0	; select bank0
  4412     001C  1E13               	btfss	19,4	;volatile
  4413     001D  281F               	goto	u213_21
  4414     001E  2820               	goto	u213_20
  4415     001F                     u213_21:
  4416     001F  2824               	goto	i1l58
  4417     0020                     u213_20:
  4418     0020                     i1l1990:
  4419                           
  4420                           ;mcc_generated_files/interrupt_manager.c: 62:         {;mcc_generated_files/interrupt_ma
      +                          nager.c: 63:             ECCP3_CaptureISR();
  4421     0020  3184  2460  3180   	fcall	_ECCP3_CaptureISR
  4422                           
  4423                           ;mcc_generated_files/interrupt_manager.c: 64:         }
  4424     0023  2824               	goto	i1l59
  4425     0024                     i1l58:	
  4426                           ;mcc_generated_files/interrupt_manager.c: 71:     {;mcc_generated_files/interrupt_manage
      +                          r.c: 73:     }
  4427                           
  4428     0024                     i1l59:
  4429     0024  107E               	bcf	int$flags,0	;clear compiler interrupt flag (level 1)
  4430     0025  0009               	retfie
  4431     0026                     __end_of_INTERRUPT_InterruptManager:
  4432                           
  4433                           	psect	text17
  4434     0425                     __ptext17:	
  4435 ;; *************** function _TMR0_ISR *****************
  4436 ;; Defined at:
  4437 ;;		line 108 in file "mcc_generated_files/tmr0.c"
  4438 ;; Parameters:    Size  Location     Type
  4439 ;;		None
  4440 ;; Auto vars:     Size  Location     Type
  4441 ;;		None
  4442 ;; Return value:  Size  Location     Type
  4443 ;;                  1    wreg      void 
  4444 ;; Registers used:
  4445 ;;		wreg, status,2, status,0, pclath, cstack
  4446 ;; Tracked objects:
  4447 ;;		On entry : 0/0
  4448 ;;		On exit  : 0/0
  4449 ;;		Unchanged: 0/0
  4450 ;; Data sizes:     COMMON   BANK0   BANK1   BANK2   BANK3   BANK4   BANK5   BANK6
  4451 ;;      Params:         0       0       0       0       0       0       0       0
  4452 ;;      Locals:         0       0       0       0       0       0       0       0
  4453 ;;      Temps:          0       0       0       0       0       0       0       0
  4454 ;;      Totals:         0       0       0       0       0       0       0       0
  4455 ;;Total ram usage:        0 bytes
  4456 ;; Hardware stack levels used: 1
  4457 ;; Hardware stack levels required when called: 2
  4458 ;; This function calls:
  4459 ;;		_TMR0_CallBack
  4460 ;; This function is called by:
  4461 ;;		_INTERRUPT_InterruptManager
  4462 ;; This function uses a non-reentrant model
  4463 ;;
  4464                           
  4465     0425                     _TMR0_ISR:	
  4466                           ;psect for function _TMR0_ISR
  4467                           
  4468     0425                     i1l1716:	
  4469                           ;incstack = 0
  4470                           ; Regs used in _TMR0_ISR: [wreg+status,2+status,0+pclath+cstack]
  4471                           
  4472                           
  4473                           ;mcc_generated_files/tmr0.c: 110:     static volatile uint16_t CountCallBack = 0;;mcc_ge
      +                          nerated_files/tmr0.c: 113:     INTCONbits.TMR0IF = 0;
  4474     0425  110B               	bcf	11,2	;volatile
  4475     0426                     i1l1718:
  4476                           
  4477                           ;mcc_generated_files/tmr0.c: 115:     TMR0 = timer0ReloadVal;
  4478     0426  0875               	movf	_timer0ReloadVal,w	;volatile
  4479     0427  0020               	movlb	0	; select bank0
  4480     0428  0095               	movwf	21	;volatile
  4481                           
  4482                           ;mcc_generated_files/tmr0.c: 118:     if (++CountCallBack >= 10)
  4483     0429  3001               	movlw	1
  4484     042A  07B1               	addwf	TMR0_ISR@CountCallBack,f	;volatile
  4485     042B  3000               	movlw	0
  4486     042C  3DB2               	addwfc	TMR0_ISR@CountCallBack+1,f	;volatile
  4487     042D  3000               	movlw	0
  4488     042E  0232               	subwf	TMR0_ISR@CountCallBack+1,w	;volatile
  4489     042F  300A               	movlw	10
  4490     0430  1903               	skipnz
  4491     0431  0231               	subwf	TMR0_ISR@CountCallBack,w	;volatile
  4492     0432  1C03               	skipc
  4493     0433  2C35               	goto	u125_21
  4494     0434  2C36               	goto	u125_20
  4495     0435                     u125_21:
  4496     0435  2C3C               	goto	i1l172
  4497     0436                     u125_20:
  4498     0436                     i1l1720:
  4499                           
  4500                           ;mcc_generated_files/tmr0.c: 119:     {;mcc_generated_files/tmr0.c: 121:         TMR0_Ca
      +                          llBack();
  4501     0436  3184  2489  3184   	fcall	_TMR0_CallBack
  4502     0439                     i1l1722:
  4503                           
  4504                           ;mcc_generated_files/tmr0.c: 124:         CountCallBack = 0;
  4505     0439  0020               	movlb	0	; select bank0
  4506     043A  01B1               	clrf	TMR0_ISR@CountCallBack	;volatile
  4507     043B  01B2               	clrf	TMR0_ISR@CountCallBack+1	;volatile
  4508     043C                     i1l172:
  4509     043C  0008               	return
  4510     043D                     __end_of_TMR0_ISR:
  4511                           
  4512                           	psect	text18
  4513     0489                     __ptext18:	
  4514 ;; *************** function _TMR0_CallBack *****************
  4515 ;; Defined at:
  4516 ;;		line 130 in file "mcc_generated_files/tmr0.c"
  4517 ;; Parameters:    Size  Location     Type
  4518 ;;		None
  4519 ;; Auto vars:     Size  Location     Type
  4520 ;;		None
  4521 ;; Return value:  Size  Location     Type
  4522 ;;                  1    wreg      void 
  4523 ;; Registers used:
  4524 ;;		wreg, status,2, status,0, pclath, cstack
  4525 ;; Tracked objects:
  4526 ;;		On entry : 0/0
  4527 ;;		On exit  : 0/0
  4528 ;;		Unchanged: 0/0
  4529 ;; Data sizes:     COMMON   BANK0   BANK1   BANK2   BANK3   BANK4   BANK5   BANK6
  4530 ;;      Params:         0       0       0       0       0       0       0       0
  4531 ;;      Locals:         0       0       0       0       0       0       0       0
  4532 ;;      Temps:          0       0       0       0       0       0       0       0
  4533 ;;      Totals:         0       0       0       0       0       0       0       0
  4534 ;;Total ram usage:        0 bytes
  4535 ;; Hardware stack levels used: 1
  4536 ;; Hardware stack levels required when called: 1
  4537 ;; This function calls:
  4538 ;;		NULL
  4539 ;;		_TMR0_DefaultInterruptHandler
  4540 ;;		_TMR0_EvenHandler
  4541 ;; This function is called by:
  4542 ;;		_TMR0_ISR
  4543 ;; This function uses a non-reentrant model
  4544 ;;
  4545                           
  4546     0489                     _TMR0_CallBack:	
  4547                           ;psect for function _TMR0_CallBack
  4548                           
  4549     0489                     i1l1660:	
  4550                           ;incstack = 0
  4551                           ; Regs used in _TMR0_CallBack: [wreg+status,2+status,0+pclath+cstack]
  4552                           
  4553                           
  4554                           ;mcc_generated_files/tmr0.c: 134:     if(TMR0_InterruptHandler)
  4555     0489  0020               	movlb	0	; select bank0
  4556     048A  0833               	movf	_TMR0_InterruptHandler,w
  4557     048B  0434               	iorwf	_TMR0_InterruptHandler+1,w
  4558     048C  1903               	btfsc	3,2
  4559     048D  2C8F               	goto	u111_21
  4560     048E  2C90               	goto	u111_20
  4561     048F                     u111_21:
  4562     048F  2C95               	goto	i1l176
  4563     0490                     u111_20:
  4564     0490                     i1l1662:
  4565                           
  4566                           ;mcc_generated_files/tmr0.c: 135:     {;mcc_generated_files/tmr0.c: 136:         TMR0_In
      +                          terruptHandler();
  4567     0490  0834               	movf	_TMR0_InterruptHandler+1,w
  4568     0491  008A               	movwf	10
  4569     0492  0833               	movf	_TMR0_InterruptHandler,w
  4570     0493  000A               	callw
  4571     0494  3184               	pagesel	$
  4572     0495                     i1l176:
  4573     0495  0008               	return
  4574     0496                     __end_of_TMR0_CallBack:
  4575                           
  4576                           	psect	text19
  4577     04CA                     __ptext19:	
  4578 ;; *************** function _TMR0_DefaultInterruptHandler *****************
  4579 ;; Defined at:
  4580 ;;		line 144 in file "mcc_generated_files/tmr0.c"
  4581 ;; Parameters:    Size  Location     Type
  4582 ;;		None
  4583 ;; Auto vars:     Size  Location     Type
  4584 ;;		None
  4585 ;; Return value:  Size  Location     Type
  4586 ;;                  1    wreg      void 
  4587 ;; Registers used:
  4588 ;;		None
  4589 ;; Tracked objects:
  4590 ;;		On entry : 0/0
  4591 ;;		On exit  : 0/0
  4592 ;;		Unchanged: 0/0
  4593 ;; Data sizes:     COMMON   BANK0   BANK1   BANK2   BANK3   BANK4   BANK5   BANK6
  4594 ;;      Params:         0       0       0       0       0       0       0       0
  4595 ;;      Locals:         0       0       0       0       0       0       0       0
  4596 ;;      Temps:          0       0       0       0       0       0       0       0
  4597 ;;      Totals:         0       0       0       0       0       0       0       0
  4598 ;;Total ram usage:        0 bytes
  4599 ;; Hardware stack levels used: 1
  4600 ;; This function calls:
  4601 ;;		Nothing
  4602 ;; This function is called by:
  4603 ;;		_TMR0_Initialize
  4604 ;;		_TMR0_CallBack
  4605 ;; This function uses a non-reentrant model
  4606 ;;
  4607                           
  4608     04CA                     _TMR0_DefaultInterruptHandler:	
  4609                           ;psect for function _TMR0_DefaultInterruptHandler
  4610                           
  4611     04CA                     i1l182:	
  4612                           ;incstack = 0
  4613                           ; Regs used in _TMR0_DefaultInterruptHandler: []
  4614                           
  4615     04CA  0008               	return
  4616     04CB                     __end_of_TMR0_DefaultInterruptHandler:
  4617                           
  4618                           	psect	text20
  4619     0451                     __ptext20:	
  4620 ;; *************** function _TMR0_EvenHandler *****************
  4621 ;; Defined at:
  4622 ;;		line 550 in file "main.c"
  4623 ;; Parameters:    Size  Location     Type
  4624 ;;		None
  4625 ;; Auto vars:     Size  Location     Type
  4626 ;;		None
  4627 ;; Return value:  Size  Location     Type
  4628 ;;                  1    wreg      void 
  4629 ;; Registers used:
  4630 ;;		wreg, status,2, status,0
  4631 ;; Tracked objects:
  4632 ;;		On entry : 0/0
  4633 ;;		On exit  : 0/0
  4634 ;;		Unchanged: 0/0
  4635 ;; Data sizes:     COMMON   BANK0   BANK1   BANK2   BANK3   BANK4   BANK5   BANK6
  4636 ;;      Params:         0       0       0       0       0       0       0       0
  4637 ;;      Locals:         0       0       0       0       0       0       0       0
  4638 ;;      Temps:          1       0       0       0       0       0       0       0
  4639 ;;      Totals:         1       0       0       0       0       0       0       0
  4640 ;;Total ram usage:        1 bytes
  4641 ;; Hardware stack levels used: 1
  4642 ;; This function calls:
  4643 ;;		Nothing
  4644 ;; This function is called by:
  4645 ;;		_main
  4646 ;;		_TMR0_CallBack
  4647 ;; This function uses a non-reentrant model
  4648 ;;
  4649                           
  4650     0451                     _TMR0_EvenHandler:	
  4651                           ;psect for function _TMR0_EvenHandler
  4652                           
  4653     0451                     i1l1578:	
  4654                           ;incstack = 0
  4655                           ; Regs used in _TMR0_EvenHandler: [wreg+status,2+status,0]
  4656                           
  4657                           
  4658                           ;main.c: 551:   T10MS_CNT++;
  4659     0451  3001               	movlw	1
  4660     0452  00F6               	movwf	??_TMR0_EvenHandler
  4661     0453  0876               	movf	??_TMR0_EvenHandler,w
  4662     0454  0020               	movlb	0	; select bank0
  4663     0455  07BE               	addwf	_T10MS_CNT,f	;volatile
  4664     0456                     i1l1580:
  4665                           
  4666                           ;main.c: 552:   if (T10MS_CNT >= 200) {
  4667     0456  30C8               	movlw	200
  4668     0457  023E               	subwf	_T10MS_CNT,w	;volatile
  4669     0458  1C03               	skipc
  4670     0459  2C5B               	goto	u109_21
  4671     045A  2C5C               	goto	u109_20
  4672     045B                     u109_21:
  4673     045B  2C5F               	goto	i1l458
  4674     045C                     u109_20:
  4675     045C                     i1l1582:
  4676                           
  4677                           ;main.c: 553:     fException2 = 1;
  4678     045C  01BC               	clrf	_fException2
  4679     045D  0ABC               	incf	_fException2,f
  4680     045E                     i1l1584:
  4681                           
  4682                           ;main.c: 554:     T10MS_CNT = 0;
  4683     045E  01BE               	clrf	_T10MS_CNT	;volatile
  4684     045F                     i1l458:
  4685     045F  0008               	return
  4686     0460                     __end_of_TMR0_EvenHandler:
  4687                           
  4688                           	psect	text21
  4689     0460                     __ptext21:	
  4690 ;; *************** function _ECCP3_CaptureISR *****************
  4691 ;; Defined at:
  4692 ;;		line 80 in file "mcc_generated_files/eccp3.c"
  4693 ;; Parameters:    Size  Location     Type
  4694 ;;		None
  4695 ;; Auto vars:     Size  Location     Type
  4696 ;;  module          2    4[COMMON] struct CCPR3Reg_tag
  4697 ;; Return value:  Size  Location     Type
  4698 ;;                  1    wreg      void 
  4699 ;; Registers used:
  4700 ;;		wreg, status,2, status,0, pclath, cstack
  4701 ;; Tracked objects:
  4702 ;;		On entry : 0/0
  4703 ;;		On exit  : 0/0
  4704 ;;		Unchanged: 0/0
  4705 ;; Data sizes:     COMMON   BANK0   BANK1   BANK2   BANK3   BANK4   BANK5   BANK6
  4706 ;;      Params:         0       0       0       0       0       0       0       0
  4707 ;;      Locals:         2       0       0       0       0       0       0       0
  4708 ;;      Temps:          0       0       0       0       0       0       0       0
  4709 ;;      Totals:         2       0       0       0       0       0       0       0
  4710 ;;Total ram usage:        2 bytes
  4711 ;; Hardware stack levels used: 1
  4712 ;; Hardware stack levels required when called: 1
  4713 ;; This function calls:
  4714 ;;		_ECCP3_CallBack
  4715 ;; This function is called by:
  4716 ;;		_INTERRUPT_InterruptManager
  4717 ;; This function uses a non-reentrant model
  4718 ;;
  4719                           
  4720     0460                     _ECCP3_CaptureISR:	
  4721                           ;psect for function _ECCP3_CaptureISR
  4722                           
  4723     0460                     i1l1724:	
  4724                           ;incstack = 0
  4725                           ; Regs used in _ECCP3_CaptureISR: [wreg+status,2+status,0+pclath+cstack]
  4726                           
  4727                           
  4728                           ;mcc_generated_files/eccp3.c: 82:     CCP3_PERIOD_REG_T module;;mcc_generated_files/eccp
      +                          3.c: 85:     PIR3bits.CCP3IF = 0;
  4729     0460  0020               	movlb	0	; select bank0
  4730     0461  1213               	bcf	19,4	;volatile
  4731     0462                     i1l1726:
  4732                           
  4733                           ;mcc_generated_files/eccp3.c: 88:     module.ccpr3l = CCPR3L;
  4734     0462  0026               	movlb	6	; select bank6
  4735     0463  0811               	movf	17,w	;volatile
  4736     0464  00FA               	movwf	ECCP3_CaptureISR@module
  4737                           
  4738                           ;mcc_generated_files/eccp3.c: 89:     module.ccpr3h = CCPR3H;
  4739     0465  0812               	movf	18,w	;volatile
  4740     0466  00FB               	movwf	ECCP3_CaptureISR@module+1
  4741     0467                     i1l1728:
  4742                           
  4743                           ;mcc_generated_files/eccp3.c: 92:     ECCP3_CallBack(module.ccpr3_16Bit);
  4744     0467  087B               	movf	ECCP3_CaptureISR@module+1,w
  4745     0468  00F7               	movwf	ECCP3_CallBack@capturedValue+1
  4746     0469  087A               	movf	ECCP3_CaptureISR@module,w
  4747     046A  00F6               	movwf	ECCP3_CallBack@capturedValue
  4748     046B  3181  21D3  3184   	fcall	_ECCP3_CallBack
  4749     046E                     i1l232:
  4750     046E  0008               	return
  4751     046F                     __end_of_ECCP3_CaptureISR:
  4752                           
  4753                           	psect	text22
  4754     01D3                     __ptext22:	
  4755 ;; *************** function _ECCP3_CallBack *****************
  4756 ;; Defined at:
  4757 ;;		line 476 in file "main.c"
  4758 ;; Parameters:    Size  Location     Type
  4759 ;;  capturedValu    2    0[COMMON] unsigned short 
  4760 ;; Auto vars:     Size  Location     Type
  4761 ;;		None
  4762 ;; Return value:  Size  Location     Type
  4763 ;;                  1    wreg      void 
  4764 ;; Registers used:
  4765 ;;		wreg, status,2, status,0
  4766 ;; Tracked objects:
  4767 ;;		On entry : 0/0
  4768 ;;		On exit  : 0/0
  4769 ;;		Unchanged: 0/0
  4770 ;; Data sizes:     COMMON   BANK0   BANK1   BANK2   BANK3   BANK4   BANK5   BANK6
  4771 ;;      Params:         2       0       0       0       0       0       0       0
  4772 ;;      Locals:         0       0       0       0       0       0       0       0
  4773 ;;      Temps:          2       0       0       0       0       0       0       0
  4774 ;;      Totals:         4       0       0       0       0       0       0       0
  4775 ;;Total ram usage:        4 bytes
  4776 ;; Hardware stack levels used: 1
  4777 ;; This function calls:
  4778 ;;		Nothing
  4779 ;; This function is called by:
  4780 ;;		_ECCP3_CaptureISR
  4781 ;; This function uses a non-reentrant model
  4782 ;;
  4783                           
  4784     01D3                     _ECCP3_CallBack:	
  4785                           ;psect for function _ECCP3_CallBack
  4786                           
  4787     01D3                     i1l1664:	
  4788                           ;incstack = 0
  4789                           ; Regs used in _ECCP3_CallBack: [wreg+status,2+status,0]
  4790                           
  4791                           
  4792                           ;main.c: 477:   static uint16_t pluse_width_LO = 0;;main.c: 478:   static uint16_t pluse
      +                          _width_HI = 0;;main.c: 479:   static uint8_t HI_us = 0;;main.c: 480:   static uint8_t LO
      +                          _us = 0;;main.c: 481:   static uint8_t diff_us = 0;;main.c: 482:   static uint16_t falli
      +                          ng_edge_time = 0;;main.c: 483:   static uint16_t rising_edge_time = 0;;main.c: 484:   st
      +                          atic _Bool rise_edge_flag = 0;;main.c: 485:   static _Bool fHead = 0;;main.c: 486:   sta
      +                          tic uint8_t data_cnt = 0;;main.c: 489:   if (CCP3CON == 0x04) {
  4793     01D3  3004               	movlw	4
  4794     01D4  0026               	movlb	6	; select bank6
  4795     01D5  0613               	xorwf	19,w	;volatile
  4796     01D6  1D03               	btfss	3,2
  4797     01D7  29D9               	goto	u112_21
  4798     01D8  29DA               	goto	u112_20
  4799     01D9                     u112_21:
  4800     01D9  2A65               	goto	i1l1702
  4801     01DA                     u112_20:
  4802     01DA                     i1l1666:
  4803                           
  4804                           ;main.c: 490:     falling_edge_time = capturedValue;
  4805     01DA  0877               	movf	ECCP3_CallBack@capturedValue+1,w
  4806     01DB  00F1               	movwf	ECCP3_CallBack@falling_edge_time+1
  4807     01DC  0876               	movf	ECCP3_CallBack@capturedValue,w
  4808     01DD  00F0               	movwf	ECCP3_CallBack@falling_edge_time
  4809                           
  4810                           ;main.c: 491:     CCP3CON = 0x05;
  4811     01DE  3005               	movlw	5
  4812     01DF  0093               	movwf	19	;volatile
  4813     01E0                     i1l1668:
  4814                           
  4815                           ;main.c: 492:     if (rise_edge_flag == 1) {
  4816     01E0  0020               	movlb	0	; select bank0
  4817     01E1  0339               	decf	ECCP3_CallBack@rise_edge_flag,w
  4818     01E2  1D03               	btfss	3,2
  4819     01E3  29E5               	goto	u113_21
  4820     01E4  29E6               	goto	u113_20
  4821     01E5                     u113_21:
  4822     01E5  2A93               	goto	i1l454
  4823     01E6                     u113_20:
  4824     01E6                     i1l1670:
  4825                           
  4826                           ;main.c: 493:       rise_edge_flag = 0;
  4827     01E6  01B9               	clrf	ECCP3_CallBack@rise_edge_flag
  4828     01E7                     i1l1672:
  4829                           
  4830                           ;main.c: 495:       if (falling_edge_time >= rising_edge_time) {
  4831     01E7  082C               	movf	ECCP3_CallBack@rising_edge_time+1,w
  4832     01E8  0271               	subwf	ECCP3_CallBack@falling_edge_time+1,w
  4833     01E9  1D03               	skipz
  4834     01EA  29ED               	goto	u114_25
  4835     01EB  082B               	movf	ECCP3_CallBack@rising_edge_time,w
  4836     01EC  0270               	subwf	ECCP3_CallBack@falling_edge_time,w
  4837     01ED                     u114_25:
  4838     01ED  1C03               	skipc
  4839     01EE  29F0               	goto	u114_21
  4840     01EF  29F1               	goto	u114_20
  4841     01F0                     u114_21:
  4842     01F0  29F8               	goto	i1l1676
  4843     01F1                     u114_20:
  4844     01F1                     i1l1674:
  4845                           
  4846                           ;main.c: 496:         pluse_width_HI = falling_edge_time - rising_edge_time;
  4847     01F1  082B               	movf	ECCP3_CallBack@rising_edge_time,w
  4848     01F2  0270               	subwf	ECCP3_CallBack@falling_edge_time,w
  4849     01F3  00AD               	movwf	ECCP3_CallBack@pluse_width_HI
  4850     01F4  082C               	movf	ECCP3_CallBack@rising_edge_time+1,w
  4851     01F5  3B71               	subwfb	ECCP3_CallBack@falling_edge_time+1,w
  4852     01F6  00AE               	movwf	ECCP3_CallBack@pluse_width_HI+1
  4853                           
  4854                           ;main.c: 497:       } else {
  4855     01F7  2A04               	goto	i1l441
  4856     01F8                     i1l1676:
  4857                           
  4858                           ;main.c: 498:         pluse_width_HI = (0xffff - rising_edge_time) + falling_edge_time;
  4859     01F8  082C               	movf	ECCP3_CallBack@rising_edge_time+1,w
  4860     01F9  00F9               	movwf	??_ECCP3_CallBack+1
  4861     01FA  082B               	movf	ECCP3_CallBack@rising_edge_time,w
  4862     01FB  00F8               	movwf	??_ECCP3_CallBack
  4863     01FC  09F8               	comf	??_ECCP3_CallBack,f
  4864     01FD  09F9               	comf	??_ECCP3_CallBack+1,f
  4865     01FE  0870               	movf	ECCP3_CallBack@falling_edge_time,w
  4866     01FF  0778               	addwf	??_ECCP3_CallBack,w
  4867     0200  00AD               	movwf	ECCP3_CallBack@pluse_width_HI
  4868     0201  0871               	movf	ECCP3_CallBack@falling_edge_time+1,w
  4869     0202  3D79               	addwfc	??_ECCP3_CallBack+1,w
  4870     0203  00AE               	movwf	ECCP3_CallBack@pluse_width_HI+1
  4871     0204                     i1l441:	
  4872                           ;main.c: 499:       }
  4873                           
  4874                           
  4875                           ;main.c: 500:       LO_us = (pluse_width_LO >> 3) & 0xff;
  4876     0204  0830               	movf	ECCP3_CallBack@pluse_width_LO+1,w
  4877     0205  00F9               	movwf	??_ECCP3_CallBack+1
  4878     0206  082F               	movf	ECCP3_CallBack@pluse_width_LO,w
  4879     0207  00F8               	movwf	??_ECCP3_CallBack
  4880     0208  36F9               	lsrf	??_ECCP3_CallBack+1,f
  4881     0209  0CF8               	rrf	??_ECCP3_CallBack,f
  4882     020A  36F9               	lsrf	??_ECCP3_CallBack+1,f
  4883     020B  0CF8               	rrf	??_ECCP3_CallBack,f
  4884     020C  36F9               	lsrf	??_ECCP3_CallBack+1,f
  4885     020D  0CF8               	rrf	??_ECCP3_CallBack,f
  4886     020E  0878               	movf	??_ECCP3_CallBack,w
  4887     020F  00BB               	movwf	ECCP3_CallBack@LO_us
  4888                           
  4889                           ;main.c: 501:       HI_us = (pluse_width_HI >> 3) & 0xff;
  4890     0210  082E               	movf	ECCP3_CallBack@pluse_width_HI+1,w
  4891     0211  00F9               	movwf	??_ECCP3_CallBack+1
  4892     0212  082D               	movf	ECCP3_CallBack@pluse_width_HI,w
  4893     0213  00F8               	movwf	??_ECCP3_CallBack
  4894     0214  36F9               	lsrf	??_ECCP3_CallBack+1,f
  4895     0215  0CF8               	rrf	??_ECCP3_CallBack,f
  4896     0216  36F9               	lsrf	??_ECCP3_CallBack+1,f
  4897     0217  0CF8               	rrf	??_ECCP3_CallBack,f
  4898     0218  36F9               	lsrf	??_ECCP3_CallBack+1,f
  4899     0219  0CF8               	rrf	??_ECCP3_CallBack,f
  4900     021A  0878               	movf	??_ECCP3_CallBack,w
  4901     021B  00F2               	movwf	ECCP3_CallBack@HI_us
  4902     021C                     i1l1678:
  4903                           
  4904                           ;main.c: 502:       if (HI_us > LO_us)
  4905     021C  0872               	movf	ECCP3_CallBack@HI_us,w
  4906     021D  023B               	subwf	ECCP3_CallBack@LO_us,w
  4907     021E  1803               	skipnc
  4908     021F  2A21               	goto	u115_21
  4909     0220  2A22               	goto	u115_20
  4910     0221                     u115_21:
  4911     0221  2A26               	goto	i1l1682
  4912     0222                     u115_20:
  4913     0222                     i1l1680:
  4914                           
  4915                           ;main.c: 503:         diff_us = HI_us - LO_us;
  4916     0222  083B               	movf	ECCP3_CallBack@LO_us,w
  4917     0223  0272               	subwf	ECCP3_CallBack@HI_us,w
  4918     0224  00BA               	movwf	ECCP3_CallBack@diff_us
  4919     0225  2A29               	goto	i1l443
  4920     0226                     i1l1682:
  4921                           
  4922                           ;main.c: 505:         diff_us = LO_us - HI_us;
  4923     0226  0872               	movf	ECCP3_CallBack@HI_us,w
  4924     0227  023B               	subwf	ECCP3_CallBack@LO_us,w
  4925     0228  00BA               	movwf	ECCP3_CallBack@diff_us
  4926     0229                     i1l443:
  4927                           
  4928                           ;main.c: 507:       if (fHead == 0) {
  4929     0229  0838               	movf	ECCP3_CallBack@fHead,w
  4930     022A  1D03               	btfss	3,2
  4931     022B  2A2D               	goto	u116_21
  4932     022C  2A2E               	goto	u116_20
  4933     022D                     u116_21:
  4934     022D  2A38               	goto	i1l1690
  4935     022E                     u116_20:
  4936     022E                     i1l1684:
  4937                           
  4938                           ;main.c: 510:         if (diff_us < (16)) {
  4939     022E  3010               	movlw	16
  4940     022F  023A               	subwf	ECCP3_CallBack@diff_us,w
  4941     0230  1803               	skipnc
  4942     0231  2A33               	goto	u117_21
  4943     0232  2A34               	goto	u117_20
  4944     0233                     u117_21:
  4945     0233  2A64               	goto	i1l439
  4946     0234                     u117_20:
  4947     0234                     i1l1686:
  4948                           
  4949                           ;main.c: 512:           fHead = 1;
  4950     0234  01B8               	clrf	ECCP3_CallBack@fHead
  4951     0235  0AB8               	incf	ECCP3_CallBack@fHead,f
  4952     0236                     i1l1688:
  4953                           
  4954                           ;main.c: 513:           data_cnt = 0;
  4955     0236  01B7               	clrf	ECCP3_CallBack@data_cnt
  4956     0237  2A93               	goto	i1l454
  4957     0238                     i1l1690:
  4958                           
  4959                           ;main.c: 518:         if (diff_us < (16)) {
  4960     0238  3010               	movlw	16
  4961     0239  023A               	subwf	ECCP3_CallBack@diff_us,w
  4962     023A  1803               	skipnc
  4963     023B  2A3D               	goto	u118_21
  4964     023C  2A3E               	goto	u118_20
  4965     023D                     u118_21:
  4966     023D  2A4B               	goto	i1l1694
  4967     023E                     u118_20:
  4968     023E                     i1l1692:
  4969                           
  4970                           ;main.c: 521:           rx_data &= ~(1 << data_cnt);
  4971     023E  3001               	movlw	1
  4972     023F  00F8               	movwf	??_ECCP3_CallBack
  4973     0240  0A37               	incf	ECCP3_CallBack@data_cnt,w
  4974     0241  2A43               	goto	u119_24
  4975     0242                     u119_25:
  4976     0242  35F8               	lslf	??_ECCP3_CallBack,f
  4977     0243                     u119_24:
  4978     0243  0B89               	decfsz	9,f
  4979     0244  2A42               	goto	u119_25
  4980     0245  0878               	movf	??_ECCP3_CallBack,w
  4981     0246  3AFF               	xorlw	255
  4982     0247  00F9               	movwf	??_ECCP3_CallBack+1
  4983     0248  0879               	movf	??_ECCP3_CallBack+1,w
  4984     0249  05F4               	andwf	_rx_data,f
  4985                           
  4986                           ;main.c: 522:         } else {
  4987     024A  2A56               	goto	i1l448
  4988     024B                     i1l1694:
  4989                           
  4990                           ;main.c: 525:           rx_data |= (1 << data_cnt);
  4991     024B  3001               	movlw	1
  4992     024C  00F8               	movwf	??_ECCP3_CallBack
  4993     024D  0A37               	incf	ECCP3_CallBack@data_cnt,w
  4994     024E  2A50               	goto	u120_24
  4995     024F                     u120_25:
  4996     024F  35F8               	lslf	??_ECCP3_CallBack,f
  4997     0250                     u120_24:
  4998     0250  0B89               	decfsz	9,f
  4999     0251  2A4F               	goto	u120_25
  5000     0252  0878               	movf	??_ECCP3_CallBack,w
  5001     0253  00F9               	movwf	??_ECCP3_CallBack+1
  5002     0254  0879               	movf	??_ECCP3_CallBack+1,w
  5003     0255  04F4               	iorwf	_rx_data,f
  5004     0256                     i1l448:	
  5005                           ;main.c: 526:         }
  5006                           
  5007                           
  5008                           ;main.c: 528:         data_cnt++;
  5009     0256  3001               	movlw	1
  5010     0257  00F8               	movwf	??_ECCP3_CallBack
  5011     0258  0878               	movf	??_ECCP3_CallBack,w
  5012     0259  07B7               	addwf	ECCP3_CallBack@data_cnt,f
  5013     025A                     i1l1696:
  5014                           
  5015                           ;main.c: 529:         if (data_cnt > 7) {
  5016     025A  3008               	movlw	8
  5017     025B  0237               	subwf	ECCP3_CallBack@data_cnt,w
  5018     025C  1C03               	skipc
  5019     025D  2A5F               	goto	u121_21
  5020     025E  2A60               	goto	u121_20
  5021     025F                     u121_21:
  5022     025F  2A64               	goto	i1l439
  5023     0260                     u121_20:
  5024     0260                     i1l1698:
  5025                           
  5026                           ;main.c: 530:           fHead = 0;
  5027     0260  01B8               	clrf	ECCP3_CallBack@fHead
  5028     0261                     i1l1700:
  5029                           
  5030                           ;main.c: 531:           data_1byte_OK = 1;
  5031     0261  3001               	movlw	1
  5032     0262  00C3               	movwf	_data_1byte_OK	;volatile
  5033     0263  2A93               	goto	i1l454
  5034     0264                     i1l439:	
  5035                           ;main.c: 534:     }
  5036                           
  5037                           
  5038                           ;main.c: 536:   }
  5039     0264  2A93               	goto	i1l454
  5040     0265                     i1l1702:
  5041     0265  3005               	movlw	5
  5042     0266  0613               	xorwf	19,w	;volatile
  5043     0267  1D03               	btfss	3,2
  5044     0268  2A6A               	goto	u122_21
  5045     0269  2A6B               	goto	u122_20
  5046     026A                     u122_21:
  5047     026A  2A93               	goto	i1l454
  5048     026B                     u122_20:
  5049     026B                     i1l1704:
  5050                           
  5051                           ;main.c: 538:     rising_edge_time = capturedValue;
  5052     026B  0877               	movf	ECCP3_CallBack@capturedValue+1,w
  5053     026C  0020               	movlb	0	; select bank0
  5054     026D  00AC               	movwf	ECCP3_CallBack@rising_edge_time+1
  5055     026E  0876               	movf	ECCP3_CallBack@capturedValue,w
  5056     026F  00AB               	movwf	ECCP3_CallBack@rising_edge_time
  5057                           
  5058                           ;main.c: 539:     CCP3CON = 0x04;
  5059     0270  3004               	movlw	4
  5060     0271  0026               	movlb	6	; select bank6
  5061     0272  0093               	movwf	19	;volatile
  5062                           
  5063                           ;main.c: 541:     if (rising_edge_time >= falling_edge_time) {
  5064     0273  0871               	movf	ECCP3_CallBack@falling_edge_time+1,w
  5065     0274  0020               	movlb	0	; select bank0
  5066     0275  022C               	subwf	ECCP3_CallBack@rising_edge_time+1,w
  5067     0276  1D03               	skipz
  5068     0277  2A7A               	goto	u123_25
  5069     0278  0870               	movf	ECCP3_CallBack@falling_edge_time,w
  5070     0279  022B               	subwf	ECCP3_CallBack@rising_edge_time,w
  5071     027A                     u123_25:
  5072     027A  1C03               	skipc
  5073     027B  2A7D               	goto	u123_21
  5074     027C  2A7E               	goto	u123_20
  5075     027D                     u123_21:
  5076     027D  2A85               	goto	i1l1708
  5077     027E                     u123_20:
  5078     027E                     i1l1706:
  5079                           
  5080                           ;main.c: 542:       pluse_width_LO = rising_edge_time - falling_edge_time;
  5081     027E  0870               	movf	ECCP3_CallBack@falling_edge_time,w
  5082     027F  022B               	subwf	ECCP3_CallBack@rising_edge_time,w
  5083     0280  00AF               	movwf	ECCP3_CallBack@pluse_width_LO
  5084     0281  0871               	movf	ECCP3_CallBack@falling_edge_time+1,w
  5085     0282  3B2C               	subwfb	ECCP3_CallBack@rising_edge_time+1,w
  5086     0283  00B0               	movwf	ECCP3_CallBack@pluse_width_LO+1
  5087                           
  5088                           ;main.c: 543:     } else {
  5089     0284  2A91               	goto	i1l1710
  5090     0285                     i1l1708:
  5091                           
  5092                           ;main.c: 544:       pluse_width_LO = (0xffff - falling_edge_time) + rising_edge_time;
  5093     0285  0871               	movf	ECCP3_CallBack@falling_edge_time+1,w
  5094     0286  00F9               	movwf	??_ECCP3_CallBack+1
  5095     0287  0870               	movf	ECCP3_CallBack@falling_edge_time,w
  5096     0288  00F8               	movwf	??_ECCP3_CallBack
  5097     0289  09F8               	comf	??_ECCP3_CallBack,f
  5098     028A  09F9               	comf	??_ECCP3_CallBack+1,f
  5099     028B  082B               	movf	ECCP3_CallBack@rising_edge_time,w
  5100     028C  0778               	addwf	??_ECCP3_CallBack,w
  5101     028D  00AF               	movwf	ECCP3_CallBack@pluse_width_LO
  5102     028E  082C               	movf	ECCP3_CallBack@rising_edge_time+1,w
  5103     028F  3D79               	addwfc	??_ECCP3_CallBack+1,w
  5104     0290  00B0               	movwf	ECCP3_CallBack@pluse_width_LO+1
  5105     0291                     i1l1710:
  5106                           
  5107                           ;main.c: 546:     rise_edge_flag = 1;
  5108     0291  01B9               	clrf	ECCP3_CallBack@rise_edge_flag
  5109     0292  0AB9               	incf	ECCP3_CallBack@rise_edge_flag,f
  5110     0293                     i1l454:
  5111     0293  0008               	return
  5112     0294                     __end_of_ECCP3_CallBack:
  5113     007E                     btemp	set	126	;btemp
  5114     007E                     int$flags	set	126
  5115     007E                     wtemp0	set	126
  5116                           
  5117                           	psect	config
  5118                           
  5119                           ;Config register CONFIG1 @ 0x8007
  5120                           ;	Oscillator Selection
  5121                           ;	FOSC = INTOSC, INTOSC oscillator: I/O function on CLKIN pin
  5122                           ;	Watchdog Timer Enable
  5123                           ;	WDTE = OFF, WDT disabled
  5124                           ;	Power-up Timer Enable
  5125                           ;	PWRTE = ON, PWRT enabled
  5126                           ;	MCLR Pin Function Select
  5127                           ;	MCLRE = ON, MCLR/VPP pin function is MCLR
  5128                           ;	Flash Program Memory Code Protection
  5129                           ;	CP = OFF, Program memory code protection is disabled
  5130                           ;	Data Memory Code Protection
  5131                           ;	CPD = OFF, Data memory code protection is disabled
  5132                           ;	Brown-out Reset Enable
  5133                           ;	BOREN = ON, Brown-out Reset enabled
  5134                           ;	Clock Out Enable
  5135                           ;	CLKOUTEN = OFF, CLKOUT function is disabled. I/O or oscillator function on the CLKOUT 
      +                          pin
  5136                           ;	Internal/External Switchover
  5137                           ;	IESO = ON, Internal/External Switchover mode is enabled
  5138                           ;	Fail-Safe Clock Monitor Enable
  5139                           ;	FCMEN = ON, Fail-Safe Clock Monitor is enabled
  5140     8007                     	org	32775
  5141     8007  3FC4               	dw	16324
  5142                           
  5143                           ;Config register CONFIG2 @ 0x8008
  5144                           ;	Flash Memory Self-Write Protection
  5145                           ;	WRT = OFF, Write protection off
  5146                           ;	Voltage Regulator Capacitor Enable
  5147                           ;	VCAPEN = OFF, All VCAP pin functionality is disabled
  5148                           ;	PLL Enable
  5149                           ;	PLLEN = ON, 4x PLL enabled
  5150                           ;	Stack Overflow/Underflow Reset Enable
  5151                           ;	STVREN = ON, Stack Overflow or Underflow will cause a Reset
  5152                           ;	Brown-out Reset Voltage Selection
  5153                           ;	BORV = LO, Brown-out Reset Voltage (Vbor), low trip point selected.
  5154                           ;	Low-Voltage Programming Enable
  5155                           ;	LVP = OFF, High-voltage on MCLR/VPP must be used for programming
  5156     8008                     	org	32776
  5157     8008  1FFF               	dw	8191

Data Sizes:
    Strings     0
    Constant    0
    Data        64
    BSS         42
    Persistent  32
    Stack       0

Auto Spaces:
    Space          Size  Autos    Used
    COMMON           14      6      12
    BANK0            80      7      43
    BANK1            80      0      64
    BANK2            80      0       0
    BANK3            80      0       0
    BANK4            80      0       0
    BANK5            80      0       0
    BANK6            16      0       0

Pointer List with Targets:

    TMR0_InterruptHandler	PTR FTN()void  size(2) Largest target is 1
		 -> TMR0_DefaultInterruptHandler(), TMR0_EvenHandler(), NULL(), 

    TMR0_SetInterruptHandler@InterruptHandler	PTR FTN()void  size(2) Largest target is 1
		 -> TMR0_DefaultInterruptHandler(), TMR0_EvenHandler(), 


Critical Paths under _main in COMMON

    None.

Critical Paths under _INTERRUPT_InterruptManager in COMMON

    _INTERRUPT_InterruptManager->_ECCP3_CaptureISR
    _TMR0_CallBack->_TMR0_EvenHandler
    _ECCP3_CaptureISR->_ECCP3_CallBack

Critical Paths under _main in BANK0

    _main->_LED_output
    _TMR0_Initialize->_TMR0_SetInterruptHandler
    _LED_output->_EPWM2_LoadDutyValue
    _Exception_handling->_EPWM2_LoadDutyValue

Critical Paths under _INTERRUPT_InterruptManager in BANK0

    None.

Critical Paths under _main in BANK1

    None.

Critical Paths under _INTERRUPT_InterruptManager in BANK1

    None.

Critical Paths under _main in BANK2

    None.

Critical Paths under _INTERRUPT_InterruptManager in BANK2

    None.

Critical Paths under _main in BANK3

    None.

Critical Paths under _INTERRUPT_InterruptManager in BANK3

    None.

Critical Paths under _main in BANK4

    None.

Critical Paths under _INTERRUPT_InterruptManager in BANK4

    None.

Critical Paths under _main in BANK5

    None.

Critical Paths under _INTERRUPT_InterruptManager in BANK5

    None.

Critical Paths under _main in BANK6

    None.

Critical Paths under _INTERRUPT_InterruptManager in BANK6

    None.

Call Graph Tables:

 ---------------------------------------------------------------------------------
 (Depth) Function   	        Calls       Base Space   Used Autos Params    Refs
 ---------------------------------------------------------------------------------
 (0) _main                                                 0     0      0    5871
                _EPWM2_LoadDutyValue
                 _Exception_handling
                         _LED_output
                  _SYSTEM_Initialize
           _TMR0_SetInterruptHandler
                        _check_input
                       _getFrameData
 ---------------------------------------------------------------------------------
 (1) _getFrameData                                         0     0      0       0
 ---------------------------------------------------------------------------------
 (1) _check_input                                          0     0      0       0
 ---------------------------------------------------------------------------------
 (1) _SYSTEM_Initialize                                    0     0      0     211
                   _ECCP3_Initialize
                   _EPWM2_Initialize
              _OSCILLATOR_Initialize
             _PIN_MANAGER_Initialize
                    _TMR0_Initialize
                    _TMR1_Initialize
                    _TMR2_Initialize
                     _WDT_Initialize
 ---------------------------------------------------------------------------------
 (2) _WDT_Initialize                                       0     0      0       0
 ---------------------------------------------------------------------------------
 (2) _TMR2_Initialize                                      0     0      0       0
 ---------------------------------------------------------------------------------
 (2) _TMR1_Initialize                                      0     0      0       0
 ---------------------------------------------------------------------------------
 (2) _TMR0_Initialize                                      0     0      0     211
           _TMR0_SetInterruptHandler
 ---------------------------------------------------------------------------------
 (1) _TMR0_SetInterruptHandler                             2     0      2     211
                                              0 BANK0      2     0      2
 ---------------------------------------------------------------------------------
 (2) _PIN_MANAGER_Initialize                               0     0      0       0
 ---------------------------------------------------------------------------------
 (2) _OSCILLATOR_Initialize                                0     0      0       0
 ---------------------------------------------------------------------------------
 (2) _EPWM2_Initialize                                     0     0      0       0
 ---------------------------------------------------------------------------------
 (2) _ECCP3_Initialize                                     0     0      0       0
 ---------------------------------------------------------------------------------
 (1) _LED_output                                           3     3      0    1905
                                              4 BANK0      3     3      0
                _EPWM2_LoadDutyValue
 ---------------------------------------------------------------------------------
 (1) _Exception_handling                                   0     0      0    1772
                _EPWM2_LoadDutyValue
 ---------------------------------------------------------------------------------
 (2) _EPWM2_LoadDutyValue                                  4     2      2    1772
                                              0 BANK0      4     2      2
 ---------------------------------------------------------------------------------
 Estimated maximum stack depth 2
 ---------------------------------------------------------------------------------
 (Depth) Function   	        Calls       Base Space   Used Autos Params    Refs
 ---------------------------------------------------------------------------------
 (4) _INTERRUPT_InterruptManager                           0     0      0     167
                   _ECCP3_CaptureISR
                           _TMR0_ISR
 ---------------------------------------------------------------------------------
 (5) _TMR0_ISR                                             0     0      0       0
                      _TMR0_CallBack
 ---------------------------------------------------------------------------------
 (6) _TMR0_CallBack                                        0     0      0       0
                                NULL *
       _TMR0_DefaultInterruptHandler *
                   _TMR0_EvenHandler *
 ---------------------------------------------------------------------------------
 (7) _TMR0_EvenHandler                                     1     1      0       0
                                              0 COMMON     1     1      0
 ---------------------------------------------------------------------------------
 (7) _TMR0_DefaultInterruptHandler                         0     0      0       0
 ---------------------------------------------------------------------------------
 (7) NULL(Fake)                                            0     0      0       0
 ---------------------------------------------------------------------------------
 (5) _ECCP3_CaptureISR                                     2     2      0     167
                                              4 COMMON     2     2      0
                     _ECCP3_CallBack
 ---------------------------------------------------------------------------------
 (6) _ECCP3_CallBack                                       4     2      2     120
                                              0 COMMON     4     2      2
 ---------------------------------------------------------------------------------
 Estimated maximum stack depth 7
 ---------------------------------------------------------------------------------

 Call Graph Graphs:

 _main (ROOT)
   _EPWM2_LoadDutyValue
   _Exception_handling
     _EPWM2_LoadDutyValue
   _LED_output
     _EPWM2_LoadDutyValue
   _SYSTEM_Initialize
     _ECCP3_Initialize
     _EPWM2_Initialize
     _OSCILLATOR_Initialize
     _PIN_MANAGER_Initialize
     _TMR0_Initialize
       _TMR0_SetInterruptHandler
     _TMR1_Initialize
     _TMR2_Initialize
     _WDT_Initialize
   _TMR0_SetInterruptHandler
   _check_input
   _getFrameData

 _INTERRUPT_InterruptManager (ROOT)
   _ECCP3_CaptureISR
     _ECCP3_CallBack
   _TMR0_ISR
     _TMR0_CallBack
       NULL(Fake) *
       _TMR0_DefaultInterruptHandler *
       _TMR0_EvenHandler *

 Address spaces:
Name               Size   Autos  Total    Cost      Usage
BIGRAM             1F0      0       0       0        0.0%
EEDATA             100      0       0       0        0.0%
NULL                 0      0       0       0        0.0%
CODE                 0      0       0       0        0.0%
BITCOMMON            E      0       0       1        0.0%
BITSFR0              0      0       0       1        0.0%
SFR0                 0      0       0       1        0.0%
COMMON               E      6       C       2       85.7%
BITSFR1              0      0       0       2        0.0%
SFR1                 0      0       0       2        0.0%
BITSFR2              0      0       0       3        0.0%
SFR2                 0      0       0       3        0.0%
STACK                0      0       0       3        0.0%
BITSFR3              0      0       0       4        0.0%
SFR3                 0      0       0       4        0.0%
ABS                  0      0      77       4        0.0%
BITBANK0            50      0       0       5        0.0%
BITSFR4              0      0       0       5        0.0%
SFR4                 0      0       0       5        0.0%
BANK0               50      7      2B       6       53.8%
BITSFR5              0      0       0       6        0.0%
SFR5                 0      0       0       6        0.0%
BITBANK1            50      0       0       7        0.0%
BITSFR6              0      0       0       7        0.0%
SFR6                 0      0       0       7        0.0%
BANK1               50      0      40       8       80.0%
BITSFR7              0      0       0       8        0.0%
SFR7                 0      0       0       8        0.0%
BITBANK2            50      0       0       9        0.0%
BITSFR8              0      0       0       9        0.0%
SFR8                 0      0       0       9        0.0%
BANK2               50      0       0      10        0.0%
BITSFR9              0      0       0      10        0.0%
SFR9                 0      0       0      10        0.0%
BITBANK3            50      0       0      11        0.0%
BITSFR10             0      0       0      11        0.0%
SFR10                0      0       0      11        0.0%
BANK3               50      0       0      12        0.0%
BITSFR11             0      0       0      12        0.0%
SFR11                0      0       0      12        0.0%
BITBANK4            50      0       0      13        0.0%
BITSFR12             0      0       0      13        0.0%
SFR12                0      0       0      13        0.0%
BANK4               50      0       0      14        0.0%
BITSFR13             0      0       0      14        0.0%
SFR13                0      0       0      14        0.0%
BITBANK5            50      0       0      15        0.0%
BITSFR14             0      0       0      15        0.0%
SFR14                0      0       0      15        0.0%
BANK5               50      0       0      16        0.0%
BITSFR15             0      0       0      16        0.0%
SFR15                0      0       0      16        0.0%
BITBANK6            10      0       0      17        0.0%
BITSFR16             0      0       0      17        0.0%
SFR16                0      0       0      17        0.0%
BANK6               10      0       0      18        0.0%
BITSFR17             0      0       0      18        0.0%
SFR17                0      0       0      18        0.0%
BITSFR18             0      0       0      19        0.0%
SFR18                0      0       0      19        0.0%
DATA                 0      0      77      19        0.0%
BITSFR19             0      0       0      20        0.0%
SFR19                0      0       0      20        0.0%
BITSFR20             0      0       0      21        0.0%
SFR20                0      0       0      21        0.0%
BITSFR21             0      0       0      22        0.0%
SFR21                0      0       0      22        0.0%
BITSFR22             0      0       0      23        0.0%
SFR22                0      0       0      23        0.0%
BITSFR23             0      0       0      24        0.0%
SFR23                0      0       0      24        0.0%
BITSFR24             0      0       0      25        0.0%
SFR24                0      0       0      25        0.0%
BITSFR25             0      0       0      26        0.0%
SFR25                0      0       0      26        0.0%
BITSFR26             0      0       0      27        0.0%
SFR26                0      0       0      27        0.0%
BITSFR27             0      0       0      28        0.0%
SFR27                0      0       0      28        0.0%
BITSFR28             0      0       0      29        0.0%
SFR28                0      0       0      29        0.0%
BITSFR29             0      0       0      30        0.0%
SFR29                0      0       0      30        0.0%
BITSFR30             0      0       0      31        0.0%
SFR30                0      0       0      31        0.0%
BITSFR31             0      0       0      32        0.0%
SFR31                0      0       0      32        0.0%


Microchip Technology PIC Macro Assembler V2.46 build 20240104201356 
Symbol Table                                                                                   Mon Nov 03 14:51:11 2025

                                      _D2 0073                                        _D3 0040  
                                      l32 049C                                        l35 04A1  
                                      l29 0424                                        l38 04C9  
                                      _CS 00A0                                        l78 047B  
                         _timer0ReloadVal 0075                                       l311 0079  
                                     l303 01D2                                       l135 03EF  
                                     l312 0077                                       l330 00F0  
                                     l322 00C2                                       l314 0094  
                                     l331 00E5                                       l323 00B7  
                                     l315 008A                                       l252 040B  
                                     l309 0074                                       l229 04AB  
                                     l157 0450                                       l350 014F  
                                     l342 0129                                       l334 0103  
                                     l326 00D5                                       l318 00A7  
                                     l351 014C                                       l343 0126  
                                     l335 0100                                       l327 00D2  
                                     l319 00A4                                       l415 0304  
                                     l249 0488                                       l370 01AE  
                                     l362 0188                                       l354 0162  
                                     l346 013C                                       l338 0116  
                                     l371 01AB                                       l363 0185  
                                     l355 015F                                       l347 0139  
                                     l339 0113                                       l179 04C5  
                                     l195 04B3                                       l365 01C1  
                                     l381 038F                                       l294 03C1  
                                     l366 019B                                       l358 0175  
                                     l390 03AC                                       l382 0390  
                                     l295 03C3                                       l375 01BE  
                                     l367 0198                                       l359 0172  
                                     l391 03B2                                       l383 0396  
                                     l384 0397                                       l393 03B3  
                                     l385 039D                                       l386 039E  
                                     l299 03D2                                       l387 03A4  
                                     l388 03A5                                       l389 03AB  
                                     _PR2 001B                           _timer1ReloadVal 0035  
                         _TMR2_Initialize 04AC                                       wreg 0009  
                __end_of_EPWM2_Initialize 0489                  __end_of_ECCP3_Initialize 04AC  
                             ?_LED_output 0076                                      l2100 03F0  
                                    l2110 03CC                                      l2030 03D7  
                                    l2102 040C                                      l2112 03CE  
                                    l2104 03B4                                      l2200 012D  
                                    l2040 0496                                      l2032 03E8  
                                    l2024 04C0                                      l2106 03BB  
                                    l2114 03D1                                      l2210 0144  
                                    l2202 0131                                      l2130 0062  
                                    l2122 0054                                      l2050 047F  
                                    l2042 0499                                      l2034 03EA  
                                    l2026 03D3                                      l2108 03C6  
                                    l2220 015B                                      l2212 0148  
                                    l2204 0135                                      l2140 0086  
                                    l2132 006E                                      l2116 0046  
                                    l2060 0486                                      l2052 0480  
                                    l2044 049A                                      l2036 03EB  
                                    l2028 03D5                                      l2300 02A2  
                                    l2142 008C                                      l2134 0070  
                                    l2126 005B                                      l2118 004D  
                                    l2070 04A9                                      l2062 04A2  
                                    l2054 0482                                      l2038 03ED  
                                    l2046 04C6                                      l2302 02A4  
                                    l2240 018C                                      l2232 0179  
                                    l2224 0166                                      l2216 0153  
                                    l2208 0140                                      l2160 00C6  
                                    l2152 00AB                                      l2144 0098  
                                    l2136 007E                                      l2064 04A5  
                                    l2056 0484                                      l2048 047C  
                                    l2080 046F                                      l2072 04AC  
                                    l2320 02C8                                      l2312 02B4  
                                    l2304 02A7                                      l2250 01A3  
                                    l2242 0190                                      l2234 017D  
                                    l2226 016A                                      l2218 0157  
                                    l2170 00DD                                      l2162 00CA  
                                    l2154 00AF                                      l2146 009C  
                                    l2138 0082                                      l2066 04A6  
                                    l2058 0485                                      l2090 0442  
                                    l2082 0472                                      l2074 04AF  
                                    l2330 02DE                                      l2322 02CD  
                                    l2314 02B9                                      l2306 02A9  
                                    l2260 01BA                                      l2252 01A7  
                                    l2244 0194                                      l2236 0181  
                                    l2228 016E                                      l2180 00FC  
                                    l2172 00E1                                      l2164 00CE  
                                    l2156 00B3                                      l2148 00A0  
                                    l2068 04A7                                      l2092 0445  
                                    l2084 0473                                      l2076 04B0  
                                    l2324 02D2                                      l2316 02BE  
                                    l2308 02AF                                      l2340 0345  
                                    l2270 01C3                                      l2174 00E7  
                                    l2158 00B9                                      l2094 0447  
                                    l2086 0474                                      l2078 04B1  
                                    l2326 02D7                                      l2318 02C3  
                                    l2350 035E                                      l2342 0350  
                                    l2272 01C8                                      l2256 01B2  
                                    l2248 019F                                      l2192 011A  
                                    l2184 0107                                      l2176 00F4  
                                    l2168 00D9                                      l2264 01C1  
                                    l2096 0448                                      l2088 043D  
                                    l2280 0389                                      l2328 02DC  
                                    l2360 0371                                      l2352 0361  
                                    l2344 0351                                      l2274 01CC  
                                    l2258 01B6                                      l2194 011E  
                                    l2186 010B                                      l2178 00F8  
                                    l2098 0449                                      l2290 03A9  
                                    l2282 038D                                      l2338 02E1  
                                    l2362 0375                                      l2354 0364  
                                    l2346 0359                                      l2196 0122  
                                    l2188 010F                                      l2292 03B0  
                                    l2284 0394                                      l2276 0383  
                                    l2364 0376                                      l2356 036A  
                                    l2348 035B                                      l2286 039B  
                                    l2278 0388                                      l2294 0294  
                                    l2366 037D                                      l2358 036F  
                                    l2288 03A2                                      l2296 029A  
                                    l2368 037F                                      l2298 029C  
                                    u2200 0053                                      u3000 036A  
                                    u2201 0052                                      u3001 0369  
                                    u2210 005A                                      u3010 036F  
                                    u2211 0059                                      u3011 036E  
                                    u2300 0098                                      u2220 0061  
                                    u2301 0097                                      u2221 0060  
                                    _LATA 010C                                      u2310 009C  
                                    u2230 006C                                      _LATB 010D  
                                    u2311 009B                                      u2231 0069  
                                    _LATC 010E                                      u2400 00CE  
                                    u2320 00A0                                      u2160 04A1  
                                    u2401 00CD                                      u2321 009F  
                                    u2161 04A0                                      _LATE 0110  
                                    u2410 00D2                                      u2330 00A4  
                                    u2250 0074                                      u2411 00D1  
                                    u2331 00A3                                      u2251 0073  
                                    u2180 03BB                                      u2500 0107  
                                    u2420 00D9                                      u2340 00AB  
                                    u2260 007E                                      u2244 006E  
                                    u2181 03BA                                      u2501 0106  
                                    u2421 00D8                                      u2341 00AA  
                                    u2261 007D                                      u2190 03C1  
                                    u2510 010B                                      u2430 00DD  
                                    u2350 00AF                                      u2270 0082  
                                    u2175 0401                                      u2191 03C0  
                                    u2511 010A                                      u2431 00DC  
                                    u2351 00AE                                      u2271 0081  
                                    u2600 0135                                      u2520 010F  
                                    u2440 00E1                                      u2360 00B3  
                                    u2280 0086                                      u2601 0134  
                                    u2521 010E                                      u2441 00E0  
                                    u2361 00B2                                      u2281 0085  
                                    u2610 0139                                      u2530 0113  
                                    u2450 00E5                                      u2370 00B7  
                                    u2290 008A                                      u2611 0138  
                                    u2531 0112                                      u2451 00E4  
                                    u2371 00B6                                      u2291 0089  
                                    u2700 0166                                      u2620 0140  
                                    u2540 011A                                      u2460 00F4  
                                    u2380 00C6                                      u2701 0165  
                                    u2621 013F                                      u2541 0119  
                                    u2461 00F3                                      u2381 00C5  
                                    u2710 016A                                      u2630 0144  
                                    u2550 011E                                      u2470 00F8  
                                    u2390 00CA                                      u2711 0169  
                                    u2631 0143                                      u2551 011D  
                                    u2471 00F7                                      u2391 00C9  
                                    u2800 0194                                      u2720 016E  
                                    u2640 0148                                      u2560 0122  
                                    u2480 00FC                                      u2801 0193  
                                    u2721 016D                                      u2641 0147  
                                    u2561 0121                                      u2481 00FB  
                                    u2810 0198                                      u2730 0172  
                                    u2650 014C                                      u2570 0126  
                                    u2490 0100                                      u2811 0197  
                                    u2731 0171                                      u2651 014B  
                                    u2571 0125                                      u2491 00FF  
                                    u2900 01D2                                      u2820 019F  
                                    u2740 0179                                      u2660 0153  
                                    u2580 012D                                      u2901 01D1  
                                    u2821 019E                                      u2741 0178  
                                    u2661 0152                                      u2581 012C  
                                    u2830 01A3                                      u2750 017D  
                                    u2670 0157                                      u2590 0131  
                                    u2910 038D                                      u2831 01A2  
                                    u2751 017C                                      u2671 0156  
                                    u2591 0130                                      u2911 038C  
                                    u2840 01A7                                      u2760 0181  
                                    u2680 015B                                      u2920 0394  
                                    u2841 01A6                                      u2761 0180  
                                    u2681 015A                                      u2921 0393  
                                    u2850 01AB                                      u2770 0185  
                                    u2690 015F                                      u2930 039B  
                                    u2851 01AA                                      u2771 0184  
                                    u2691 015E                                      u2931 039A  
                                    u2860 01B2                                      u2780 018C  
                                    u2940 03A2                                      u2861 01B1  
                                    u2781 018B                                      u2941 03A1  
                                    u2870 01B6                                      u2790 0190  
                                    u2950 03A9                                      u2871 01B5  
                                    u2791 018F                                      u2951 03A8  
                                    u2880 01BA                                      u2960 03B0  
                                    u2881 01B9                                      u2961 03AF  
                                    u2890 01BE                                      u2970 029A  
                                    u2891 01BD                                      u2971 0299  
                                    u2980 02A2                                      i1l53 0012  
                                    u2981 02A1                                      u2990 02AF  
                                    u2991 02AE                                      i1l58 0024  
                                    i1l59 0024                                      _PLLR 04D6  
                                    _TMR0 0015                                      _TMR2 001A  
                                    _WPUB 020D                                      _WPUE 0210  
                     ECCP3_CallBack@HI_us 0072                       ECCP3_CallBack@LO_us 003B  
                                    _main 0345                                      fsr0h 0005  
                                    fsr1h 0007                                      indf0 0000  
                                    fsr0l 0004                                      indf1 0001  
                                    fsr1l 0006                                      _step 0041  
                                    btemp 007E                       ECCP3_CallBack@fHead 0038  
                                    start 0026                   __end_of_TMR0_Initialize 0451  
          ??_TMR0_DefaultInterruptHandler 0076             __end_of_OSCILLATOR_Initialize 04A2  
                                   ?_main 0076                                     _T1CON 0018  
                                   _T2CON 001C                                     i1l232 046E  
                                   i1l172 043C                                     i1l182 04CA  
                                   i1l176 0495                                     i1l441 0204  
                                   i1l443 0229                                     i1l454 0293  
                                   i1l439 0264                                     i1l448 0256  
                                   i1l458 045F                  __end_of_TMR0_EvenHandler 0460  
                                   _TMR1H 0017                                     _TMR1L 0016  
                                   _TRISA 008C                                     _TRISB 008D  
                                   _TRISC 008E                                     _TRISE 0090  
               ?_TMR0_SetInterruptHandler 0044                __end_of_Exception_handling 03D3  
                        __end_of_TMR0_ISR 043D                            _WDT_Initialize 04C6  
                 __end_of_TMR1_Initialize 047C                                     pclath 000A  
                                   status 0003                                     wtemp0 007E  
            ECCP3_CallBack@pluse_width_HI 002D              ECCP3_CallBack@pluse_width_LO 002F  
                    __end_of_getFrameData 0305                           __initialization 0028  
                            __end_of_main 0383                   __end_of_TMR2_Initialize 04B4  
             ?_INTERRUPT_InterruptManager 0076                                    ??_main 004B  
         ECCP3_CallBack@falling_edge_time 0070                    __end_of_WDT_Initialize 04CA  
                                  _CCPR2H 0299                                    _CCPR3H 0312  
                                  _CCPR2L 0298                                    _CCPR3L 0311  
                                  _APFCON 011D                                    _ANSELA 018C  
                                  _ANSELB 018D                                    _BORCON 0116  
                                  _T1GCON 0019                                    u111_20 0490  
                                  u111_21 048F                                    u112_20 01DA  
                                  u112_21 01D9                                    i1l1700 0261  
                                  u120_24 0250                                    u120_25 024F  
                                  i1l1710 0291                                    i1l1702 0265  
                                  i1l1704 026B                                    u121_20 0260  
                                  u113_20 01E6                                    i1l1720 0436  
                                  u121_21 025F                                    u113_21 01E5  
                                  i1l1706 027E                                    i1l1722 0439  
                                  i1l1708 0285                                    i1l1724 0460  
                                  i1l1580 0456                                    i1l1660 0489  
                                  i1l1716 0425                                    i1l1670 01E6  
                                  i1l1726 0462                                    i1l1582 045C  
                                  i1l1662 0490                                    i1l1718 0426  
                                  u122_20 026B                                    i1l1680 0222  
                                  u114_20 01F1                                    i1l1672 01E7  
                                  i1l1664 01D3                                    i1l1728 0467  
                                  i1l1584 045E                                    u210_20 000E  
                                  u122_21 026A                                    u114_21 01F0  
                                  u210_21 000D                                    i1l1690 0238  
                                  i1l1682 0226                                    i1l1674 01F1  
                                  i1l1666 01DA                                    i1l1578 0451  
                                  i1l1692 023E                                    i1l1684 022E  
                                  i1l1676 01F8                                    i1l1668 01E0  
                                  u114_25 01ED                                    i1l1694 024B  
                                  i1l1686 0234                                    i1l1678 021C  
                                  u123_20 027E                                    i1l1696 025A  
                                  i1l1688 0236                                    u115_20 0222  
                                  u211_20 0016                                    u123_21 027D  
                                  u115_21 0221                                    u211_21 0015  
                                  i1l1698 0260                                    i1l1980 0006  
                                  u123_25 027A                                    i1l1990 0020  
                                  i1l1982 000A                                    u116_20 022E  
                                  u212_20 001B                                    i1l1984 000E  
                                  u116_21 022D                                    u212_21 001A  
                                  i1l1986 0016                                    i1l1988 001B  
                                  u117_20 0234                                    u109_20 045C  
                                  u125_20 0436                                    u213_20 0020  
                                  u117_21 0233                                    u109_21 045B  
                                  u125_21 0435                                    u213_21 001F  
                                  u118_20 023E                                    u118_21 023D  
                                  u119_24 0243                                    u119_25 0242  
                                  u209_20 000A                                    u209_21 0009  
                                  _OSCCON 0099                                    _WDTCON 0097  
                             LED_output@i 004A                              _CCPTMRS0bits 029E  
          ECCP3_CallBack@rising_edge_time 002B                                    _csFlag 003F  
                        ?_TMR0_Initialize 0076                         ?_ECCP3_CaptureISR 0076  
                         ?_WDT_Initialize 0076                        ??_ECCP3_CaptureISR 007A  
                              _fException 003D                     __end_of_TMR0_CallBack 0496  
                     _EPWM2_LoadDutyValue 03F0  TMR0_SetInterruptHandler@InterruptHandler 0044  
                   ECCP3_CallBack@diff_us 003A                          ?_TMR1_Initialize 0076  
                       _SYSTEM_Initialize 040C                   __end_of__initialization 0042  
                      ?_SYSTEM_Initialize 0076                            __pcstackCOMMON 0076  
                    ?_EPWM2_LoadDutyValue 0044                              __pidataBANK1 0305  
                     ??_SYSTEM_Initialize 0046                                 ?_TMR0_ISR 0076  
                        ?_TMR2_Initialize 0076                            _OPTION_REGbits 0095  
                   TMR0_ISR@CountCallBack 0031                         ?_EPWM2_Initialize 0076  
                            ??_LED_output 0048                 __end_of_SYSTEM_Initialize 0425  
                       ?_ECCP3_Initialize 0076                        ??_EPWM2_Initialize 0044  
                              __pbssBANK0 0020                        ??_ECCP3_Initialize 0044  
                              __pmaintext 0345                     ??_EPWM2_LoadDutyValue 0046  
        __end_of_TMR0_SetInterruptHandler 04C6                                ??_TMR0_ISR 0077  
                              __pintentry 0004                                   _CCP2CON 029A  
                                 _CCP3CON 0313                                   _ECCP2AS 029C  
                      __end_of_LED_output 01D3                              _getFrameData 0294  
                       ?_TMR0_EvenHandler 0076                                   _OSCTUNE 0098  
                                 _PWM2CON 029B                        ??_TMR0_EvenHandler 0076  
                      _Exception_handling 03B4                                 _T10MS_CNT 003E  
                     ?_Exception_handling 0076                            _ECCP3_CallBack 01D3  
                                 __ptext1 0294                                   __ptext2 0383  
                                 __ptext3 040C                                   __ptext4 04C6  
                                 __ptext5 04AC                                   __ptext6 046F  
                                 __ptext7 043D                                   __ptext8 04C0  
                                 __ptext9 03D3                                 _T1CONbits 0018  
                   _OSCILLATOR_Initialize 0496                                 _T2CONbits 001C  
                           ??_check_input 0044                    ECCP3_CaptureISR@module 007A  
                ??_PIN_MANAGER_Initialize 0044                             _data_1byte_OK 0043  
                                 _rx_data 0074                      ??_Exception_handling 0048  
                                 clrloop0 04BB                      end_of_initialization 0042  
                                 init_ram 04B4                                   initloop 04B5  
                             _fException2 003C                    __end_of_ECCP3_CallBack 0294  
                  ECCP3_CallBack@data_cnt 0037                          ??_WDT_Initialize 0044  
                _TMR0_SetInterruptHandler 04C0                       __end_of_check_input 03B4  
                         ?_ECCP3_CallBack 0076                    ?_OSCILLATOR_Initialize 0076  
                     start_initialization 0028                            LED_output@crc8 0049  
                               _fFrame_OK 0042                               __pdataBANK1 00A0  
                             __pbssCOMMON 0070                               _check_input 0383  
                               ___latbits 0002                             __pcstackBANK0 0044  
             __end_of_EPWM2_LoadDutyValue 040C                     _TMR0_InterruptHandler 0033  
                  _PIN_MANAGER_Initialize 03D3              ??_INTERRUPT_InterruptManager 007C  
                           _TMR0_CallBack 0489                         ??_TMR0_Initialize 0046  
                        _ECCP3_CaptureISR 0460                                  _LATAbits 010C  
                                _LATBbits 010D                                 clear_ram0 04BA  
                                _PIE3bits 0093                ??_TMR0_SetInterruptHandler 0046  
                                _PIR1bits 0011                                  _PIR3bits 0013  
                                _TMR0_ISR 0425                                  _PSTR2CON 029D  
                       ??_TMR1_Initialize 0044                            ?_TMR0_CallBack 0076  
                       ??_TMR2_Initialize 0044                          ??_ECCP3_CallBack 0078  
                        _EPWM2_Initialize 047C                          _ECCP3_Initialize 04A2  
                 ??_OSCILLATOR_Initialize 0044               ECCP3_CallBack@capturedValue 0076  
            ECCP3_CallBack@rise_edge_flag 0039                                  _data_buf 0020  
                                __ptext10 0496                                  __ptext11 047C  
                                __ptext20 0451                                  __ptext12 04A2  
                                __ptext21 0460                                  __ptext13 0046  
                              _T1GCONbits 0019                                  __ptext22 01D3  
                                __ptext14 03B4                                  __ptext15 03F0  
                                __ptext17 0425                                  __ptext18 0489  
                                __ptext19 04CA                          _TMR0_EvenHandler 0451  
    __end_of_TMR0_DefaultInterruptHandler 04CB              _TMR0_DefaultInterruptHandler 04CA  
                                int$flags 007E        __end_of_INTERRUPT_InterruptManager 0026  
              _INTERRUPT_InterruptManager 0004                             ?_getFrameData 0076  
                              _INTCONbits 000B                              ?_check_input 0076  
                         ??_TMR0_CallBack 0077                                _LED_output 0046  
                                intlevel1 0000              EPWM2_LoadDutyValue@dutyValue 0044  
                 ?_PIN_MANAGER_Initialize 0076             ?_TMR0_DefaultInterruptHandler 0076  
                          ??_getFrameData 0044                  __end_of_ECCP3_CaptureISR 046F  
                              _OPTION_REG 0095                           _TMR0_Initialize 043D  
          __end_of_PIN_MANAGER_Initialize 03F0                           _TMR1_Initialize 046F  
