

Microchip MPLAB XC8 Assembler V2.46 build 20240104201356 
                                                                                               Thu Mar 05 09:26:45 2026

Microchip MPLAB XC8 C Compiler v2.46 (Free license) build 20240104201356 Og1 
     1                           	processor	16F1936
     2                           	pagewidth 120
     3                           	opt	flic
     4                           	psect	idataBANK1,global,class=CODE,delta=2,noexec
     5                           	psect	cinit,global,class=CODE,merge=1,delta=2
     6                           	psect	bssCOMMON,global,class=COMMON,space=1,delta=1,noexec
     7                           	psect	bssBANK0,global,class=BANK0,space=1,delta=1,noexec
     8                           	psect	dataBANK1,global,class=BANK1,space=1,delta=1,noexec
     9                           	psect	inittext,global,class=CODE,delta=2
    10                           	psect	clrtext,global,class=CODE,delta=2
    11                           	psect	cstackCOMMON,global,class=COMMON,space=1,delta=1,noexec
    12                           	psect	cstackBANK0,global,class=BANK0,space=1,delta=1,noexec
    13                           	psect	maintext,global,class=CODE,merge=1,split=1,delta=2
    14                           	psect	text1,local,class=CODE,merge=1,delta=2
    15                           	psect	text2,local,class=CODE,merge=1,delta=2
    16                           	psect	text3,local,class=CODE,merge=1,delta=2
    17                           	psect	text4,local,class=CODE,merge=1,delta=2
    18                           	psect	text5,local,class=CODE,merge=1,delta=2
    19                           	psect	text6,local,class=CODE,merge=1,delta=2
    20                           	psect	text7,local,class=CODE,merge=1,delta=2
    21                           	psect	text8,local,class=CODE,merge=1,delta=2
    22                           	psect	text9,local,class=CODE,merge=1,delta=2
    23                           	psect	text10,local,class=CODE,merge=1,delta=2
    24                           	psect	text11,local,class=CODE,merge=1,delta=2
    25                           	psect	text12,local,class=CODE,merge=1,delta=2
    26                           	psect	text13,local,class=CODE,merge=1,delta=2
    27                           	psect	text14,local,class=CODE,merge=1,delta=2
    28                           	psect	text15,local,class=CODE,merge=1,delta=2
    29                           	psect	intentry,global,class=CODE,delta=2
    30                           	psect	text17,local,class=CODE,merge=1,delta=2
    31                           	psect	text18,local,class=CODE,merge=1,delta=2
    32                           	psect	text19,local,class=CODE,merge=1,delta=2
    33                           	psect	text20,local,class=CODE,merge=1,delta=2
    34                           	psect	text21,local,class=CODE,merge=1,delta=2
    35                           	psect	text22,local,class=CODE,merge=1,delta=2
    36                           	psect	config,global,abs,ovrld,class=CONFIG,space=4,delta=2,noexec
    37                           	dabs	1,0x7E,2
    38     0000                     
    39                           ; Version 2.20
    40                           ; Generated 12/02/2020 GMT
    41                           ; 
    42                           ; Copyright © 2020, Microchip Technology Inc. and its subsidiaries ("Microchip")
    43                           ; All rights reserved.
    44                           ; 
    45                           ; This software is developed by Microchip Technology Inc. and its subsidiaries ("Microch
      +                          ip").
    46                           ; 
    47                           ; Redistribution and use in source and binary forms, with or without modification, are
    48                           ; permitted provided that the following conditions are met:
    49                           ; 
    50                           ;     1. Redistributions of source code must retain the above copyright notice, this lis
      +                          t of
    51                           ;        conditions and the following disclaimer.
    52                           ; 
    53                           ;     2. Redistributions in binary form must reproduce the above copyright notice, this 
      +                          list
    54                           ;        of conditions and the following disclaimer in the documentation and/or other
    55                           ;        materials provided with the distribution.
    56                           ; 
    57                           ;     3. Microchip's name may not be used to endorse or promote products derived from th
      +                          is
    58                           ;        software without specific prior written permission.
    59                           ; 
    60                           ; THIS SOFTWARE IS PROVIDED BY MICROCHIP "AS IS" AND ANY EXPRESS OR IMPLIED WARRANTIES,
    61                           ; INCLUDING, BUT NOT LIMITED TO, THE IMPLIED WARRANTIES OF MERCHANTABILITY AND FITNESS F
      +                          OR
    62                           ; PURPOSE ARE DISCLAIMED.  IN NO EVENT SHALL MICROCHIP BE LIABLE FOR ANY DIRECT, INDIREC
      +                          T,
    63                           ; INCIDENTAL, SPECIAL, EXEMPLARY, OR CONSEQUENTIAL DAMAGES (INCLUDING BUT NOT LIMITED TO
    64                           ; PROCUREMENT OF SUBSTITUTE GOODS OR SERVICES; LOSS OF USE, DATA OR PROFITS; OR BUSINESS
    65                           ; INTERRUPTION) HOWSOEVER CAUSED AND ON ANY THEORY OF LIABILITY, WHETHER IN CONTRACT, ST
      +                          RICT
    66                           ; LIABILITY, OR TORT (INCLUDING NEGLIGENCE OR OTHERWISE) ARISING IN ANY WAY OUT OF THE U
      +                          SE OF
    67                           ; THIS SOFTWARE, EVEN IF ADVISED OF THE POSSIBILITY OF SUCH DAMAGE.
    68                           ; 
    69                           ; 
    70                           ; Code-generator required, PIC16F1936 Definitions
    71                           ; 
    72                           ; SFR Addresses
    73     0000                     	;# 
    74     0001                     	;# 
    75     0002                     	;# 
    76     0003                     	;# 
    77     0004                     	;# 
    78     0005                     	;# 
    79     0006                     	;# 
    80     0007                     	;# 
    81     0008                     	;# 
    82     0009                     	;# 
    83     000A                     	;# 
    84     000B                     	;# 
    85     000C                     	;# 
    86     000D                     	;# 
    87     000E                     	;# 
    88     0010                     	;# 
    89     0011                     	;# 
    90     0012                     	;# 
    91     0013                     	;# 
    92     0015                     	;# 
    93     0016                     	;# 
    94     0016                     	;# 
    95     0017                     	;# 
    96     0018                     	;# 
    97     0019                     	;# 
    98     001A                     	;# 
    99     001B                     	;# 
   100     001C                     	;# 
   101     001E                     	;# 
   102     001F                     	;# 
   103     008C                     	;# 
   104     008D                     	;# 
   105     008E                     	;# 
   106     0090                     	;# 
   107     0091                     	;# 
   108     0092                     	;# 
   109     0093                     	;# 
   110     0095                     	;# 
   111     0096                     	;# 
   112     0097                     	;# 
   113     0098                     	;# 
   114     0099                     	;# 
   115     009A                     	;# 
   116     009B                     	;# 
   117     009B                     	;# 
   118     009C                     	;# 
   119     009D                     	;# 
   120     009E                     	;# 
   121     010C                     	;# 
   122     010D                     	;# 
   123     010E                     	;# 
   124     0110                     	;# 
   125     0111                     	;# 
   126     0112                     	;# 
   127     0113                     	;# 
   128     0114                     	;# 
   129     0115                     	;# 
   130     0116                     	;# 
   131     0117                     	;# 
   132     0118                     	;# 
   133     0119                     	;# 
   134     011A                     	;# 
   135     011B                     	;# 
   136     011D                     	;# 
   137     018C                     	;# 
   138     018D                     	;# 
   139     0191                     	;# 
   140     0191                     	;# 
   141     0192                     	;# 
   142     0193                     	;# 
   143     0193                     	;# 
   144     0193                     	;# 
   145     0194                     	;# 
   146     0195                     	;# 
   147     0196                     	;# 
   148     0199                     	;# 
   149     019A                     	;# 
   150     019B                     	;# 
   151     019B                     	;# 
   152     019B                     	;# 
   153     019B                     	;# 
   154     019C                     	;# 
   155     019C                     	;# 
   156     019D                     	;# 
   157     019E                     	;# 
   158     019F                     	;# 
   159     020D                     	;# 
   160     0210                     	;# 
   161     0211                     	;# 
   162     0212                     	;# 
   163     0213                     	;# 
   164     0214                     	;# 
   165     0215                     	;# 
   166     0215                     	;# 
   167     0216                     	;# 
   168     0217                     	;# 
   169     0291                     	;# 
   170     0291                     	;# 
   171     0292                     	;# 
   172     0293                     	;# 
   173     0294                     	;# 
   174     0295                     	;# 
   175     0295                     	;# 
   176     0296                     	;# 
   177     0298                     	;# 
   178     0298                     	;# 
   179     0299                     	;# 
   180     029A                     	;# 
   181     029B                     	;# 
   182     029C                     	;# 
   183     029C                     	;# 
   184     029D                     	;# 
   185     029E                     	;# 
   186     029F                     	;# 
   187     0311                     	;# 
   188     0311                     	;# 
   189     0312                     	;# 
   190     0313                     	;# 
   191     0314                     	;# 
   192     0315                     	;# 
   193     0315                     	;# 
   194     0316                     	;# 
   195     0318                     	;# 
   196     0318                     	;# 
   197     0319                     	;# 
   198     031A                     	;# 
   199     031C                     	;# 
   200     031C                     	;# 
   201     031D                     	;# 
   202     031E                     	;# 
   203     0394                     	;# 
   204     0395                     	;# 
   205     0396                     	;# 
   206     0415                     	;# 
   207     0416                     	;# 
   208     0417                     	;# 
   209     041C                     	;# 
   210     041D                     	;# 
   211     041E                     	;# 
   212     0791                     	;# 
   213     0792                     	;# 
   214     0793                     	;# 
   215     0794                     	;# 
   216     0795                     	;# 
   217     0798                     	;# 
   218     0799                     	;# 
   219     07A0                     	;# 
   220     07A1                     	;# 
   221     07A3                     	;# 
   222     07A4                     	;# 
   223     07A6                     	;# 
   224     07A7                     	;# 
   225     07A9                     	;# 
   226     07AA                     	;# 
   227     0FE4                     	;# 
   228     0FE5                     	;# 
   229     0FE6                     	;# 
   230     0FE7                     	;# 
   231     0FE8                     	;# 
   232     0FE9                     	;# 
   233     0FEA                     	;# 
   234     0FEB                     	;# 
   235     0FED                     	;# 
   236     0FEE                     	;# 
   237     0FEF                     	;# 
   238     0000                     	;# 
   239     0001                     	;# 
   240     0002                     	;# 
   241     0003                     	;# 
   242     0004                     	;# 
   243     0005                     	;# 
   244     0006                     	;# 
   245     0007                     	;# 
   246     0008                     	;# 
   247     0009                     	;# 
   248     000A                     	;# 
   249     000B                     	;# 
   250     000C                     	;# 
   251     000D                     	;# 
   252     000E                     	;# 
   253     0010                     	;# 
   254     0011                     	;# 
   255     0012                     	;# 
   256     0013                     	;# 
   257     0015                     	;# 
   258     0016                     	;# 
   259     0016                     	;# 
   260     0017                     	;# 
   261     0018                     	;# 
   262     0019                     	;# 
   263     001A                     	;# 
   264     001B                     	;# 
   265     001C                     	;# 
   266     001E                     	;# 
   267     001F                     	;# 
   268     008C                     	;# 
   269     008D                     	;# 
   270     008E                     	;# 
   271     0090                     	;# 
   272     0091                     	;# 
   273     0092                     	;# 
   274     0093                     	;# 
   275     0095                     	;# 
   276     0096                     	;# 
   277     0097                     	;# 
   278     0098                     	;# 
   279     0099                     	;# 
   280     009A                     	;# 
   281     009B                     	;# 
   282     009B                     	;# 
   283     009C                     	;# 
   284     009D                     	;# 
   285     009E                     	;# 
   286     010C                     	;# 
   287     010D                     	;# 
   288     010E                     	;# 
   289     0110                     	;# 
   290     0111                     	;# 
   291     0112                     	;# 
   292     0113                     	;# 
   293     0114                     	;# 
   294     0115                     	;# 
   295     0116                     	;# 
   296     0117                     	;# 
   297     0118                     	;# 
   298     0119                     	;# 
   299     011A                     	;# 
   300     011B                     	;# 
   301     011D                     	;# 
   302     018C                     	;# 
   303     018D                     	;# 
   304     0191                     	;# 
   305     0191                     	;# 
   306     0192                     	;# 
   307     0193                     	;# 
   308     0193                     	;# 
   309     0193                     	;# 
   310     0194                     	;# 
   311     0195                     	;# 
   312     0196                     	;# 
   313     0199                     	;# 
   314     019A                     	;# 
   315     019B                     	;# 
   316     019B                     	;# 
   317     019B                     	;# 
   318     019B                     	;# 
   319     019C                     	;# 
   320     019C                     	;# 
   321     019D                     	;# 
   322     019E                     	;# 
   323     019F                     	;# 
   324     020D                     	;# 
   325     0210                     	;# 
   326     0211                     	;# 
   327     0212                     	;# 
   328     0213                     	;# 
   329     0214                     	;# 
   330     0215                     	;# 
   331     0215                     	;# 
   332     0216                     	;# 
   333     0217                     	;# 
   334     0291                     	;# 
   335     0291                     	;# 
   336     0292                     	;# 
   337     0293                     	;# 
   338     0294                     	;# 
   339     0295                     	;# 
   340     0295                     	;# 
   341     0296                     	;# 
   342     0298                     	;# 
   343     0298                     	;# 
   344     0299                     	;# 
   345     029A                     	;# 
   346     029B                     	;# 
   347     029C                     	;# 
   348     029C                     	;# 
   349     029D                     	;# 
   350     029E                     	;# 
   351     029F                     	;# 
   352     0311                     	;# 
   353     0311                     	;# 
   354     0312                     	;# 
   355     0313                     	;# 
   356     0314                     	;# 
   357     0315                     	;# 
   358     0315                     	;# 
   359     0316                     	;# 
   360     0318                     	;# 
   361     0318                     	;# 
   362     0319                     	;# 
   363     031A                     	;# 
   364     031C                     	;# 
   365     031C                     	;# 
   366     031D                     	;# 
   367     031E                     	;# 
   368     0394                     	;# 
   369     0395                     	;# 
   370     0396                     	;# 
   371     0415                     	;# 
   372     0416                     	;# 
   373     0417                     	;# 
   374     041C                     	;# 
   375     041D                     	;# 
   376     041E                     	;# 
   377     0791                     	;# 
   378     0792                     	;# 
   379     0793                     	;# 
   380     0794                     	;# 
   381     0795                     	;# 
   382     0798                     	;# 
   383     0799                     	;# 
   384     07A0                     	;# 
   385     07A1                     	;# 
   386     07A3                     	;# 
   387     07A4                     	;# 
   388     07A6                     	;# 
   389     07A7                     	;# 
   390     07A9                     	;# 
   391     07AA                     	;# 
   392     0FE4                     	;# 
   393     0FE5                     	;# 
   394     0FE6                     	;# 
   395     0FE7                     	;# 
   396     0FE8                     	;# 
   397     0FE9                     	;# 
   398     0FEA                     	;# 
   399     0FEB                     	;# 
   400     0FED                     	;# 
   401     0FEE                     	;# 
   402     0FEF                     	;# 
   403     0000                     	;# 
   404     0001                     	;# 
   405     0002                     	;# 
   406     0003                     	;# 
   407     0004                     	;# 
   408     0005                     	;# 
   409     0006                     	;# 
   410     0007                     	;# 
   411     0008                     	;# 
   412     0009                     	;# 
   413     000A                     	;# 
   414     000B                     	;# 
   415     000C                     	;# 
   416     000D                     	;# 
   417     000E                     	;# 
   418     0010                     	;# 
   419     0011                     	;# 
   420     0012                     	;# 
   421     0013                     	;# 
   422     0015                     	;# 
   423     0016                     	;# 
   424     0016                     	;# 
   425     0017                     	;# 
   426     0018                     	;# 
   427     0019                     	;# 
   428     001A                     	;# 
   429     001B                     	;# 
   430     001C                     	;# 
   431     001E                     	;# 
   432     001F                     	;# 
   433     008C                     	;# 
   434     008D                     	;# 
   435     008E                     	;# 
   436     0090                     	;# 
   437     0091                     	;# 
   438     0092                     	;# 
   439     0093                     	;# 
   440     0095                     	;# 
   441     0096                     	;# 
   442     0097                     	;# 
   443     0098                     	;# 
   444     0099                     	;# 
   445     009A                     	;# 
   446     009B                     	;# 
   447     009B                     	;# 
   448     009C                     	;# 
   449     009D                     	;# 
   450     009E                     	;# 
   451     010C                     	;# 
   452     010D                     	;# 
   453     010E                     	;# 
   454     0110                     	;# 
   455     0111                     	;# 
   456     0112                     	;# 
   457     0113                     	;# 
   458     0114                     	;# 
   459     0115                     	;# 
   460     0116                     	;# 
   461     0117                     	;# 
   462     0118                     	;# 
   463     0119                     	;# 
   464     011A                     	;# 
   465     011B                     	;# 
   466     011D                     	;# 
   467     018C                     	;# 
   468     018D                     	;# 
   469     0191                     	;# 
   470     0191                     	;# 
   471     0192                     	;# 
   472     0193                     	;# 
   473     0193                     	;# 
   474     0193                     	;# 
   475     0194                     	;# 
   476     0195                     	;# 
   477     0196                     	;# 
   478     0199                     	;# 
   479     019A                     	;# 
   480     019B                     	;# 
   481     019B                     	;# 
   482     019B                     	;# 
   483     019B                     	;# 
   484     019C                     	;# 
   485     019C                     	;# 
   486     019D                     	;# 
   487     019E                     	;# 
   488     019F                     	;# 
   489     020D                     	;# 
   490     0210                     	;# 
   491     0211                     	;# 
   492     0212                     	;# 
   493     0213                     	;# 
   494     0214                     	;# 
   495     0215                     	;# 
   496     0215                     	;# 
   497     0216                     	;# 
   498     0217                     	;# 
   499     0291                     	;# 
   500     0291                     	;# 
   501     0292                     	;# 
   502     0293                     	;# 
   503     0294                     	;# 
   504     0295                     	;# 
   505     0295                     	;# 
   506     0296                     	;# 
   507     0298                     	;# 
   508     0298                     	;# 
   509     0299                     	;# 
   510     029A                     	;# 
   511     029B                     	;# 
   512     029C                     	;# 
   513     029C                     	;# 
   514     029D                     	;# 
   515     029E                     	;# 
   516     029F                     	;# 
   517     0311                     	;# 
   518     0311                     	;# 
   519     0312                     	;# 
   520     0313                     	;# 
   521     0314                     	;# 
   522     0315                     	;# 
   523     0315                     	;# 
   524     0316                     	;# 
   525     0318                     	;# 
   526     0318                     	;# 
   527     0319                     	;# 
   528     031A                     	;# 
   529     031C                     	;# 
   530     031C                     	;# 
   531     031D                     	;# 
   532     031E                     	;# 
   533     0394                     	;# 
   534     0395                     	;# 
   535     0396                     	;# 
   536     0415                     	;# 
   537     0416                     	;# 
   538     0417                     	;# 
   539     041C                     	;# 
   540     041D                     	;# 
   541     041E                     	;# 
   542     0791                     	;# 
   543     0792                     	;# 
   544     0793                     	;# 
   545     0794                     	;# 
   546     0795                     	;# 
   547     0798                     	;# 
   548     0799                     	;# 
   549     07A0                     	;# 
   550     07A1                     	;# 
   551     07A3                     	;# 
   552     07A4                     	;# 
   553     07A6                     	;# 
   554     07A7                     	;# 
   555     07A9                     	;# 
   556     07AA                     	;# 
   557     0FE4                     	;# 
   558     0FE5                     	;# 
   559     0FE6                     	;# 
   560     0FE7                     	;# 
   561     0FE8                     	;# 
   562     0FE9                     	;# 
   563     0FEA                     	;# 
   564     0FEB                     	;# 
   565     0FED                     	;# 
   566     0FEE                     	;# 
   567     0FEF                     	;# 
   568     0000                     	;# 
   569     0001                     	;# 
   570     0002                     	;# 
   571     0003                     	;# 
   572     0004                     	;# 
   573     0005                     	;# 
   574     0006                     	;# 
   575     0007                     	;# 
   576     0008                     	;# 
   577     0009                     	;# 
   578     000A                     	;# 
   579     000B                     	;# 
   580     000C                     	;# 
   581     000D                     	;# 
   582     000E                     	;# 
   583     0010                     	;# 
   584     0011                     	;# 
   585     0012                     	;# 
   586     0013                     	;# 
   587     0015                     	;# 
   588     0016                     	;# 
   589     0016                     	;# 
   590     0017                     	;# 
   591     0018                     	;# 
   592     0019                     	;# 
   593     001A                     	;# 
   594     001B                     	;# 
   595     001C                     	;# 
   596     001E                     	;# 
   597     001F                     	;# 
   598     008C                     	;# 
   599     008D                     	;# 
   600     008E                     	;# 
   601     0090                     	;# 
   602     0091                     	;# 
   603     0092                     	;# 
   604     0093                     	;# 
   605     0095                     	;# 
   606     0096                     	;# 
   607     0097                     	;# 
   608     0098                     	;# 
   609     0099                     	;# 
   610     009A                     	;# 
   611     009B                     	;# 
   612     009B                     	;# 
   613     009C                     	;# 
   614     009D                     	;# 
   615     009E                     	;# 
   616     010C                     	;# 
   617     010D                     	;# 
   618     010E                     	;# 
   619     0110                     	;# 
   620     0111                     	;# 
   621     0112                     	;# 
   622     0113                     	;# 
   623     0114                     	;# 
   624     0115                     	;# 
   625     0116                     	;# 
   626     0117                     	;# 
   627     0118                     	;# 
   628     0119                     	;# 
   629     011A                     	;# 
   630     011B                     	;# 
   631     011D                     	;# 
   632     018C                     	;# 
   633     018D                     	;# 
   634     0191                     	;# 
   635     0191                     	;# 
   636     0192                     	;# 
   637     0193                     	;# 
   638     0193                     	;# 
   639     0193                     	;# 
   640     0194                     	;# 
   641     0195                     	;# 
   642     0196                     	;# 
   643     0199                     	;# 
   644     019A                     	;# 
   645     019B                     	;# 
   646     019B                     	;# 
   647     019B                     	;# 
   648     019B                     	;# 
   649     019C                     	;# 
   650     019C                     	;# 
   651     019D                     	;# 
   652     019E                     	;# 
   653     019F                     	;# 
   654     020D                     	;# 
   655     0210                     	;# 
   656     0211                     	;# 
   657     0212                     	;# 
   658     0213                     	;# 
   659     0214                     	;# 
   660     0215                     	;# 
   661     0215                     	;# 
   662     0216                     	;# 
   663     0217                     	;# 
   664     0291                     	;# 
   665     0291                     	;# 
   666     0292                     	;# 
   667     0293                     	;# 
   668     0294                     	;# 
   669     0295                     	;# 
   670     0295                     	;# 
   671     0296                     	;# 
   672     0298                     	;# 
   673     0298                     	;# 
   674     0299                     	;# 
   675     029A                     	;# 
   676     029B                     	;# 
   677     029C                     	;# 
   678     029C                     	;# 
   679     029D                     	;# 
   680     029E                     	;# 
   681     029F                     	;# 
   682     0311                     	;# 
   683     0311                     	;# 
   684     0312                     	;# 
   685     0313                     	;# 
   686     0314                     	;# 
   687     0315                     	;# 
   688     0315                     	;# 
   689     0316                     	;# 
   690     0318                     	;# 
   691     0318                     	;# 
   692     0319                     	;# 
   693     031A                     	;# 
   694     031C                     	;# 
   695     031C                     	;# 
   696     031D                     	;# 
   697     031E                     	;# 
   698     0394                     	;# 
   699     0395                     	;# 
   700     0396                     	;# 
   701     0415                     	;# 
   702     0416                     	;# 
   703     0417                     	;# 
   704     041C                     	;# 
   705     041D                     	;# 
   706     041E                     	;# 
   707     0791                     	;# 
   708     0792                     	;# 
   709     0793                     	;# 
   710     0794                     	;# 
   711     0795                     	;# 
   712     0798                     	;# 
   713     0799                     	;# 
   714     07A0                     	;# 
   715     07A1                     	;# 
   716     07A3                     	;# 
   717     07A4                     	;# 
   718     07A6                     	;# 
   719     07A7                     	;# 
   720     07A9                     	;# 
   721     07AA                     	;# 
   722     0FE4                     	;# 
   723     0FE5                     	;# 
   724     0FE6                     	;# 
   725     0FE7                     	;# 
   726     0FE8                     	;# 
   727     0FE9                     	;# 
   728     0FEA                     	;# 
   729     0FEB                     	;# 
   730     0FED                     	;# 
   731     0FEE                     	;# 
   732     0FEF                     	;# 
   733     0000                     	;# 
   734     0001                     	;# 
   735     0002                     	;# 
   736     0003                     	;# 
   737     0004                     	;# 
   738     0005                     	;# 
   739     0006                     	;# 
   740     0007                     	;# 
   741     0008                     	;# 
   742     0009                     	;# 
   743     000A                     	;# 
   744     000B                     	;# 
   745     000C                     	;# 
   746     000D                     	;# 
   747     000E                     	;# 
   748     0010                     	;# 
   749     0011                     	;# 
   750     0012                     	;# 
   751     0013                     	;# 
   752     0015                     	;# 
   753     0016                     	;# 
   754     0016                     	;# 
   755     0017                     	;# 
   756     0018                     	;# 
   757     0019                     	;# 
   758     001A                     	;# 
   759     001B                     	;# 
   760     001C                     	;# 
   761     001E                     	;# 
   762     001F                     	;# 
   763     008C                     	;# 
   764     008D                     	;# 
   765     008E                     	;# 
   766     0090                     	;# 
   767     0091                     	;# 
   768     0092                     	;# 
   769     0093                     	;# 
   770     0095                     	;# 
   771     0096                     	;# 
   772     0097                     	;# 
   773     0098                     	;# 
   774     0099                     	;# 
   775     009A                     	;# 
   776     009B                     	;# 
   777     009B                     	;# 
   778     009C                     	;# 
   779     009D                     	;# 
   780     009E                     	;# 
   781     010C                     	;# 
   782     010D                     	;# 
   783     010E                     	;# 
   784     0110                     	;# 
   785     0111                     	;# 
   786     0112                     	;# 
   787     0113                     	;# 
   788     0114                     	;# 
   789     0115                     	;# 
   790     0116                     	;# 
   791     0117                     	;# 
   792     0118                     	;# 
   793     0119                     	;# 
   794     011A                     	;# 
   795     011B                     	;# 
   796     011D                     	;# 
   797     018C                     	;# 
   798     018D                     	;# 
   799     0191                     	;# 
   800     0191                     	;# 
   801     0192                     	;# 
   802     0193                     	;# 
   803     0193                     	;# 
   804     0193                     	;# 
   805     0194                     	;# 
   806     0195                     	;# 
   807     0196                     	;# 
   808     0199                     	;# 
   809     019A                     	;# 
   810     019B                     	;# 
   811     019B                     	;# 
   812     019B                     	;# 
   813     019B                     	;# 
   814     019C                     	;# 
   815     019C                     	;# 
   816     019D                     	;# 
   817     019E                     	;# 
   818     019F                     	;# 
   819     020D                     	;# 
   820     0210                     	;# 
   821     0211                     	;# 
   822     0212                     	;# 
   823     0213                     	;# 
   824     0214                     	;# 
   825     0215                     	;# 
   826     0215                     	;# 
   827     0216                     	;# 
   828     0217                     	;# 
   829     0291                     	;# 
   830     0291                     	;# 
   831     0292                     	;# 
   832     0293                     	;# 
   833     0294                     	;# 
   834     0295                     	;# 
   835     0295                     	;# 
   836     0296                     	;# 
   837     0298                     	;# 
   838     0298                     	;# 
   839     0299                     	;# 
   840     029A                     	;# 
   841     029B                     	;# 
   842     029C                     	;# 
   843     029C                     	;# 
   844     029D                     	;# 
   845     029E                     	;# 
   846     029F                     	;# 
   847     0311                     	;# 
   848     0311                     	;# 
   849     0312                     	;# 
   850     0313                     	;# 
   851     0314                     	;# 
   852     0315                     	;# 
   853     0315                     	;# 
   854     0316                     	;# 
   855     0318                     	;# 
   856     0318                     	;# 
   857     0319                     	;# 
   858     031A                     	;# 
   859     031C                     	;# 
   860     031C                     	;# 
   861     031D                     	;# 
   862     031E                     	;# 
   863     0394                     	;# 
   864     0395                     	;# 
   865     0396                     	;# 
   866     0415                     	;# 
   867     0416                     	;# 
   868     0417                     	;# 
   869     041C                     	;# 
   870     041D                     	;# 
   871     041E                     	;# 
   872     0791                     	;# 
   873     0792                     	;# 
   874     0793                     	;# 
   875     0794                     	;# 
   876     0795                     	;# 
   877     0798                     	;# 
   878     0799                     	;# 
   879     07A0                     	;# 
   880     07A1                     	;# 
   881     07A3                     	;# 
   882     07A4                     	;# 
   883     07A6                     	;# 
   884     07A7                     	;# 
   885     07A9                     	;# 
   886     07AA                     	;# 
   887     0FE4                     	;# 
   888     0FE5                     	;# 
   889     0FE6                     	;# 
   890     0FE7                     	;# 
   891     0FE8                     	;# 
   892     0FE9                     	;# 
   893     0FEA                     	;# 
   894     0FEB                     	;# 
   895     0FED                     	;# 
   896     0FEE                     	;# 
   897     0FEF                     	;# 
   898     0000                     	;# 
   899     0001                     	;# 
   900     0002                     	;# 
   901     0003                     	;# 
   902     0004                     	;# 
   903     0005                     	;# 
   904     0006                     	;# 
   905     0007                     	;# 
   906     0008                     	;# 
   907     0009                     	;# 
   908     000A                     	;# 
   909     000B                     	;# 
   910     000C                     	;# 
   911     000D                     	;# 
   912     000E                     	;# 
   913     0010                     	;# 
   914     0011                     	;# 
   915     0012                     	;# 
   916     0013                     	;# 
   917     0015                     	;# 
   918     0016                     	;# 
   919     0016                     	;# 
   920     0017                     	;# 
   921     0018                     	;# 
   922     0019                     	;# 
   923     001A                     	;# 
   924     001B                     	;# 
   925     001C                     	;# 
   926     001E                     	;# 
   927     001F                     	;# 
   928     008C                     	;# 
   929     008D                     	;# 
   930     008E                     	;# 
   931     0090                     	;# 
   932     0091                     	;# 
   933     0092                     	;# 
   934     0093                     	;# 
   935     0095                     	;# 
   936     0096                     	;# 
   937     0097                     	;# 
   938     0098                     	;# 
   939     0099                     	;# 
   940     009A                     	;# 
   941     009B                     	;# 
   942     009B                     	;# 
   943     009C                     	;# 
   944     009D                     	;# 
   945     009E                     	;# 
   946     010C                     	;# 
   947     010D                     	;# 
   948     010E                     	;# 
   949     0110                     	;# 
   950     0111                     	;# 
   951     0112                     	;# 
   952     0113                     	;# 
   953     0114                     	;# 
   954     0115                     	;# 
   955     0116                     	;# 
   956     0117                     	;# 
   957     0118                     	;# 
   958     0119                     	;# 
   959     011A                     	;# 
   960     011B                     	;# 
   961     011D                     	;# 
   962     018C                     	;# 
   963     018D                     	;# 
   964     0191                     	;# 
   965     0191                     	;# 
   966     0192                     	;# 
   967     0193                     	;# 
   968     0193                     	;# 
   969     0193                     	;# 
   970     0194                     	;# 
   971     0195                     	;# 
   972     0196                     	;# 
   973     0199                     	;# 
   974     019A                     	;# 
   975     019B                     	;# 
   976     019B                     	;# 
   977     019B                     	;# 
   978     019B                     	;# 
   979     019C                     	;# 
   980     019C                     	;# 
   981     019D                     	;# 
   982     019E                     	;# 
   983     019F                     	;# 
   984     020D                     	;# 
   985     0210                     	;# 
   986     0211                     	;# 
   987     0212                     	;# 
   988     0213                     	;# 
   989     0214                     	;# 
   990     0215                     	;# 
   991     0215                     	;# 
   992     0216                     	;# 
   993     0217                     	;# 
   994     0291                     	;# 
   995     0291                     	;# 
   996     0292                     	;# 
   997     0293                     	;# 
   998     0294                     	;# 
   999     0295                     	;# 
  1000     0295                     	;# 
  1001     0296                     	;# 
  1002     0298                     	;# 
  1003     0298                     	;# 
  1004     0299                     	;# 
  1005     029A                     	;# 
  1006     029B                     	;# 
  1007     029C                     	;# 
  1008     029C                     	;# 
  1009     029D                     	;# 
  1010     029E                     	;# 
  1011     029F                     	;# 
  1012     0311                     	;# 
  1013     0311                     	;# 
  1014     0312                     	;# 
  1015     0313                     	;# 
  1016     0314                     	;# 
  1017     0315                     	;# 
  1018     0315                     	;# 
  1019     0316                     	;# 
  1020     0318                     	;# 
  1021     0318                     	;# 
  1022     0319                     	;# 
  1023     031A                     	;# 
  1024     031C                     	;# 
  1025     031C                     	;# 
  1026     031D                     	;# 
  1027     031E                     	;# 
  1028     0394                     	;# 
  1029     0395                     	;# 
  1030     0396                     	;# 
  1031     0415                     	;# 
  1032     0416                     	;# 
  1033     0417                     	;# 
  1034     041C                     	;# 
  1035     041D                     	;# 
  1036     041E                     	;# 
  1037     0791                     	;# 
  1038     0792                     	;# 
  1039     0793                     	;# 
  1040     0794                     	;# 
  1041     0795                     	;# 
  1042     0798                     	;# 
  1043     0799                     	;# 
  1044     07A0                     	;# 
  1045     07A1                     	;# 
  1046     07A3                     	;# 
  1047     07A4                     	;# 
  1048     07A6                     	;# 
  1049     07A7                     	;# 
  1050     07A9                     	;# 
  1051     07AA                     	;# 
  1052     0FE4                     	;# 
  1053     0FE5                     	;# 
  1054     0FE6                     	;# 
  1055     0FE7                     	;# 
  1056     0FE8                     	;# 
  1057     0FE9                     	;# 
  1058     0FEA                     	;# 
  1059     0FEB                     	;# 
  1060     0FED                     	;# 
  1061     0FEE                     	;# 
  1062     0FEF                     	;# 
  1063     0000                     	;# 
  1064     0001                     	;# 
  1065     0002                     	;# 
  1066     0003                     	;# 
  1067     0004                     	;# 
  1068     0005                     	;# 
  1069     0006                     	;# 
  1070     0007                     	;# 
  1071     0008                     	;# 
  1072     0009                     	;# 
  1073     000A                     	;# 
  1074     000B                     	;# 
  1075     000C                     	;# 
  1076     000D                     	;# 
  1077     000E                     	;# 
  1078     0010                     	;# 
  1079     0011                     	;# 
  1080     0012                     	;# 
  1081     0013                     	;# 
  1082     0015                     	;# 
  1083     0016                     	;# 
  1084     0016                     	;# 
  1085     0017                     	;# 
  1086     0018                     	;# 
  1087     0019                     	;# 
  1088     001A                     	;# 
  1089     001B                     	;# 
  1090     001C                     	;# 
  1091     001E                     	;# 
  1092     001F                     	;# 
  1093     008C                     	;# 
  1094     008D                     	;# 
  1095     008E                     	;# 
  1096     0090                     	;# 
  1097     0091                     	;# 
  1098     0092                     	;# 
  1099     0093                     	;# 
  1100     0095                     	;# 
  1101     0096                     	;# 
  1102     0097                     	;# 
  1103     0098                     	;# 
  1104     0099                     	;# 
  1105     009A                     	;# 
  1106     009B                     	;# 
  1107     009B                     	;# 
  1108     009C                     	;# 
  1109     009D                     	;# 
  1110     009E                     	;# 
  1111     010C                     	;# 
  1112     010D                     	;# 
  1113     010E                     	;# 
  1114     0110                     	;# 
  1115     0111                     	;# 
  1116     0112                     	;# 
  1117     0113                     	;# 
  1118     0114                     	;# 
  1119     0115                     	;# 
  1120     0116                     	;# 
  1121     0117                     	;# 
  1122     0118                     	;# 
  1123     0119                     	;# 
  1124     011A                     	;# 
  1125     011B                     	;# 
  1126     011D                     	;# 
  1127     018C                     	;# 
  1128     018D                     	;# 
  1129     0191                     	;# 
  1130     0191                     	;# 
  1131     0192                     	;# 
  1132     0193                     	;# 
  1133     0193                     	;# 
  1134     0193                     	;# 
  1135     0194                     	;# 
  1136     0195                     	;# 
  1137     0196                     	;# 
  1138     0199                     	;# 
  1139     019A                     	;# 
  1140     019B                     	;# 
  1141     019B                     	;# 
  1142     019B                     	;# 
  1143     019B                     	;# 
  1144     019C                     	;# 
  1145     019C                     	;# 
  1146     019D                     	;# 
  1147     019E                     	;# 
  1148     019F                     	;# 
  1149     020D                     	;# 
  1150     0210                     	;# 
  1151     0211                     	;# 
  1152     0212                     	;# 
  1153     0213                     	;# 
  1154     0214                     	;# 
  1155     0215                     	;# 
  1156     0215                     	;# 
  1157     0216                     	;# 
  1158     0217                     	;# 
  1159     0291                     	;# 
  1160     0291                     	;# 
  1161     0292                     	;# 
  1162     0293                     	;# 
  1163     0294                     	;# 
  1164     0295                     	;# 
  1165     0295                     	;# 
  1166     0296                     	;# 
  1167     0298                     	;# 
  1168     0298                     	;# 
  1169     0299                     	;# 
  1170     029A                     	;# 
  1171     029B                     	;# 
  1172     029C                     	;# 
  1173     029C                     	;# 
  1174     029D                     	;# 
  1175     029E                     	;# 
  1176     029F                     	;# 
  1177     0311                     	;# 
  1178     0311                     	;# 
  1179     0312                     	;# 
  1180     0313                     	;# 
  1181     0314                     	;# 
  1182     0315                     	;# 
  1183     0315                     	;# 
  1184     0316                     	;# 
  1185     0318                     	;# 
  1186     0318                     	;# 
  1187     0319                     	;# 
  1188     031A                     	;# 
  1189     031C                     	;# 
  1190     031C                     	;# 
  1191     031D                     	;# 
  1192     031E                     	;# 
  1193     0394                     	;# 
  1194     0395                     	;# 
  1195     0396                     	;# 
  1196     0415                     	;# 
  1197     0416                     	;# 
  1198     0417                     	;# 
  1199     041C                     	;# 
  1200     041D                     	;# 
  1201     041E                     	;# 
  1202     0791                     	;# 
  1203     0792                     	;# 
  1204     0793                     	;# 
  1205     0794                     	;# 
  1206     0795                     	;# 
  1207     0798                     	;# 
  1208     0799                     	;# 
  1209     07A0                     	;# 
  1210     07A1                     	;# 
  1211     07A3                     	;# 
  1212     07A4                     	;# 
  1213     07A6                     	;# 
  1214     07A7                     	;# 
  1215     07A9                     	;# 
  1216     07AA                     	;# 
  1217     0FE4                     	;# 
  1218     0FE5                     	;# 
  1219     0FE6                     	;# 
  1220     0FE7                     	;# 
  1221     0FE8                     	;# 
  1222     0FE9                     	;# 
  1223     0FEA                     	;# 
  1224     0FEB                     	;# 
  1225     0FED                     	;# 
  1226     0FEE                     	;# 
  1227     0FEF                     	;# 
  1228     0000                     	;# 
  1229     0001                     	;# 
  1230     0002                     	;# 
  1231     0003                     	;# 
  1232     0004                     	;# 
  1233     0005                     	;# 
  1234     0006                     	;# 
  1235     0007                     	;# 
  1236     0008                     	;# 
  1237     0009                     	;# 
  1238     000A                     	;# 
  1239     000B                     	;# 
  1240     000C                     	;# 
  1241     000D                     	;# 
  1242     000E                     	;# 
  1243     0010                     	;# 
  1244     0011                     	;# 
  1245     0012                     	;# 
  1246     0013                     	;# 
  1247     0015                     	;# 
  1248     0016                     	;# 
  1249     0016                     	;# 
  1250     0017                     	;# 
  1251     0018                     	;# 
  1252     0019                     	;# 
  1253     001A                     	;# 
  1254     001B                     	;# 
  1255     001C                     	;# 
  1256     001E                     	;# 
  1257     001F                     	;# 
  1258     008C                     	;# 
  1259     008D                     	;# 
  1260     008E                     	;# 
  1261     0090                     	;# 
  1262     0091                     	;# 
  1263     0092                     	;# 
  1264     0093                     	;# 
  1265     0095                     	;# 
  1266     0096                     	;# 
  1267     0097                     	;# 
  1268     0098                     	;# 
  1269     0099                     	;# 
  1270     009A                     	;# 
  1271     009B                     	;# 
  1272     009B                     	;# 
  1273     009C                     	;# 
  1274     009D                     	;# 
  1275     009E                     	;# 
  1276     010C                     	;# 
  1277     010D                     	;# 
  1278     010E                     	;# 
  1279     0110                     	;# 
  1280     0111                     	;# 
  1281     0112                     	;# 
  1282     0113                     	;# 
  1283     0114                     	;# 
  1284     0115                     	;# 
  1285     0116                     	;# 
  1286     0117                     	;# 
  1287     0118                     	;# 
  1288     0119                     	;# 
  1289     011A                     	;# 
  1290     011B                     	;# 
  1291     011D                     	;# 
  1292     018C                     	;# 
  1293     018D                     	;# 
  1294     0191                     	;# 
  1295     0191                     	;# 
  1296     0192                     	;# 
  1297     0193                     	;# 
  1298     0193                     	;# 
  1299     0193                     	;# 
  1300     0194                     	;# 
  1301     0195                     	;# 
  1302     0196                     	;# 
  1303     0199                     	;# 
  1304     019A                     	;# 
  1305     019B                     	;# 
  1306     019B                     	;# 
  1307     019B                     	;# 
  1308     019B                     	;# 
  1309     019C                     	;# 
  1310     019C                     	;# 
  1311     019D                     	;# 
  1312     019E                     	;# 
  1313     019F                     	;# 
  1314     020D                     	;# 
  1315     0210                     	;# 
  1316     0211                     	;# 
  1317     0212                     	;# 
  1318     0213                     	;# 
  1319     0214                     	;# 
  1320     0215                     	;# 
  1321     0215                     	;# 
  1322     0216                     	;# 
  1323     0217                     	;# 
  1324     0291                     	;# 
  1325     0291                     	;# 
  1326     0292                     	;# 
  1327     0293                     	;# 
  1328     0294                     	;# 
  1329     0295                     	;# 
  1330     0295                     	;# 
  1331     0296                     	;# 
  1332     0298                     	;# 
  1333     0298                     	;# 
  1334     0299                     	;# 
  1335     029A                     	;# 
  1336     029B                     	;# 
  1337     029C                     	;# 
  1338     029C                     	;# 
  1339     029D                     	;# 
  1340     029E                     	;# 
  1341     029F                     	;# 
  1342     0311                     	;# 
  1343     0311                     	;# 
  1344     0312                     	;# 
  1345     0313                     	;# 
  1346     0314                     	;# 
  1347     0315                     	;# 
  1348     0315                     	;# 
  1349     0316                     	;# 
  1350     0318                     	;# 
  1351     0318                     	;# 
  1352     0319                     	;# 
  1353     031A                     	;# 
  1354     031C                     	;# 
  1355     031C                     	;# 
  1356     031D                     	;# 
  1357     031E                     	;# 
  1358     0394                     	;# 
  1359     0395                     	;# 
  1360     0396                     	;# 
  1361     0415                     	;# 
  1362     0416                     	;# 
  1363     0417                     	;# 
  1364     041C                     	;# 
  1365     041D                     	;# 
  1366     041E                     	;# 
  1367     0791                     	;# 
  1368     0792                     	;# 
  1369     0793                     	;# 
  1370     0794                     	;# 
  1371     0795                     	;# 
  1372     0798                     	;# 
  1373     0799                     	;# 
  1374     07A0                     	;# 
  1375     07A1                     	;# 
  1376     07A3                     	;# 
  1377     07A4                     	;# 
  1378     07A6                     	;# 
  1379     07A7                     	;# 
  1380     07A9                     	;# 
  1381     07AA                     	;# 
  1382     0FE4                     	;# 
  1383     0FE5                     	;# 
  1384     0FE6                     	;# 
  1385     0FE7                     	;# 
  1386     0FE8                     	;# 
  1387     0FE9                     	;# 
  1388     0FEA                     	;# 
  1389     0FEB                     	;# 
  1390     0FED                     	;# 
  1391     0FEE                     	;# 
  1392     0FEF                     	;# 
  1393     0000                     	;# 
  1394     0001                     	;# 
  1395     0002                     	;# 
  1396     0003                     	;# 
  1397     0004                     	;# 
  1398     0005                     	;# 
  1399     0006                     	;# 
  1400     0007                     	;# 
  1401     0008                     	;# 
  1402     0009                     	;# 
  1403     000A                     	;# 
  1404     000B                     	;# 
  1405     000C                     	;# 
  1406     000D                     	;# 
  1407     000E                     	;# 
  1408     0010                     	;# 
  1409     0011                     	;# 
  1410     0012                     	;# 
  1411     0013                     	;# 
  1412     0015                     	;# 
  1413     0016                     	;# 
  1414     0016                     	;# 
  1415     0017                     	;# 
  1416     0018                     	;# 
  1417     0019                     	;# 
  1418     001A                     	;# 
  1419     001B                     	;# 
  1420     001C                     	;# 
  1421     001E                     	;# 
  1422     001F                     	;# 
  1423     008C                     	;# 
  1424     008D                     	;# 
  1425     008E                     	;# 
  1426     0090                     	;# 
  1427     0091                     	;# 
  1428     0092                     	;# 
  1429     0093                     	;# 
  1430     0095                     	;# 
  1431     0096                     	;# 
  1432     0097                     	;# 
  1433     0098                     	;# 
  1434     0099                     	;# 
  1435     009A                     	;# 
  1436     009B                     	;# 
  1437     009B                     	;# 
  1438     009C                     	;# 
  1439     009D                     	;# 
  1440     009E                     	;# 
  1441     010C                     	;# 
  1442     010D                     	;# 
  1443     010E                     	;# 
  1444     0110                     	;# 
  1445     0111                     	;# 
  1446     0112                     	;# 
  1447     0113                     	;# 
  1448     0114                     	;# 
  1449     0115                     	;# 
  1450     0116                     	;# 
  1451     0117                     	;# 
  1452     0118                     	;# 
  1453     0119                     	;# 
  1454     011A                     	;# 
  1455     011B                     	;# 
  1456     011D                     	;# 
  1457     018C                     	;# 
  1458     018D                     	;# 
  1459     0191                     	;# 
  1460     0191                     	;# 
  1461     0192                     	;# 
  1462     0193                     	;# 
  1463     0193                     	;# 
  1464     0193                     	;# 
  1465     0194                     	;# 
  1466     0195                     	;# 
  1467     0196                     	;# 
  1468     0199                     	;# 
  1469     019A                     	;# 
  1470     019B                     	;# 
  1471     019B                     	;# 
  1472     019B                     	;# 
  1473     019B                     	;# 
  1474     019C                     	;# 
  1475     019C                     	;# 
  1476     019D                     	;# 
  1477     019E                     	;# 
  1478     019F                     	;# 
  1479     020D                     	;# 
  1480     0210                     	;# 
  1481     0211                     	;# 
  1482     0212                     	;# 
  1483     0213                     	;# 
  1484     0214                     	;# 
  1485     0215                     	;# 
  1486     0215                     	;# 
  1487     0216                     	;# 
  1488     0217                     	;# 
  1489     0291                     	;# 
  1490     0291                     	;# 
  1491     0292                     	;# 
  1492     0293                     	;# 
  1493     0294                     	;# 
  1494     0295                     	;# 
  1495     0295                     	;# 
  1496     0296                     	;# 
  1497     0298                     	;# 
  1498     0298                     	;# 
  1499     0299                     	;# 
  1500     029A                     	;# 
  1501     029B                     	;# 
  1502     029C                     	;# 
  1503     029C                     	;# 
  1504     029D                     	;# 
  1505     029E                     	;# 
  1506     029F                     	;# 
  1507     0311                     	;# 
  1508     0311                     	;# 
  1509     0312                     	;# 
  1510     0313                     	;# 
  1511     0314                     	;# 
  1512     0315                     	;# 
  1513     0315                     	;# 
  1514     0316                     	;# 
  1515     0318                     	;# 
  1516     0318                     	;# 
  1517     0319                     	;# 
  1518     031A                     	;# 
  1519     031C                     	;# 
  1520     031C                     	;# 
  1521     031D                     	;# 
  1522     031E                     	;# 
  1523     0394                     	;# 
  1524     0395                     	;# 
  1525     0396                     	;# 
  1526     0415                     	;# 
  1527     0416                     	;# 
  1528     0417                     	;# 
  1529     041C                     	;# 
  1530     041D                     	;# 
  1531     041E                     	;# 
  1532     0791                     	;# 
  1533     0792                     	;# 
  1534     0793                     	;# 
  1535     0794                     	;# 
  1536     0795                     	;# 
  1537     0798                     	;# 
  1538     0799                     	;# 
  1539     07A0                     	;# 
  1540     07A1                     	;# 
  1541     07A3                     	;# 
  1542     07A4                     	;# 
  1543     07A6                     	;# 
  1544     07A7                     	;# 
  1545     07A9                     	;# 
  1546     07AA                     	;# 
  1547     0FE4                     	;# 
  1548     0FE5                     	;# 
  1549     0FE6                     	;# 
  1550     0FE7                     	;# 
  1551     0FE8                     	;# 
  1552     0FE9                     	;# 
  1553     0FEA                     	;# 
  1554     0FEB                     	;# 
  1555     0FED                     	;# 
  1556     0FEE                     	;# 
  1557     0FEF                     	;# 
  1558     0000                     	;# 
  1559     0001                     	;# 
  1560     0002                     	;# 
  1561     0003                     	;# 
  1562     0004                     	;# 
  1563     0005                     	;# 
  1564     0006                     	;# 
  1565     0007                     	;# 
  1566     0008                     	;# 
  1567     0009                     	;# 
  1568     000A                     	;# 
  1569     000B                     	;# 
  1570     000C                     	;# 
  1571     000D                     	;# 
  1572     000E                     	;# 
  1573     0010                     	;# 
  1574     0011                     	;# 
  1575     0012                     	;# 
  1576     0013                     	;# 
  1577     0015                     	;# 
  1578     0016                     	;# 
  1579     0016                     	;# 
  1580     0017                     	;# 
  1581     0018                     	;# 
  1582     0019                     	;# 
  1583     001A                     	;# 
  1584     001B                     	;# 
  1585     001C                     	;# 
  1586     001E                     	;# 
  1587     001F                     	;# 
  1588     008C                     	;# 
  1589     008D                     	;# 
  1590     008E                     	;# 
  1591     0090                     	;# 
  1592     0091                     	;# 
  1593     0092                     	;# 
  1594     0093                     	;# 
  1595     0095                     	;# 
  1596     0096                     	;# 
  1597     0097                     	;# 
  1598     0098                     	;# 
  1599     0099                     	;# 
  1600     009A                     	;# 
  1601     009B                     	;# 
  1602     009B                     	;# 
  1603     009C                     	;# 
  1604     009D                     	;# 
  1605     009E                     	;# 
  1606     010C                     	;# 
  1607     010D                     	;# 
  1608     010E                     	;# 
  1609     0110                     	;# 
  1610     0111                     	;# 
  1611     0112                     	;# 
  1612     0113                     	;# 
  1613     0114                     	;# 
  1614     0115                     	;# 
  1615     0116                     	;# 
  1616     0117                     	;# 
  1617     0118                     	;# 
  1618     0119                     	;# 
  1619     011A                     	;# 
  1620     011B                     	;# 
  1621     011D                     	;# 
  1622     018C                     	;# 
  1623     018D                     	;# 
  1624     0191                     	;# 
  1625     0191                     	;# 
  1626     0192                     	;# 
  1627     0193                     	;# 
  1628     0193                     	;# 
  1629     0193                     	;# 
  1630     0194                     	;# 
  1631     0195                     	;# 
  1632     0196                     	;# 
  1633     0199                     	;# 
  1634     019A                     	;# 
  1635     019B                     	;# 
  1636     019B                     	;# 
  1637     019B                     	;# 
  1638     019B                     	;# 
  1639     019C                     	;# 
  1640     019C                     	;# 
  1641     019D                     	;# 
  1642     019E                     	;# 
  1643     019F                     	;# 
  1644     020D                     	;# 
  1645     0210                     	;# 
  1646     0211                     	;# 
  1647     0212                     	;# 
  1648     0213                     	;# 
  1649     0214                     	;# 
  1650     0215                     	;# 
  1651     0215                     	;# 
  1652     0216                     	;# 
  1653     0217                     	;# 
  1654     0291                     	;# 
  1655     0291                     	;# 
  1656     0292                     	;# 
  1657     0293                     	;# 
  1658     0294                     	;# 
  1659     0295                     	;# 
  1660     0295                     	;# 
  1661     0296                     	;# 
  1662     0298                     	;# 
  1663     0298                     	;# 
  1664     0299                     	;# 
  1665     029A                     	;# 
  1666     029B                     	;# 
  1667     029C                     	;# 
  1668     029C                     	;# 
  1669     029D                     	;# 
  1670     029E                     	;# 
  1671     029F                     	;# 
  1672     0311                     	;# 
  1673     0311                     	;# 
  1674     0312                     	;# 
  1675     0313                     	;# 
  1676     0314                     	;# 
  1677     0315                     	;# 
  1678     0315                     	;# 
  1679     0316                     	;# 
  1680     0318                     	;# 
  1681     0318                     	;# 
  1682     0319                     	;# 
  1683     031A                     	;# 
  1684     031C                     	;# 
  1685     031C                     	;# 
  1686     031D                     	;# 
  1687     031E                     	;# 
  1688     0394                     	;# 
  1689     0395                     	;# 
  1690     0396                     	;# 
  1691     0415                     	;# 
  1692     0416                     	;# 
  1693     0417                     	;# 
  1694     041C                     	;# 
  1695     041D                     	;# 
  1696     041E                     	;# 
  1697     0791                     	;# 
  1698     0792                     	;# 
  1699     0793                     	;# 
  1700     0794                     	;# 
  1701     0795                     	;# 
  1702     0798                     	;# 
  1703     0799                     	;# 
  1704     07A0                     	;# 
  1705     07A1                     	;# 
  1706     07A3                     	;# 
  1707     07A4                     	;# 
  1708     07A6                     	;# 
  1709     07A7                     	;# 
  1710     07A9                     	;# 
  1711     07AA                     	;# 
  1712     0FE4                     	;# 
  1713     0FE5                     	;# 
  1714     0FE6                     	;# 
  1715     0FE7                     	;# 
  1716     0FE8                     	;# 
  1717     0FE9                     	;# 
  1718     0FEA                     	;# 
  1719     0FEB                     	;# 
  1720     0FED                     	;# 
  1721     0FEE                     	;# 
  1722     0FEF                     	;# 
  1723                           
  1724                           	psect	idataBANK1
  1725     02ED                     __pidataBANK1:
  1726                           
  1727                           ;initializer for _CS
  1728     02ED  344C               	retlw	76
  1729     02EE  349F               	retlw	159
  1730     02EF  34ED               	retlw	237
  1731     02F0  343E               	retlw	62
  1732     02F1  3466               	retlw	102
  1733     02F2  34B5               	retlw	181
  1734     02F3  34C7               	retlw	199
  1735     02F4  3414               	retlw	20
  1736     02F5  3459               	retlw	89
  1737     02F6  348A               	retlw	138
  1738     02F7  34F8               	retlw	248
  1739     02F8  342B               	retlw	43
  1740     02F9  3473               	retlw	115
  1741     02FA  34A0               	retlw	160
  1742     02FB  34D2               	retlw	210
  1743     02FC  3401               	retlw	1
  1744     02FD  348E               	retlw	142
  1745     02FE  345D               	retlw	93
  1746     02FF  342F               	retlw	47
  1747     0300  34FC               	retlw	252
  1748     0301  34A4               	retlw	164
  1749     0302  3477               	retlw	119
  1750     0303  3405               	retlw	5
  1751     0304  34D6               	retlw	214
  1752     0305  349B               	retlw	155
  1753     0306  3448               	retlw	72
  1754     0307  343A               	retlw	58
  1755     0308  34E9               	retlw	233
  1756     0309  34B1               	retlw	177
  1757     030A  3462               	retlw	98
  1758     030B  3410               	retlw	16
  1759     030C  34C3               	retlw	195
  1760     030D  342D               	retlw	45
  1761     030E  34FE               	retlw	254
  1762     030F  348C               	retlw	140
  1763     0310  345F               	retlw	95
  1764     0311  3407               	retlw	7
  1765     0312  34D4               	retlw	212
  1766     0313  34A6               	retlw	166
  1767     0314  3475               	retlw	117
  1768     0315  3438               	retlw	56
  1769     0316  34EB               	retlw	235
  1770     0317  3499               	retlw	153
  1771     0318  344A               	retlw	74
  1772     0319  3412               	retlw	18
  1773     031A  34C1               	retlw	193
  1774     031B  34B3               	retlw	179
  1775     031C  3460               	retlw	96
  1776     031D  34EF               	retlw	239
  1777     031E  343C               	retlw	60
  1778     031F  344E               	retlw	78
  1779     0320  349D               	retlw	157
  1780     0321  34C5               	retlw	197
  1781     0322  3416               	retlw	22
  1782     0323  3464               	retlw	100
  1783     0324  34B7               	retlw	183
  1784     0325  34FA               	retlw	250
  1785     0326  3429               	retlw	41
  1786     0327  345B               	retlw	91
  1787     0328  3488               	retlw	136
  1788     0329  34D0               	retlw	208
  1789     032A  3403               	retlw	3
  1790     032B  3471               	retlw	113
  1791     032C  34A2               	retlw	162
  1792     001C                     _T2CONbits	set	28
  1793     001C                     _T2CON	set	28
  1794     001A                     _TMR2	set	26
  1795     001B                     _PR2	set	27
  1796     0015                     _TMR0	set	21
  1797     0019                     _T1GCONbits	set	25
  1798     0018                     _T1CONbits	set	24
  1799     0018                     _T1CON	set	24
  1800     0011                     _PIR1bits	set	17
  1801     0016                     _TMR1L	set	22
  1802     0017                     _TMR1H	set	23
  1803     0019                     _T1GCON	set	25
  1804     0013                     _PIR3bits	set	19
  1805     000B                     _INTCONbits	set	11
  1806     0095                     _OPTION_REG	set	149
  1807     0095                     _OPTION_REGbits	set	149
  1808     008E                     _TRISC	set	142
  1809     008D                     _TRISB	set	141
  1810     008C                     _TRISA	set	140
  1811     0090                     _TRISE	set	144
  1812     0093                     _PIE3bits	set	147
  1813     0097                     _WDTCON	set	151
  1814     0098                     _OSCTUNE	set	152
  1815     0099                     _OSCCON	set	153
  1816     04D6                     _PLLR	set	1238
  1817     010D                     _LATBbits	set	269
  1818     010C                     _LATAbits	set	268
  1819     011D                     _APFCON	set	285
  1820     010E                     _LATC	set	270
  1821     010D                     _LATB	set	269
  1822     010C                     _LATA	set	268
  1823     0110                     _LATE	set	272
  1824     0116                     _BORCON	set	278
  1825     018C                     _ANSELA	set	396
  1826     018D                     _ANSELB	set	397
  1827     020D                     _WPUB	set	525
  1828     0210                     _WPUE	set	528
  1829     029E                     _CCPTMRS0bits	set	670
  1830     0298                     _CCPR2L	set	664
  1831     0299                     _CCPR2H	set	665
  1832     029D                     _PSTR2CON	set	669
  1833     029B                     _PWM2CON	set	667
  1834     029C                     _ECCP2AS	set	668
  1835     029A                     _CCP2CON	set	666
  1836     0311                     _CCPR3L	set	785
  1837     0312                     _CCPR3H	set	786
  1838     0313                     _CCP3CON	set	787
  1839                           
  1840                           	psect	cinit
  1841     0028                     start_initialization:	
  1842                           ; #config settings
  1843                           
  1844     0028                     __initialization:
  1845                           
  1846                           ; Initialize objects allocated to BANK1
  1847     0028  30ED               	movlw	low __pidataBANK1
  1848     0029  0084               	movwf	4
  1849     002A  3082               	movlw	(high __pidataBANK1)| (0+128)
  1850     002B  0085               	movwf	5
  1851     002C  30A0               	movlw	low __pdataBANK1
  1852     002D  0086               	movwf	6
  1853     002E  3000               	movlw	high __pdataBANK1
  1854     002F  0087               	movwf	7
  1855     0030  3040               	movlw	64
  1856     0031  3184  24BB  3180   	fcall	init_ram
  1857                           
  1858                           ; Clear objects allocated to COMMON
  1859     0034  01F0               	clrf	__pbssCOMMON& (0+127)
  1860     0035  01F1               	clrf	(__pbssCOMMON+1)& (0+127)
  1861     0036  01F2               	clrf	(__pbssCOMMON+2)& (0+127)
  1862     0037  01F3               	clrf	(__pbssCOMMON+3)& (0+127)
  1863     0038  01F4               	clrf	(__pbssCOMMON+4)& (0+127)
  1864     0039  01F5               	clrf	(__pbssCOMMON+5)& (0+127)
  1865                           
  1866                           ; Clear objects allocated to BANK0
  1867     003A  3020               	movlw	low __pbssBANK0
  1868     003B  0084               	movwf	4
  1869     003C  3000               	movlw	high __pbssBANK0
  1870     003D  0085               	movwf	5
  1871     003E  3024               	movlw	36
  1872     003F  3184  24C1  3180   	fcall	clear_ram0
  1873     0042                     end_of_initialization:	
  1874                           ;End of C runtime variable initialization code
  1875                           
  1876     0042                     __end_of__initialization:
  1877     0042  107E               	bcf	int$flags,0	;clear compiler interrupt flag (level 1)
  1878     0043  0020               	movlb	0
  1879     0044  3183  2B2D         	ljmp	_main	;jump to C main() function
  1880                           
  1881                           	psect	bssCOMMON
  1882     0070                     __pbssCOMMON:
  1883     0070                     ECCP3_CallBack@falling_edge_time:
  1884     0070                     	ds	2
  1885     0072                     ECCP3_CallBack@HI_us:
  1886     0072                     	ds	1
  1887     0073                     _D2:
  1888     0073                     	ds	1
  1889     0074                     _rx_data:
  1890     0074                     	ds	1
  1891     0075                     _timer0ReloadVal:
  1892     0075                     	ds	1
  1893                           
  1894                           	psect	bssBANK0
  1895     0020                     __pbssBANK0:
  1896     0020                     _data_buf:
  1897     0020                     	ds	11
  1898     002B                     ECCP3_CallBack@rising_edge_time:
  1899     002B                     	ds	2
  1900     002D                     ECCP3_CallBack@pluse_width_HI:
  1901     002D                     	ds	2
  1902     002F                     ECCP3_CallBack@pluse_width_LO:
  1903     002F                     	ds	2
  1904     0031                     TMR0_ISR@CountCallBack:
  1905     0031                     	ds	2
  1906     0033                     _TMR0_InterruptHandler:
  1907     0033                     	ds	2
  1908     0035                     _timer1ReloadVal:
  1909     0035                     	ds	2
  1910     0037                     ECCP3_CallBack@data_cnt:
  1911     0037                     	ds	1
  1912     0038                     ECCP3_CallBack@fHead:
  1913     0038                     	ds	1
  1914     0039                     ECCP3_CallBack@rise_edge_flag:
  1915     0039                     	ds	1
  1916     003A                     ECCP3_CallBack@diff_us:
  1917     003A                     	ds	1
  1918     003B                     ECCP3_CallBack@LO_us:
  1919     003B                     	ds	1
  1920     003C                     _fException2:
  1921     003C                     	ds	1
  1922     003D                     _fException:
  1923     003D                     	ds	1
  1924     003E                     _T10MS_CNT:
  1925     003E                     	ds	1
  1926     003F                     _csFlag:
  1927     003F                     	ds	1
  1928     0040                     _D3:
  1929     0040                     	ds	1
  1930     0041                     _step:
  1931     0041                     	ds	1
  1932     0042                     _fFrame_OK:
  1933     0042                     	ds	1
  1934     0043                     _data_1byte_OK:
  1935     0043                     	ds	1
  1936                           
  1937                           	psect	dataBANK1
  1938     00A0                     __pdataBANK1:
  1939     00A0                     _CS:
  1940     00A0                     	ds	64
  1941                           
  1942                           	psect	inittext
  1943     04BB                     init_ram:
  1944     04BB  00FE               	movwf	btemp
  1945     04BC                     initloop:
  1946     04BC  0012               	moviw fsr0++
  1947     04BD  001E               	movwi fsr1++
  1948     04BE  0BFE               	decfsz	btemp,f
  1949     04BF  2CBC               	goto	initloop
  1950     04C0  3400               	retlw	0
  1951                           
  1952                           	psect	clrtext
  1953     04C1                     clear_ram0:	
  1954                           ;	Called with FSR0 containing the base address, and
  1955                           ;	WREG with the size to clear
  1956                           
  1957     04C1  0064               	clrwdt	;clear the watchdog before getting into this loop
  1958     04C2                     clrloop0:
  1959     04C2  0180               	clrf	0	;clear RAM location pointed to by FSR
  1960     04C3  3101               	addfsr 0,1
  1961     04C4  0B89               	decfsz	9,f	;Have we reached the end of clearing yet?
  1962     04C5  2CC2               	goto	clrloop0	;have we reached the end yet?
  1963     04C6  3400               	retlw	0	;all done for this memory range, return
  1964                           
  1965                           	psect	cstackCOMMON
  1966     0076                     __pcstackCOMMON:
  1967     0076                     ?_PIN_MANAGER_Initialize:
  1968     0076                     ?_OSCILLATOR_Initialize:	
  1969                           ; 1 bytes @ 0x0
  1970                           
  1971     0076                     ?_WDT_Initialize:	
  1972                           ; 1 bytes @ 0x0
  1973                           
  1974     0076                     ?_EPWM2_Initialize:	
  1975                           ; 1 bytes @ 0x0
  1976                           
  1977     0076                     ?_TMR2_Initialize:	
  1978                           ; 1 bytes @ 0x0
  1979                           
  1980     0076                     ?_ECCP3_Initialize:	
  1981                           ; 1 bytes @ 0x0
  1982                           
  1983     0076                     ?_TMR1_Initialize:	
  1984                           ; 1 bytes @ 0x0
  1985                           
  1986     0076                     ?_TMR0_Initialize:	
  1987                           ; 1 bytes @ 0x0
  1988                           
  1989     0076                     ?_TMR0_ISR:	
  1990                           ; 1 bytes @ 0x0
  1991                           
  1992     0076                     ?_ECCP3_CaptureISR:	
  1993                           ; 1 bytes @ 0x0
  1994                           
  1995     0076                     ?_TMR0_DefaultInterruptHandler:	
  1996                           ; 1 bytes @ 0x0
  1997                           
  1998     0076                     ??_TMR0_DefaultInterruptHandler:	
  1999                           ; 1 bytes @ 0x0
  2000                           
  2001     0076                     ?_TMR0_CallBack:	
  2002                           ; 1 bytes @ 0x0
  2003                           
  2004     0076                     ?_ECCP3_CallBack:	
  2005                           ; 1 bytes @ 0x0
  2006                           
  2007     0076                     ?_SYSTEM_Initialize:	
  2008                           ; 1 bytes @ 0x0
  2009                           
  2010     0076                     ?_INTERRUPT_InterruptManager:	
  2011                           ; 1 bytes @ 0x0
  2012                           
  2013     0076                     ?_Exception_handling:	
  2014                           ; 1 bytes @ 0x0
  2015                           
  2016     0076                     ?_LED_output:	
  2017                           ; 1 bytes @ 0x0
  2018                           
  2019     0076                     ?_check_input:	
  2020                           ; 1 bytes @ 0x0
  2021                           
  2022     0076                     ?_getFrameData:	
  2023                           ; 1 bytes @ 0x0
  2024                           
  2025     0076                     ?_TMR0_EvenHandler:	
  2026                           ; 1 bytes @ 0x0
  2027                           
  2028     0076                     ??_TMR0_EvenHandler:	
  2029                           ; 1 bytes @ 0x0
  2030                           
  2031     0076                     ?_main:	
  2032                           ; 1 bytes @ 0x0
  2033                           
  2034     0076                     ECCP3_CallBack@capturedValue:	
  2035                           ; 2 bytes @ 0x0
  2036                           
  2037                           
  2038                           ; 2 bytes @ 0x0
  2039     0076                     	ds	1
  2040     0077                     ??_TMR0_ISR:
  2041     0077                     ??_TMR0_CallBack:	
  2042                           ; 1 bytes @ 0x1
  2043                           
  2044                           
  2045                           ; 1 bytes @ 0x1
  2046     0077                     	ds	1
  2047     0078                     ??_ECCP3_CallBack:
  2048                           
  2049                           ; 1 bytes @ 0x2
  2050     0078                     	ds	2
  2051     007A                     ??_ECCP3_CaptureISR:
  2052     007A                     ECCP3_CaptureISR@module:	
  2053                           ; 1 bytes @ 0x4
  2054                           
  2055                           
  2056                           ; 2 bytes @ 0x4
  2057     007A                     	ds	2
  2058     007C                     ??_INTERRUPT_InterruptManager:
  2059                           
  2060                           	psect	cstackBANK0
  2061     0044                     __pcstackBANK0:	
  2062                           ; 1 bytes @ 0x6
  2063                           
  2064     0044                     ??_PIN_MANAGER_Initialize:
  2065     0044                     ??_OSCILLATOR_Initialize:	
  2066                           ; 1 bytes @ 0x0
  2067                           
  2068     0044                     ??_WDT_Initialize:	
  2069                           ; 1 bytes @ 0x0
  2070                           
  2071     0044                     ??_EPWM2_Initialize:	
  2072                           ; 1 bytes @ 0x0
  2073                           
  2074     0044                     ??_TMR2_Initialize:	
  2075                           ; 1 bytes @ 0x0
  2076                           
  2077     0044                     ??_ECCP3_Initialize:	
  2078                           ; 1 bytes @ 0x0
  2079                           
  2080     0044                     ??_TMR1_Initialize:	
  2081                           ; 1 bytes @ 0x0
  2082                           
  2083     0044                     ?_TMR0_SetInterruptHandler:	
  2084                           ; 1 bytes @ 0x0
  2085                           
  2086     0044                     ?_EPWM2_LoadDutyValue:	
  2087                           ; 1 bytes @ 0x0
  2088                           
  2089     0044                     ??_check_input:	
  2090                           ; 1 bytes @ 0x0
  2091                           
  2092     0044                     ??_getFrameData:	
  2093                           ; 1 bytes @ 0x0
  2094                           
  2095     0044                     TMR0_SetInterruptHandler@InterruptHandler:	
  2096                           ; 1 bytes @ 0x0
  2097                           
  2098     0044                     EPWM2_LoadDutyValue@dutyValue:	
  2099                           ; 2 bytes @ 0x0
  2100                           
  2101                           
  2102                           ; 2 bytes @ 0x0
  2103     0044                     	ds	2
  2104     0046                     ??_TMR0_Initialize:
  2105     0046                     ??_TMR0_SetInterruptHandler:	
  2106                           ; 1 bytes @ 0x2
  2107                           
  2108     0046                     ??_SYSTEM_Initialize:	
  2109                           ; 1 bytes @ 0x2
  2110                           
  2111     0046                     ??_EPWM2_LoadDutyValue:	
  2112                           ; 1 bytes @ 0x2
  2113                           
  2114                           
  2115                           ; 1 bytes @ 0x2
  2116     0046                     	ds	2
  2117     0048                     ??_Exception_handling:
  2118     0048                     ??_LED_output:	
  2119                           ; 1 bytes @ 0x4
  2120                           
  2121                           
  2122                           ; 1 bytes @ 0x4
  2123     0048                     	ds	1
  2124     0049                     LED_output@crc8:
  2125                           
  2126                           ; 1 bytes @ 0x5
  2127     0049                     	ds	1
  2128     004A                     LED_output@i:
  2129                           
  2130                           ; 1 bytes @ 0x6
  2131     004A                     	ds	1
  2132     004B                     ??_main:
  2133                           
  2134                           	psect	maintext
  2135     032D                     __pmaintext:	
  2136                           ; 1 bytes @ 0x7
  2137 ;;
  2138 ;;Main: autosize = 0, tempsize = 0, incstack = 0, save=0
  2139 ;;
  2140 ;; *************** function _main *****************
  2141 ;; Defined at:
  2142 ;;		line 555 in file "main.c"
  2143 ;; Parameters:    Size  Location     Type
  2144 ;;		None
  2145 ;; Auto vars:     Size  Location     Type
  2146 ;;		None
  2147 ;; Return value:  Size  Location     Type
  2148 ;;                  2  466[None  ] int 
  2149 ;; Registers used:
  2150 ;;		wreg, fsr0l, fsr0h, fsr1l, fsr1h, status,2, status,0, pclath, cstack
  2151 ;; Tracked objects:
  2152 ;;		On entry : B1F/0
  2153 ;;		On exit  : 0/0
  2154 ;;		Unchanged: 0/0
  2155 ;; Data sizes:     COMMON   BANK0   BANK1   BANK2   BANK3   BANK4   BANK5   BANK6
  2156 ;;      Params:         0       0       0       0       0       0       0       0
  2157 ;;      Locals:         0       0       0       0       0       0       0       0
  2158 ;;      Temps:          0       0       0       0       0       0       0       0
  2159 ;;      Totals:         0       0       0       0       0       0       0       0
  2160 ;;Total ram usage:        0 bytes
  2161 ;; Hardware stack levels required when called: 7
  2162 ;; This function calls:
  2163 ;;		_EPWM2_LoadDutyValue
  2164 ;;		_Exception_handling
  2165 ;;		_LED_output
  2166 ;;		_SYSTEM_Initialize
  2167 ;;		_TMR0_SetInterruptHandler
  2168 ;;		_check_input
  2169 ;;		_getFrameData
  2170 ;; This function is called by:
  2171 ;;		Startup code after reset
  2172 ;; This function uses a non-reentrant model
  2173 ;;
  2174                           
  2175     032D                     _main:	
  2176                           ;psect for function _main
  2177                           
  2178     032D                     l2404:	
  2179                           ;incstack = 0
  2180                           ; Regs used in _main: [wreg-fsr1h+status,2+status,0+pclath+cstack]
  2181                           
  2182                           
  2183                           ;main.c: 557:   SYSTEM_Initialize();
  2184     032D  3184  2413  3183   	fcall	_SYSTEM_Initialize
  2185                           
  2186                           ;main.c: 558:   TMR0_SetInterruptHandler(TMR0_EvenHandler);
  2187     0330  3058               	movlw	low _TMR0_EvenHandler
  2188     0331  0020               	movlb	0	; select bank0
  2189     0332  00C4               	movwf	TMR0_SetInterruptHandler@InterruptHandler
  2190     0333  3004               	movlw	high _TMR0_EvenHandler
  2191     0334  00C5               	movwf	TMR0_SetInterruptHandler@InterruptHandler+1
  2192     0335  3184  24C7  3183   	fcall	_TMR0_SetInterruptHandler
  2193     0338                     l2406:
  2194                           
  2195                           ;main.c: 564:   (INTCONbits.GIE = 1);
  2196     0338  178B               	bsf	11,7	;volatile
  2197     0339                     l2408:
  2198                           
  2199                           ;main.c: 567:   (INTCONbits.PEIE = 1);
  2200     0339  170B               	bsf	11,6	;volatile
  2201                           
  2202                           ;main.c: 569:   EPWM2_LoadDutyValue(0);
  2203     033A  3000               	movlw	0
  2204     033B  0020               	movlb	0	; select bank0
  2205     033C  00C4               	movwf	EPWM2_LoadDutyValue@dutyValue
  2206     033D  00C5               	movwf	EPWM2_LoadDutyValue@dutyValue+1
  2207     033E  3183  23F7  3183   	fcall	_EPWM2_LoadDutyValue
  2208     0341                     l2410:
  2209     0341  0022               	movlb	2	; select bank2
  2210     0342  100C               	bcf	12,0	;volatile
  2211     0343                     l2412:
  2212                           
  2213                           ;main.c: 573:     getFrameData();
  2214     0343  3182  227C  3183   	fcall	_getFrameData
  2215     0346                     l2414:
  2216                           
  2217                           ;main.c: 574:     check_input();
  2218     0346  3183  23A9  3183   	fcall	_check_input
  2219     0349                     l2416:
  2220                           
  2221                           ;main.c: 576:     Exception_handling();
  2222     0349  3183  236B  3183   	fcall	_Exception_handling
  2223     034C                     l2418:
  2224                           
  2225                           ;main.c: 578:     if (fException2 == 0) {
  2226     034C  0020               	movlb	0	; select bank0
  2227     034D  083C               	movf	_fException2,w
  2228     034E  1D03               	btfss	3,2
  2229     034F  2B51               	goto	u3001
  2230     0350  2B52               	goto	u3000
  2231     0351                     u3001:
  2232     0351  2B5D               	goto	l2426
  2233     0352                     u3000:
  2234     0352                     l2420:
  2235                           
  2236                           ;main.c: 579:       if (fException == 1) {
  2237     0352  033D               	decf	_fException,w
  2238     0353  1D03               	btfss	3,2
  2239     0354  2B56               	goto	u3011
  2240     0355  2B57               	goto	u3010
  2241     0356                     u3011:
  2242     0356  2B59               	goto	l2424
  2243     0357                     u3010:
  2244     0357                     l2422:
  2245                           
  2246                           ;main.c: 581:         fException = 0;
  2247     0357  01BD               	clrf	_fException
  2248                           
  2249                           ;main.c: 582:       } else
  2250     0358  2B43               	goto	l2412
  2251     0359                     l2424:
  2252                           
  2253                           ;main.c: 583:         LED_output();
  2254     0359  3180  2046  3183   	fcall	_LED_output
  2255     035C  2B43               	goto	l2412
  2256     035D                     l2426:
  2257                           
  2258                           ;main.c: 586:       fException2 = 0;
  2259     035D  01BC               	clrf	_fException2
  2260     035E                     l2428:
  2261                           
  2262                           ;main.c: 588:       EPWM2_LoadDutyValue((499));
  2263     035E  30F3               	movlw	243
  2264     035F  00C4               	movwf	EPWM2_LoadDutyValue@dutyValue
  2265     0360  3001               	movlw	1
  2266     0361  00C5               	movwf	EPWM2_LoadDutyValue@dutyValue+1
  2267     0362  3183  23F7  3183   	fcall	_EPWM2_LoadDutyValue
  2268     0365                     l2430:
  2269     0365  0022               	movlb	2	; select bank2
  2270     0366  100C               	bcf	12,0	;volatile
  2271     0367                     l2432:
  2272     0367  158C               	bsf	12,3	;volatile
  2273     0368  2B43               	goto	l2412
  2274     0369  3180  2826         	ljmp	start
  2275     036B                     __end_of_main:
  2276                           
  2277                           	psect	text1
  2278     027C                     __ptext1:	
  2279 ;; *************** function _getFrameData *****************
  2280 ;; Defined at:
  2281 ;;		line 397 in file "main.c"
  2282 ;; Parameters:    Size  Location     Type
  2283 ;;		None
  2284 ;; Auto vars:     Size  Location     Type
  2285 ;;		None
  2286 ;; Return value:  Size  Location     Type
  2287 ;;                  1    wreg      void 
  2288 ;; Registers used:
  2289 ;;		wreg, fsr0l, fsr0h, status,2, status,0
  2290 ;; Tracked objects:
  2291 ;;		On entry : 0/0
  2292 ;;		On exit  : 0/0
  2293 ;;		Unchanged: 0/0
  2294 ;; Data sizes:     COMMON   BANK0   BANK1   BANK2   BANK3   BANK4   BANK5   BANK6
  2295 ;;      Params:         0       0       0       0       0       0       0       0
  2296 ;;      Locals:         0       0       0       0       0       0       0       0
  2297 ;;      Temps:          0       0       0       0       0       0       0       0
  2298 ;;      Totals:         0       0       0       0       0       0       0       0
  2299 ;;Total ram usage:        0 bytes
  2300 ;; Hardware stack levels used: 1
  2301 ;; Hardware stack levels required when called: 4
  2302 ;; This function calls:
  2303 ;;		Nothing
  2304 ;; This function is called by:
  2305 ;;		_main
  2306 ;; This function uses a non-reentrant model
  2307 ;;
  2308                           
  2309     027C                     _getFrameData:	
  2310                           ;psect for function _getFrameData
  2311                           
  2312     027C                     l2358:	
  2313                           ;incstack = 0
  2314                           ; Regs used in _getFrameData: [wreg-fsr0h+status,2+status,0]
  2315                           
  2316                           
  2317                           ;main.c: 398:   if (data_1byte_OK == 1) {
  2318     027C  0020               	movlb	0	; select bank0
  2319     027D  0343               	decf	_data_1byte_OK,w	;volatile
  2320     027E  1D03               	btfss	3,2
  2321     027F  2A81               	goto	u2971
  2322     0280  2A82               	goto	u2970
  2323     0281                     u2971:
  2324     0281  2AEC               	goto	l417
  2325     0282                     u2970:
  2326     0282                     l2360:
  2327                           
  2328                           ;main.c: 399:     data_1byte_OK = 0;
  2329     0282  01C3               	clrf	_data_1byte_OK	;volatile
  2330                           
  2331                           ;main.c: 402:     switch (step) {
  2332     0283  2AC9               	goto	l2402
  2333     0284                     l2362:
  2334                           
  2335                           ;main.c: 404:       if (rx_data == 0xC8) {
  2336     0284  30C8               	movlw	200
  2337     0285  0674               	xorwf	_rx_data,w
  2338     0286  1D03               	btfss	3,2
  2339     0287  2A89               	goto	u2981
  2340     0288  2A8A               	goto	u2980
  2341     0289                     u2981:
  2342     0289  2A8F               	goto	l2368
  2343     028A                     u2980:
  2344     028A                     l2364:
  2345                           
  2346                           ;main.c: 405:         step = 1;
  2347     028A  01C1               	clrf	_step
  2348     028B  0AC1               	incf	_step,f
  2349     028C                     l2366:
  2350                           
  2351                           ;main.c: 406:         data_buf[0] = rx_data;
  2352     028C  0874               	movf	_rx_data,w
  2353     028D  00A0               	movwf	_data_buf
  2354                           
  2355                           ;main.c: 407:       } else {
  2356     028E  2AEC               	goto	l417
  2357     028F                     l2368:
  2358                           
  2359                           ;main.c: 408:         step = 0;
  2360     028F  01C1               	clrf	_step
  2361     0290  2AEC               	goto	l417
  2362     0291                     l2370:
  2363                           
  2364                           ;main.c: 412:       if (rx_data == 0x8B) {
  2365     0291  308B               	movlw	139
  2366     0292  0674               	xorwf	_rx_data,w
  2367     0293  1D03               	btfss	3,2
  2368     0294  2A96               	goto	u2991
  2369     0295  2A97               	goto	u2990
  2370     0296                     u2991:
  2371     0296  2A8F               	goto	l2368
  2372     0297                     u2990:
  2373     0297                     l2372:
  2374                           
  2375                           ;main.c: 413:         data_buf[1] = rx_data;
  2376     0297  0874               	movf	_rx_data,w
  2377     0298  00A1               	movwf	_data_buf+1
  2378                           
  2379                           ;main.c: 414:         step = 2;
  2380     0299  3002               	movlw	2
  2381     029A  00C1               	movwf	_step
  2382                           
  2383                           ;main.c: 415:       } else {
  2384     029B  2AEC               	goto	l417
  2385     029C                     l2376:
  2386                           
  2387                           ;main.c: 420:       data_buf[2] = rx_data;
  2388     029C  0874               	movf	_rx_data,w
  2389     029D  00A2               	movwf	_data_buf+2
  2390                           
  2391                           ;main.c: 421:       step = 3;
  2392     029E  3003               	movlw	3
  2393     029F  00C1               	movwf	_step
  2394                           
  2395                           ;main.c: 422:       break;
  2396     02A0  2AEC               	goto	l417
  2397     02A1                     l2378:
  2398                           
  2399                           ;main.c: 424:       data_buf[3] = rx_data;
  2400     02A1  0874               	movf	_rx_data,w
  2401     02A2  00A3               	movwf	_data_buf+3
  2402                           
  2403                           ;main.c: 425:       step = 4;
  2404     02A3  3004               	movlw	4
  2405     02A4  00C1               	movwf	_step
  2406                           
  2407                           ;main.c: 426:       break;
  2408     02A5  2AEC               	goto	l417
  2409     02A6                     l2380:
  2410                           
  2411                           ;main.c: 428:       data_buf[4] = rx_data;
  2412     02A6  0874               	movf	_rx_data,w
  2413     02A7  00A4               	movwf	_data_buf+4
  2414                           
  2415                           ;main.c: 429:       step = 5;
  2416     02A8  3005               	movlw	5
  2417     02A9  00C1               	movwf	_step
  2418                           
  2419                           ;main.c: 430:       break;
  2420     02AA  2AEC               	goto	l417
  2421     02AB                     l2382:
  2422                           
  2423                           ;main.c: 432:       data_buf[5] = rx_data;
  2424     02AB  0874               	movf	_rx_data,w
  2425     02AC  00A5               	movwf	_data_buf+5
  2426                           
  2427                           ;main.c: 433:       step = 6;
  2428     02AD  3006               	movlw	6
  2429     02AE  00C1               	movwf	_step
  2430                           
  2431                           ;main.c: 434:       break;
  2432     02AF  2AEC               	goto	l417
  2433     02B0                     l2384:
  2434                           
  2435                           ;main.c: 436:       data_buf[6] = rx_data;
  2436     02B0  0874               	movf	_rx_data,w
  2437     02B1  00A6               	movwf	_data_buf+6
  2438                           
  2439                           ;main.c: 437:       step = 7;
  2440     02B2  3007               	movlw	7
  2441     02B3  00C1               	movwf	_step
  2442                           
  2443                           ;main.c: 438:       break;
  2444     02B4  2AEC               	goto	l417
  2445     02B5                     l2386:
  2446                           
  2447                           ;main.c: 440:       data_buf[7] = rx_data;
  2448     02B5  0874               	movf	_rx_data,w
  2449     02B6  00A7               	movwf	_data_buf+7
  2450                           
  2451                           ;main.c: 441:       step = 8;
  2452     02B7  3008               	movlw	8
  2453     02B8  00C1               	movwf	_step
  2454                           
  2455                           ;main.c: 442:       break;
  2456     02B9  2AEC               	goto	l417
  2457     02BA                     l2388:
  2458                           
  2459                           ;main.c: 444:       data_buf[8] = rx_data;
  2460     02BA  0874               	movf	_rx_data,w
  2461     02BB  00A8               	movwf	_data_buf+8
  2462                           
  2463                           ;main.c: 445:       step = 9;
  2464     02BC  3009               	movlw	9
  2465     02BD  00C1               	movwf	_step
  2466                           
  2467                           ;main.c: 446:       break;
  2468     02BE  2AEC               	goto	l417
  2469     02BF                     l2390:
  2470                           
  2471                           ;main.c: 448:       data_buf[9] = rx_data;
  2472     02BF  0874               	movf	_rx_data,w
  2473     02C0  00A9               	movwf	_data_buf+9
  2474                           
  2475                           ;main.c: 449:       step = 10;
  2476     02C1  300A               	movlw	10
  2477     02C2  00C1               	movwf	_step
  2478                           
  2479                           ;main.c: 450:       break;
  2480     02C3  2AEC               	goto	l417
  2481     02C4                     l2392:
  2482                           
  2483                           ;main.c: 452:       data_buf[10] = rx_data;
  2484     02C4  0874               	movf	_rx_data,w
  2485     02C5  00AA               	movwf	_data_buf+10
  2486     02C6                     l2394:
  2487                           
  2488                           ;main.c: 453:       fFrame_OK = 1;
  2489     02C6  01C2               	clrf	_fFrame_OK
  2490     02C7  0AC2               	incf	_fFrame_OK,f
  2491     02C8  2A8F               	goto	l2368
  2492     02C9                     l2402:
  2493     02C9  0841               	movf	_step,w
  2494                           
  2495                           ; Switch size 1, requested type "simple"
  2496                           ; Number of cases is 11, Range of values is 0 to 10
  2497                           ; switch strategies available:
  2498                           ; Name         Instructions Cycles
  2499                           ; direct_byte           28     6 (fixed)
  2500                           ; simple_byte           34    18 (average)
  2501                           ; jumptable            260     6 (fixed)
  2502                           ;	Chosen strategy is simple_byte
  2503     02CA  3A00               	xorlw	0	; case 0
  2504     02CB  1903               	skipnz
  2505     02CC  2A84               	goto	l2362
  2506     02CD  3A01               	xorlw	1	; case 1
  2507     02CE  1903               	skipnz
  2508     02CF  2A91               	goto	l2370
  2509     02D0  3A03               	xorlw	3	; case 2
  2510     02D1  1903               	skipnz
  2511     02D2  2A9C               	goto	l2376
  2512     02D3  3A01               	xorlw	1	; case 3
  2513     02D4  1903               	skipnz
  2514     02D5  2AA1               	goto	l2378
  2515     02D6  3A07               	xorlw	7	; case 4
  2516     02D7  1903               	skipnz
  2517     02D8  2AA6               	goto	l2380
  2518     02D9  3A01               	xorlw	1	; case 5
  2519     02DA  1903               	skipnz
  2520     02DB  2AAB               	goto	l2382
  2521     02DC  3A03               	xorlw	3	; case 6
  2522     02DD  1903               	skipnz
  2523     02DE  2AB0               	goto	l2384
  2524     02DF  3A01               	xorlw	1	; case 7
  2525     02E0  1903               	skipnz
  2526     02E1  2AB5               	goto	l2386
  2527     02E2  3A0F               	xorlw	15	; case 8
  2528     02E3  1903               	skipnz
  2529     02E4  2ABA               	goto	l2388
  2530     02E5  3A01               	xorlw	1	; case 9
  2531     02E6  1903               	skipnz
  2532     02E7  2ABF               	goto	l2390
  2533     02E8  3A03               	xorlw	3	; case 10
  2534     02E9  1903               	skipnz
  2535     02EA  2AC4               	goto	l2392
  2536     02EB  2A8F               	goto	l2368
  2537     02EC                     l417:
  2538     02EC  0008               	return
  2539     02ED                     __end_of_getFrameData:
  2540                           
  2541                           	psect	text2
  2542     03A9                     __ptext2:	
  2543 ;; *************** function _check_input *****************
  2544 ;; Defined at:
  2545 ;;		line 355 in file "main.c"
  2546 ;; Parameters:    Size  Location     Type
  2547 ;;		None
  2548 ;; Auto vars:     Size  Location     Type
  2549 ;;		None
  2550 ;; Return value:  Size  Location     Type
  2551 ;;                  1    wreg      void 
  2552 ;; Registers used:
  2553 ;;		wreg, status,2
  2554 ;; Tracked objects:
  2555 ;;		On entry : 0/0
  2556 ;;		On exit  : 0/0
  2557 ;;		Unchanged: 0/0
  2558 ;; Data sizes:     COMMON   BANK0   BANK1   BANK2   BANK3   BANK4   BANK5   BANK6
  2559 ;;      Params:         0       0       0       0       0       0       0       0
  2560 ;;      Locals:         0       0       0       0       0       0       0       0
  2561 ;;      Temps:          0       0       0       0       0       0       0       0
  2562 ;;      Totals:         0       0       0       0       0       0       0       0
  2563 ;;Total ram usage:        0 bytes
  2564 ;; Hardware stack levels used: 1
  2565 ;; Hardware stack levels required when called: 4
  2566 ;; This function calls:
  2567 ;;		Nothing
  2568 ;; This function is called by:
  2569 ;;		_main
  2570 ;; This function uses a non-reentrant model
  2571 ;;
  2572                           
  2573     03A9                     _check_input:	
  2574                           ;psect for function _check_input
  2575                           
  2576     03A9                     l2340:	
  2577                           ;incstack = 0
  2578                           ; Regs used in _check_input: [wreg+status,2]
  2579                           
  2580                           
  2581                           ;main.c: 356:   D2.Byte = data_buf[2];
  2582     03A9  0020               	movlb	0	; select bank0
  2583     03AA  0822               	movf	_data_buf+2,w
  2584     03AB  00F3               	movwf	_D2
  2585                           
  2586                           ;main.c: 357:   D3.Byte = data_buf[3];
  2587     03AC  0823               	movf	_data_buf+3,w
  2588     03AD  00C0               	movwf	_D3
  2589     03AE                     l2342:
  2590                           
  2591                           ;main.c: 358:   csFlag.Byte = 0;
  2592     03AE  01BF               	clrf	_csFlag
  2593     03AF                     l2344:
  2594                           
  2595                           ;main.c: 361:   if (D2.RunLight == 1)
  2596     03AF  1D73               	btfss	_D2,2
  2597     03B0  2BB2               	goto	u2911
  2598     03B1  2BB3               	goto	u2910
  2599     03B2                     u2911:
  2600     03B2  2BB5               	goto	l383
  2601     03B3                     u2910:
  2602     03B3                     l2346:
  2603                           
  2604                           ;main.c: 362:     csFlag.RunLight = 1;
  2605     03B3  16BF               	bsf	_csFlag,5
  2606     03B4  2BB6               	goto	l384
  2607     03B5                     l383:	
  2608                           ;main.c: 363:   else
  2609                           
  2610                           
  2611                           ;main.c: 364:     csFlag.RunLight = 0;
  2612     03B5  12BF               	bcf	_csFlag,5
  2613     03B6                     l384:
  2614                           
  2615                           ;main.c: 367:   if (D2.DRL == 1)
  2616     03B6  1DF3               	btfss	_D2,3
  2617     03B7  2BB9               	goto	u2921
  2618     03B8  2BBA               	goto	u2920
  2619     03B9                     u2921:
  2620     03B9  2BBC               	goto	l385
  2621     03BA                     u2920:
  2622     03BA                     l2348:
  2623                           
  2624                           ;main.c: 368:     csFlag.DRL = 1;
  2625     03BA  163F               	bsf	_csFlag,4
  2626     03BB  2BBD               	goto	l386
  2627     03BC                     l385:	
  2628                           ;main.c: 369:   else
  2629                           
  2630                           
  2631                           ;main.c: 370:     csFlag.DRL = 0;
  2632     03BC  123F               	bcf	_csFlag,4
  2633     03BD                     l386:
  2634                           
  2635                           ;main.c: 373:   if (D2.LoBeam == 1)
  2636     03BD  1E73               	btfss	_D2,4
  2637     03BE  2BC0               	goto	u2931
  2638     03BF  2BC1               	goto	u2930
  2639     03C0                     u2931:
  2640     03C0  2BC3               	goto	l387
  2641     03C1                     u2930:
  2642     03C1                     l2350:
  2643                           
  2644                           ;main.c: 374:     csFlag.LoBeam = 1;
  2645     03C1  15BF               	bsf	_csFlag,3
  2646     03C2  2BC4               	goto	l388
  2647     03C3                     l387:	
  2648                           ;main.c: 375:   else
  2649                           
  2650                           
  2651                           ;main.c: 376:     csFlag.LoBeam = 0;
  2652     03C3  11BF               	bcf	_csFlag,3
  2653     03C4                     l388:
  2654                           
  2655                           ;main.c: 379:   if (D2.HiBeam == 1)
  2656     03C4  1EF3               	btfss	_D2,5
  2657     03C5  2BC7               	goto	u2941
  2658     03C6  2BC8               	goto	u2940
  2659     03C7                     u2941:
  2660     03C7  2BCA               	goto	l389
  2661     03C8                     u2940:
  2662     03C8                     l2352:
  2663                           
  2664                           ;main.c: 380:     csFlag.HiBeam = 1;
  2665     03C8  153F               	bsf	_csFlag,2
  2666     03C9  2BCB               	goto	l390
  2667     03CA                     l389:	
  2668                           ;main.c: 381:   else
  2669                           
  2670                           
  2671                           ;main.c: 382:     csFlag.HiBeam = 0;
  2672     03CA  113F               	bcf	_csFlag,2
  2673     03CB                     l390:
  2674                           
  2675                           ;main.c: 385:   if (D3.turnLight_L == 1)
  2676     03CB  1EC0               	btfss	_D3,5
  2677     03CC  2BCE               	goto	u2951
  2678     03CD  2BCF               	goto	u2950
  2679     03CE                     u2951:
  2680     03CE  2BD1               	goto	l391
  2681     03CF                     u2950:
  2682     03CF                     l2354:
  2683                           
  2684                           ;main.c: 386:     csFlag.turnLight_L = 1;
  2685     03CF  14BF               	bsf	_csFlag,1
  2686     03D0  2BD2               	goto	l392
  2687     03D1                     l391:	
  2688                           ;main.c: 387:   else
  2689                           
  2690                           
  2691                           ;main.c: 388:     csFlag.turnLight_L = 0;
  2692     03D1  10BF               	bcf	_csFlag,1
  2693     03D2                     l392:
  2694                           
  2695                           ;main.c: 391:   if (D3.turnLight_R == 1)
  2696     03D2  1F40               	btfss	_D3,6
  2697     03D3  2BD5               	goto	u2961
  2698     03D4  2BD6               	goto	u2960
  2699     03D5                     u2961:
  2700     03D5  2BD8               	goto	l393
  2701     03D6                     u2960:
  2702     03D6                     l2356:
  2703                           
  2704                           ;main.c: 392:     csFlag.turnLight_R = 1;
  2705     03D6  143F               	bsf	_csFlag,0
  2706     03D7  2BD9               	goto	l395
  2707     03D8                     l393:	
  2708                           ;main.c: 393:   else
  2709                           
  2710                           
  2711                           ;main.c: 394:     csFlag.turnLight_R = 0;
  2712     03D8  103F               	bcf	_csFlag,0
  2713     03D9                     l395:
  2714     03D9  0008               	return
  2715     03DA                     __end_of_check_input:
  2716                           
  2717                           	psect	text3
  2718     0413                     __ptext3:	
  2719 ;; *************** function _SYSTEM_Initialize *****************
  2720 ;; Defined at:
  2721 ;;		line 50 in file "mcc_generated_files/mcc.c"
  2722 ;; Parameters:    Size  Location     Type
  2723 ;;		None
  2724 ;; Auto vars:     Size  Location     Type
  2725 ;;		None
  2726 ;; Return value:  Size  Location     Type
  2727 ;;                  1    wreg      void 
  2728 ;; Registers used:
  2729 ;;		wreg, status,2, status,0, pclath, cstack
  2730 ;; Tracked objects:
  2731 ;;		On entry : 0/0
  2732 ;;		On exit  : 0/0
  2733 ;;		Unchanged: 0/0
  2734 ;; Data sizes:     COMMON   BANK0   BANK1   BANK2   BANK3   BANK4   BANK5   BANK6
  2735 ;;      Params:         0       0       0       0       0       0       0       0
  2736 ;;      Locals:         0       0       0       0       0       0       0       0
  2737 ;;      Temps:          0       0       0       0       0       0       0       0
  2738 ;;      Totals:         0       0       0       0       0       0       0       0
  2739 ;;Total ram usage:        0 bytes
  2740 ;; Hardware stack levels used: 1
  2741 ;; Hardware stack levels required when called: 6
  2742 ;; This function calls:
  2743 ;;		_ECCP3_Initialize
  2744 ;;		_EPWM2_Initialize
  2745 ;;		_OSCILLATOR_Initialize
  2746 ;;		_PIN_MANAGER_Initialize
  2747 ;;		_TMR0_Initialize
  2748 ;;		_TMR1_Initialize
  2749 ;;		_TMR2_Initialize
  2750 ;;		_WDT_Initialize
  2751 ;; This function is called by:
  2752 ;;		_main
  2753 ;; This function uses a non-reentrant model
  2754 ;;
  2755                           
  2756     0413                     _SYSTEM_Initialize:	
  2757                           ;psect for function _SYSTEM_Initialize
  2758                           
  2759     0413                     l2156:	
  2760                           ;incstack = 0
  2761                           ; Regs used in _SYSTEM_Initialize: [wreg+status,2+status,0+pclath+cstack]
  2762                           
  2763                           
  2764                           ;mcc_generated_files/mcc.c: 53:     PIN_MANAGER_Initialize();
  2765     0413  3183  23DA  3184   	fcall	_PIN_MANAGER_Initialize
  2766                           
  2767                           ;mcc_generated_files/mcc.c: 54:     OSCILLATOR_Initialize();
  2768     0416  3184  249D  3184   	fcall	_OSCILLATOR_Initialize
  2769                           
  2770                           ;mcc_generated_files/mcc.c: 55:     WDT_Initialize();
  2771     0419  3184  24CD  3184   	fcall	_WDT_Initialize
  2772                           
  2773                           ;mcc_generated_files/mcc.c: 56:     EPWM2_Initialize();
  2774     041C  3184  2483  3184   	fcall	_EPWM2_Initialize
  2775                           
  2776                           ;mcc_generated_files/mcc.c: 57:     TMR2_Initialize();
  2777     041F  3184  24B3  3184   	fcall	_TMR2_Initialize
  2778                           
  2779                           ;mcc_generated_files/mcc.c: 58:     ECCP3_Initialize();
  2780     0422  3184  24A9  3184   	fcall	_ECCP3_Initialize
  2781                           
  2782                           ;mcc_generated_files/mcc.c: 59:     TMR1_Initialize();
  2783     0425  3184  2476  3184   	fcall	_TMR1_Initialize
  2784                           
  2785                           ;mcc_generated_files/mcc.c: 60:     TMR0_Initialize();
  2786     0428  3184  2444  3184   	fcall	_TMR0_Initialize
  2787     042B                     l29:
  2788     042B  0008               	return
  2789     042C                     __end_of_SYSTEM_Initialize:
  2790                           
  2791                           	psect	text4
  2792     04CD                     __ptext4:	
  2793 ;; *************** function _WDT_Initialize *****************
  2794 ;; Defined at:
  2795 ;;		line 77 in file "mcc_generated_files/mcc.c"
  2796 ;; Parameters:    Size  Location     Type
  2797 ;;		None
  2798 ;; Auto vars:     Size  Location     Type
  2799 ;;		None
  2800 ;; Return value:  Size  Location     Type
  2801 ;;                  1    wreg      void 
  2802 ;; Registers used:
  2803 ;;		wreg
  2804 ;; Tracked objects:
  2805 ;;		On entry : 0/0
  2806 ;;		On exit  : 0/0
  2807 ;;		Unchanged: 0/0
  2808 ;; Data sizes:     COMMON   BANK0   BANK1   BANK2   BANK3   BANK4   BANK5   BANK6
  2809 ;;      Params:         0       0       0       0       0       0       0       0
  2810 ;;      Locals:         0       0       0       0       0       0       0       0
  2811 ;;      Temps:          0       0       0       0       0       0       0       0
  2812 ;;      Totals:         0       0       0       0       0       0       0       0
  2813 ;;Total ram usage:        0 bytes
  2814 ;; Hardware stack levels used: 1
  2815 ;; Hardware stack levels required when called: 4
  2816 ;; This function calls:
  2817 ;;		Nothing
  2818 ;; This function is called by:
  2819 ;;		_SYSTEM_Initialize
  2820 ;; This function uses a non-reentrant model
  2821 ;;
  2822                           
  2823     04CD                     _WDT_Initialize:	
  2824                           ;psect for function _WDT_Initialize
  2825                           
  2826     04CD                     l2100:	
  2827                           ;incstack = 0
  2828                           ; Regs used in _WDT_Initialize: [wreg]
  2829                           
  2830                           
  2831                           ;mcc_generated_files/mcc.c: 80:     WDTCON = 0x16;
  2832     04CD  3016               	movlw	22
  2833     04CE  0021               	movlb	1	; select bank1
  2834     04CF  0097               	movwf	23	;volatile
  2835     04D0                     l38:
  2836     04D0  0008               	return
  2837     04D1                     __end_of_WDT_Initialize:
  2838                           
  2839                           	psect	text5
  2840     04B3                     __ptext5:	
  2841 ;; *************** function _TMR2_Initialize *****************
  2842 ;; Defined at:
  2843 ;;		line 62 in file "mcc_generated_files/tmr2.c"
  2844 ;; Parameters:    Size  Location     Type
  2845 ;;		None
  2846 ;; Auto vars:     Size  Location     Type
  2847 ;;		None
  2848 ;; Return value:  Size  Location     Type
  2849 ;;                  1    wreg      void 
  2850 ;; Registers used:
  2851 ;;		wreg, status,2
  2852 ;; Tracked objects:
  2853 ;;		On entry : 0/0
  2854 ;;		On exit  : 0/0
  2855 ;;		Unchanged: 0/0
  2856 ;; Data sizes:     COMMON   BANK0   BANK1   BANK2   BANK3   BANK4   BANK5   BANK6
  2857 ;;      Params:         0       0       0       0       0       0       0       0
  2858 ;;      Locals:         0       0       0       0       0       0       0       0
  2859 ;;      Temps:          0       0       0       0       0       0       0       0
  2860 ;;      Totals:         0       0       0       0       0       0       0       0
  2861 ;;Total ram usage:        0 bytes
  2862 ;; Hardware stack levels used: 1
  2863 ;; Hardware stack levels required when called: 4
  2864 ;; This function calls:
  2865 ;;		Nothing
  2866 ;; This function is called by:
  2867 ;;		_SYSTEM_Initialize
  2868 ;; This function uses a non-reentrant model
  2869 ;;
  2870                           
  2871     04B3                     _TMR2_Initialize:	
  2872                           ;psect for function _TMR2_Initialize
  2873                           
  2874     04B3                     l2116:	
  2875                           ;incstack = 0
  2876                           ; Regs used in _TMR2_Initialize: [wreg+status,2]
  2877                           
  2878                           
  2879                           ;mcc_generated_files/tmr2.c: 67:     PR2 = 0x7C;
  2880     04B3  307C               	movlw	124
  2881     04B4  0020               	movlb	0	; select bank0
  2882     04B5  009B               	movwf	27	;volatile
  2883     04B6                     l2118:
  2884                           
  2885                           ;mcc_generated_files/tmr2.c: 70:     TMR2 = 0x00;
  2886     04B6  019A               	clrf	26	;volatile
  2887     04B7                     l2120:
  2888                           
  2889                           ;mcc_generated_files/tmr2.c: 73:     PIR1bits.TMR2IF = 0;
  2890     04B7  1091               	bcf	17,1	;volatile
  2891     04B8                     l2122:
  2892                           
  2893                           ;mcc_generated_files/tmr2.c: 76:     T2CON = 0x07;
  2894     04B8  3007               	movlw	7
  2895     04B9  009C               	movwf	28	;volatile
  2896     04BA                     l195:
  2897     04BA  0008               	return
  2898     04BB                     __end_of_TMR2_Initialize:
  2899                           
  2900                           	psect	text6
  2901     0476                     __ptext6:	
  2902 ;; *************** function _TMR1_Initialize *****************
  2903 ;; Defined at:
  2904 ;;		line 63 in file "mcc_generated_files/tmr1.c"
  2905 ;; Parameters:    Size  Location     Type
  2906 ;;		None
  2907 ;; Auto vars:     Size  Location     Type
  2908 ;;		None
  2909 ;; Return value:  Size  Location     Type
  2910 ;;                  1    wreg      void 
  2911 ;; Registers used:
  2912 ;;		wreg, status,2
  2913 ;; Tracked objects:
  2914 ;;		On entry : 0/0
  2915 ;;		On exit  : 0/0
  2916 ;;		Unchanged: 0/0
  2917 ;; Data sizes:     COMMON   BANK0   BANK1   BANK2   BANK3   BANK4   BANK5   BANK6
  2918 ;;      Params:         0       0       0       0       0       0       0       0
  2919 ;;      Locals:         0       0       0       0       0       0       0       0
  2920 ;;      Temps:          0       0       0       0       0       0       0       0
  2921 ;;      Totals:         0       0       0       0       0       0       0       0
  2922 ;;Total ram usage:        0 bytes
  2923 ;; Hardware stack levels used: 1
  2924 ;; Hardware stack levels required when called: 4
  2925 ;; This function calls:
  2926 ;;		Nothing
  2927 ;; This function is called by:
  2928 ;;		_SYSTEM_Initialize
  2929 ;; This function uses a non-reentrant model
  2930 ;;
  2931                           
  2932     0476                     _TMR1_Initialize:	
  2933                           ;psect for function _TMR1_Initialize
  2934                           
  2935     0476                     l2134:	
  2936                           ;incstack = 0
  2937                           ; Regs used in _TMR1_Initialize: [wreg+status,2]
  2938                           
  2939                           
  2940                           ;mcc_generated_files/tmr1.c: 68:     T1GCON = 0x10;
  2941     0476  3010               	movlw	16
  2942     0477  0020               	movlb	0	; select bank0
  2943     0478  0099               	movwf	25	;volatile
  2944     0479                     l2136:
  2945                           
  2946                           ;mcc_generated_files/tmr1.c: 71:     TMR1H = 0x00;
  2947     0479  0197               	clrf	23	;volatile
  2948     047A                     l2138:
  2949                           
  2950                           ;mcc_generated_files/tmr1.c: 74:     TMR1L = 0x00;
  2951     047A  0196               	clrf	22	;volatile
  2952     047B                     l2140:
  2953                           
  2954                           ;mcc_generated_files/tmr1.c: 77:     PIR1bits.TMR1IF = 0;
  2955     047B  1011               	bcf	17,0	;volatile
  2956                           
  2957                           ;mcc_generated_files/tmr1.c: 80:     timer1ReloadVal=(uint16_t)((TMR1H << 8) | TMR1L);
  2958     047C  0817               	movf	23,w	;volatile
  2959     047D  00B6               	movwf	_timer1ReloadVal+1	;volatile
  2960     047E  0816               	movf	22,w	;volatile
  2961     047F  00B5               	movwf	_timer1ReloadVal	;volatile
  2962                           
  2963                           ;mcc_generated_files/tmr1.c: 83:     T1CON = 0x01;
  2964     0480  3001               	movlw	1
  2965     0481  0098               	movwf	24	;volatile
  2966     0482                     l78:
  2967     0482  0008               	return
  2968     0483                     __end_of_TMR1_Initialize:
  2969                           
  2970                           	psect	text7
  2971     0444                     __ptext7:	
  2972 ;; *************** function _TMR0_Initialize *****************
  2973 ;; Defined at:
  2974 ;;		line 64 in file "mcc_generated_files/tmr0.c"
  2975 ;; Parameters:    Size  Location     Type
  2976 ;;		None
  2977 ;; Auto vars:     Size  Location     Type
  2978 ;;		None
  2979 ;; Return value:  Size  Location     Type
  2980 ;;                  1    wreg      void 
  2981 ;; Registers used:
  2982 ;;		wreg, status,2, status,0, pclath, cstack
  2983 ;; Tracked objects:
  2984 ;;		On entry : 0/0
  2985 ;;		On exit  : 0/0
  2986 ;;		Unchanged: 0/0
  2987 ;; Data sizes:     COMMON   BANK0   BANK1   BANK2   BANK3   BANK4   BANK5   BANK6
  2988 ;;      Params:         0       0       0       0       0       0       0       0
  2989 ;;      Locals:         0       0       0       0       0       0       0       0
  2990 ;;      Temps:          0       0       0       0       0       0       0       0
  2991 ;;      Totals:         0       0       0       0       0       0       0       0
  2992 ;;Total ram usage:        0 bytes
  2993 ;; Hardware stack levels used: 1
  2994 ;; Hardware stack levels required when called: 5
  2995 ;; This function calls:
  2996 ;;		_TMR0_SetInterruptHandler
  2997 ;; This function is called by:
  2998 ;;		_SYSTEM_Initialize
  2999 ;; This function uses a non-reentrant model
  3000 ;;
  3001                           
  3002     0444                     _TMR0_Initialize:	
  3003                           ;psect for function _TMR0_Initialize
  3004                           
  3005     0444                     l2142:	
  3006                           ;incstack = 0
  3007                           ; Regs used in _TMR0_Initialize: [wreg+status,2+status,0+pclath+cstack]
  3008                           
  3009                           
  3010                           ;mcc_generated_files/tmr0.c: 69:     OPTION_REG = (uint8_t)((OPTION_REG & 0xC0) | (0xD4 
      +                          & 0x3F));
  3011     0444  0021               	movlb	1	; select bank1
  3012     0445  0815               	movf	21,w	;volatile
  3013     0446  39C0               	andlw	192
  3014     0447  3814               	iorlw	20
  3015     0448  0095               	movwf	21	;volatile
  3016     0449                     l2144:
  3017                           
  3018                           ;mcc_generated_files/tmr0.c: 72:     TMR0 = 0x06;
  3019     0449  3006               	movlw	6
  3020     044A  0020               	movlb	0	; select bank0
  3021     044B  0095               	movwf	21	;volatile
  3022     044C                     l2146:
  3023                           
  3024                           ;mcc_generated_files/tmr0.c: 75:     timer0ReloadVal= 6;
  3025     044C  3006               	movlw	6
  3026     044D  00F5               	movwf	_timer0ReloadVal	;volatile
  3027     044E                     l2148:
  3028                           
  3029                           ;mcc_generated_files/tmr0.c: 78:     INTCONbits.TMR0IF = 0;
  3030     044E  110B               	bcf	11,2	;volatile
  3031     044F                     l2150:
  3032                           
  3033                           ;mcc_generated_files/tmr0.c: 81:     INTCONbits.TMR0IE = 1;
  3034     044F  168B               	bsf	11,5	;volatile
  3035     0450                     l2152:
  3036                           
  3037                           ;mcc_generated_files/tmr0.c: 84:     TMR0_SetInterruptHandler(TMR0_DefaultInterruptHandl
      +                          er);
  3038     0450  30D1               	movlw	low _TMR0_DefaultInterruptHandler
  3039     0451  00C4               	movwf	TMR0_SetInterruptHandler@InterruptHandler
  3040     0452  3004               	movlw	high _TMR0_DefaultInterruptHandler
  3041     0453  00C5               	movwf	TMR0_SetInterruptHandler@InterruptHandler+1
  3042     0454  3184  24C7  3184   	fcall	_TMR0_SetInterruptHandler
  3043     0457                     l157:
  3044     0457  0008               	return
  3045     0458                     __end_of_TMR0_Initialize:
  3046                           
  3047                           	psect	text8
  3048     04C7                     __ptext8:	
  3049 ;; *************** function _TMR0_SetInterruptHandler *****************
  3050 ;; Defined at:
  3051 ;;		line 140 in file "mcc_generated_files/tmr0.c"
  3052 ;; Parameters:    Size  Location     Type
  3053 ;;  InterruptHan    2    0[BANK0 ] PTR FTN()void 
  3054 ;;		 -> TMR0_EvenHandler(1), TMR0_DefaultInterruptHandler(1), 
  3055 ;; Auto vars:     Size  Location     Type
  3056 ;;		None
  3057 ;; Return value:  Size  Location     Type
  3058 ;;                  1    wreg      void 
  3059 ;; Registers used:
  3060 ;;		wreg
  3061 ;; Tracked objects:
  3062 ;;		On entry : 0/0
  3063 ;;		On exit  : 0/0
  3064 ;;		Unchanged: 0/0
  3065 ;; Data sizes:     COMMON   BANK0   BANK1   BANK2   BANK3   BANK4   BANK5   BANK6
  3066 ;;      Params:         0       2       0       0       0       0       0       0
  3067 ;;      Locals:         0       0       0       0       0       0       0       0
  3068 ;;      Temps:          0       0       0       0       0       0       0       0
  3069 ;;      Totals:         0       2       0       0       0       0       0       0
  3070 ;;Total ram usage:        2 bytes
  3071 ;; Hardware stack levels used: 1
  3072 ;; Hardware stack levels required when called: 4
  3073 ;; This function calls:
  3074 ;;		Nothing
  3075 ;; This function is called by:
  3076 ;;		_TMR0_Initialize
  3077 ;;		_main
  3078 ;; This function uses a non-reentrant model
  3079 ;;
  3080                           
  3081     04C7                     _TMR0_SetInterruptHandler:	
  3082                           ;psect for function _TMR0_SetInterruptHandler
  3083                           
  3084     04C7                     l2072:	
  3085                           ;incstack = 0
  3086                           ; Regs used in _TMR0_SetInterruptHandler: [wreg]
  3087                           
  3088                           
  3089                           ;mcc_generated_files/tmr0.c: 141:     TMR0_InterruptHandler = InterruptHandler;
  3090     04C7  0020               	movlb	0	; select bank0
  3091     04C8  0845               	movf	TMR0_SetInterruptHandler@InterruptHandler+1,w
  3092     04C9  00B4               	movwf	_TMR0_InterruptHandler+1
  3093     04CA  0844               	movf	TMR0_SetInterruptHandler@InterruptHandler,w
  3094     04CB  00B3               	movwf	_TMR0_InterruptHandler
  3095     04CC                     l179:
  3096     04CC  0008               	return
  3097     04CD                     __end_of_TMR0_SetInterruptHandler:
  3098                           
  3099                           	psect	text9
  3100     03DA                     __ptext9:	
  3101 ;; *************** function _PIN_MANAGER_Initialize *****************
  3102 ;; Defined at:
  3103 ;;		line 55 in file "mcc_generated_files/pin_manager.c"
  3104 ;; Parameters:    Size  Location     Type
  3105 ;;		None
  3106 ;; Auto vars:     Size  Location     Type
  3107 ;;		None
  3108 ;; Return value:  Size  Location     Type
  3109 ;;                  1    wreg      void 
  3110 ;; Registers used:
  3111 ;;		wreg, status,2
  3112 ;; Tracked objects:
  3113 ;;		On entry : 0/0
  3114 ;;		On exit  : 0/0
  3115 ;;		Unchanged: 0/0
  3116 ;; Data sizes:     COMMON   BANK0   BANK1   BANK2   BANK3   BANK4   BANK5   BANK6
  3117 ;;      Params:         0       0       0       0       0       0       0       0
  3118 ;;      Locals:         0       0       0       0       0       0       0       0
  3119 ;;      Temps:          0       0       0       0       0       0       0       0
  3120 ;;      Totals:         0       0       0       0       0       0       0       0
  3121 ;;Total ram usage:        0 bytes
  3122 ;; Hardware stack levels used: 1
  3123 ;; Hardware stack levels required when called: 4
  3124 ;; This function calls:
  3125 ;;		Nothing
  3126 ;; This function is called by:
  3127 ;;		_SYSTEM_Initialize
  3128 ;; This function uses a non-reentrant model
  3129 ;;
  3130                           
  3131     03DA                     _PIN_MANAGER_Initialize:	
  3132                           ;psect for function _PIN_MANAGER_Initialize
  3133                           
  3134     03DA                     l2074:	
  3135                           ;incstack = 0
  3136                           ; Regs used in _PIN_MANAGER_Initialize: [wreg+status,2]
  3137                           
  3138                           
  3139                           ;mcc_generated_files/pin_manager.c: 60:     LATE = 0x00;
  3140     03DA  0022               	movlb	2	; select bank2
  3141     03DB  0190               	clrf	16	;volatile
  3142     03DC                     l2076:
  3143                           
  3144                           ;mcc_generated_files/pin_manager.c: 61:     LATA = 0x01;
  3145     03DC  3001               	movlw	1
  3146     03DD  008C               	movwf	12	;volatile
  3147     03DE                     l2078:
  3148                           
  3149                           ;mcc_generated_files/pin_manager.c: 62:     LATB = 0x40;
  3150     03DE  3040               	movlw	64
  3151     03DF  008D               	movwf	13	;volatile
  3152                           
  3153                           ;mcc_generated_files/pin_manager.c: 63:     LATC = 0x00;
  3154     03E0  018E               	clrf	14	;volatile
  3155     03E1                     l2080:
  3156                           
  3157                           ;mcc_generated_files/pin_manager.c: 68:     TRISE = 0x08;
  3158     03E1  3008               	movlw	8
  3159     03E2  0021               	movlb	1	; select bank1
  3160     03E3  0090               	movwf	16	;volatile
  3161     03E4                     l2082:
  3162                           
  3163                           ;mcc_generated_files/pin_manager.c: 69:     TRISA = 0xF6;
  3164     03E4  30F6               	movlw	246
  3165     03E5  008C               	movwf	12	;volatile
  3166     03E6                     l2084:
  3167                           
  3168                           ;mcc_generated_files/pin_manager.c: 70:     TRISB = 0xBF;
  3169     03E6  30BF               	movlw	191
  3170     03E7  008D               	movwf	13	;volatile
  3171     03E8                     l2086:
  3172                           
  3173                           ;mcc_generated_files/pin_manager.c: 71:     TRISC = 0xFD;
  3174     03E8  30FD               	movlw	253
  3175     03E9  008E               	movwf	14	;volatile
  3176     03EA                     l2088:
  3177                           
  3178                           ;mcc_generated_files/pin_manager.c: 76:     ANSELB = 0x3F;
  3179     03EA  303F               	movlw	63
  3180     03EB  0023               	movlb	3	; select bank3
  3181     03EC  008D               	movwf	13	;volatile
  3182     03ED                     l2090:
  3183                           
  3184                           ;mcc_generated_files/pin_manager.c: 77:     ANSELA = 0x3F;
  3185     03ED  303F               	movlw	63
  3186     03EE  008C               	movwf	12	;volatile
  3187                           
  3188                           ;mcc_generated_files/pin_manager.c: 82:     WPUE = 0x00;
  3189     03EF  0024               	movlb	4	; select bank4
  3190     03F0  0190               	clrf	16	;volatile
  3191                           
  3192                           ;mcc_generated_files/pin_manager.c: 83:     WPUB = 0x00;
  3193     03F1  018D               	clrf	13	;volatile
  3194     03F2                     l2092:
  3195                           
  3196                           ;mcc_generated_files/pin_manager.c: 84:     OPTION_REGbits.nWPUEN = 1;
  3197     03F2  0021               	movlb	1	; select bank1
  3198     03F3  1795               	bsf	21,7	;volatile
  3199                           
  3200                           ;mcc_generated_files/pin_manager.c: 90:     APFCON = 0x00;
  3201     03F4  0022               	movlb	2	; select bank2
  3202     03F5  019D               	clrf	29	;volatile
  3203     03F6                     l135:
  3204     03F6  0008               	return
  3205     03F7                     __end_of_PIN_MANAGER_Initialize:
  3206                           
  3207                           	psect	text10
  3208     049D                     __ptext10:	
  3209 ;; *************** function _OSCILLATOR_Initialize *****************
  3210 ;; Defined at:
  3211 ;;		line 63 in file "mcc_generated_files/mcc.c"
  3212 ;; Parameters:    Size  Location     Type
  3213 ;;		None
  3214 ;; Auto vars:     Size  Location     Type
  3215 ;;		None
  3216 ;; Return value:  Size  Location     Type
  3217 ;;                  1    wreg      void 
  3218 ;; Registers used:
  3219 ;;		wreg, status,2
  3220 ;; Tracked objects:
  3221 ;;		On entry : 0/0
  3222 ;;		On exit  : 0/0
  3223 ;;		Unchanged: 0/0
  3224 ;; Data sizes:     COMMON   BANK0   BANK1   BANK2   BANK3   BANK4   BANK5   BANK6
  3225 ;;      Params:         0       0       0       0       0       0       0       0
  3226 ;;      Locals:         0       0       0       0       0       0       0       0
  3227 ;;      Temps:          0       0       0       0       0       0       0       0
  3228 ;;      Totals:         0       0       0       0       0       0       0       0
  3229 ;;Total ram usage:        0 bytes
  3230 ;; Hardware stack levels used: 1
  3231 ;; Hardware stack levels required when called: 4
  3232 ;; This function calls:
  3233 ;;		Nothing
  3234 ;; This function is called by:
  3235 ;;		_SYSTEM_Initialize
  3236 ;; This function uses a non-reentrant model
  3237 ;;
  3238                           
  3239     049D                     _OSCILLATOR_Initialize:	
  3240                           ;psect for function _OSCILLATOR_Initialize
  3241                           
  3242     049D                     l2094:	
  3243                           ;incstack = 0
  3244                           ; Regs used in _OSCILLATOR_Initialize: [wreg+status,2]
  3245                           
  3246                           
  3247                           ;mcc_generated_files/mcc.c: 66:     OSCCON = 0x70;
  3248     049D  3070               	movlw	112
  3249     049E  0021               	movlb	1	; select bank1
  3250     049F  0099               	movwf	25	;volatile
  3251     04A0                     l2096:
  3252                           
  3253                           ;mcc_generated_files/mcc.c: 68:     OSCTUNE = 0x00;
  3254     04A0  0198               	clrf	24	;volatile
  3255     04A1                     l2098:
  3256                           
  3257                           ;mcc_generated_files/mcc.c: 70:     BORCON = 0x00;
  3258     04A1  0022               	movlb	2	; select bank2
  3259     04A2  0196               	clrf	22	;volatile
  3260     04A3                     l32:	
  3261                           ;mcc_generated_files/mcc.c: 73:     {;mcc_generated_files/mcc.c: 74:     }
  3262                           
  3263                           
  3264                           ;mcc_generated_files/mcc.c: 72:     while(PLLR == 0)
  3265     04A3  0021               	movlb	1	; select bank1
  3266     04A4  1F1A               	btfss	26,6	;volatile
  3267     04A5  2CA7               	goto	u2161
  3268     04A6  2CA8               	goto	u2160
  3269     04A7                     u2161:
  3270     04A7  2CA3               	goto	l32
  3271     04A8                     u2160:
  3272     04A8                     l35:
  3273     04A8  0008               	return
  3274     04A9                     __end_of_OSCILLATOR_Initialize:
  3275                           
  3276                           	psect	text11
  3277     0483                     __ptext11:	
  3278 ;; *************** function _EPWM2_Initialize *****************
  3279 ;; Defined at:
  3280 ;;		line 64 in file "mcc_generated_files/epwm2.c"
  3281 ;; Parameters:    Size  Location     Type
  3282 ;;		None
  3283 ;; Auto vars:     Size  Location     Type
  3284 ;;		None
  3285 ;; Return value:  Size  Location     Type
  3286 ;;                  1    wreg      void 
  3287 ;; Registers used:
  3288 ;;		wreg, status,2, status,0
  3289 ;; Tracked objects:
  3290 ;;		On entry : 0/0
  3291 ;;		On exit  : 0/0
  3292 ;;		Unchanged: 0/0
  3293 ;; Data sizes:     COMMON   BANK0   BANK1   BANK2   BANK3   BANK4   BANK5   BANK6
  3294 ;;      Params:         0       0       0       0       0       0       0       0
  3295 ;;      Locals:         0       0       0       0       0       0       0       0
  3296 ;;      Temps:          0       0       0       0       0       0       0       0
  3297 ;;      Totals:         0       0       0       0       0       0       0       0
  3298 ;;Total ram usage:        0 bytes
  3299 ;; Hardware stack levels used: 1
  3300 ;; Hardware stack levels required when called: 4
  3301 ;; This function calls:
  3302 ;;		Nothing
  3303 ;; This function is called by:
  3304 ;;		_SYSTEM_Initialize
  3305 ;; This function uses a non-reentrant model
  3306 ;;
  3307                           
  3308     0483                     _EPWM2_Initialize:	
  3309                           ;psect for function _EPWM2_Initialize
  3310                           
  3311     0483                     l2102:	
  3312                           ;incstack = 0
  3313                           ; Regs used in _EPWM2_Initialize: [wreg+status,2+status,0]
  3314                           
  3315                           
  3316                           ;mcc_generated_files/epwm2.c: 69:  CCP2CON = 0x0C;
  3317     0483  300C               	movlw	12
  3318     0484  0025               	movlb	5	; select bank5
  3319     0485  009A               	movwf	26	;volatile
  3320     0486                     l2104:
  3321                           
  3322                           ;mcc_generated_files/epwm2.c: 72:  ECCP2AS = 0x00;
  3323     0486  019C               	clrf	28	;volatile
  3324     0487                     l2106:
  3325                           
  3326                           ;mcc_generated_files/epwm2.c: 75:  PWM2CON = 0x80;
  3327     0487  3080               	movlw	128
  3328     0488  009B               	movwf	27	;volatile
  3329     0489                     l2108:
  3330                           
  3331                           ;mcc_generated_files/epwm2.c: 78:  PSTR2CON = 0x01;
  3332     0489  3001               	movlw	1
  3333     048A  009D               	movwf	29	;volatile
  3334     048B                     l2110:
  3335                           
  3336                           ;mcc_generated_files/epwm2.c: 81:  CCPR2H = 0x00;
  3337     048B  0199               	clrf	25	;volatile
  3338     048C                     l2112:
  3339                           
  3340                           ;mcc_generated_files/epwm2.c: 84:  CCPR2L = 0x00;
  3341     048C  0198               	clrf	24	;volatile
  3342     048D                     l2114:
  3343                           
  3344                           ;mcc_generated_files/epwm2.c: 87:  CCPTMRS0bits.C2TSEL = 0x0;
  3345     048D  30F3               	movlw	-13
  3346     048E  059E               	andwf	30,f	;volatile
  3347     048F                     l249:
  3348     048F  0008               	return
  3349     0490                     __end_of_EPWM2_Initialize:
  3350                           
  3351                           	psect	text12
  3352     04A9                     __ptext12:	
  3353 ;; *************** function _ECCP3_Initialize *****************
  3354 ;; Defined at:
  3355 ;;		line 59 in file "mcc_generated_files/eccp3.c"
  3356 ;; Parameters:    Size  Location     Type
  3357 ;;		None
  3358 ;; Auto vars:     Size  Location     Type
  3359 ;;		None
  3360 ;; Return value:  Size  Location     Type
  3361 ;;                  1    wreg      void 
  3362 ;; Registers used:
  3363 ;;		wreg, status,2
  3364 ;; Tracked objects:
  3365 ;;		On entry : 0/0
  3366 ;;		On exit  : 0/0
  3367 ;;		Unchanged: 0/0
  3368 ;; Data sizes:     COMMON   BANK0   BANK1   BANK2   BANK3   BANK4   BANK5   BANK6
  3369 ;;      Params:         0       0       0       0       0       0       0       0
  3370 ;;      Locals:         0       0       0       0       0       0       0       0
  3371 ;;      Temps:          0       0       0       0       0       0       0       0
  3372 ;;      Totals:         0       0       0       0       0       0       0       0
  3373 ;;Total ram usage:        0 bytes
  3374 ;; Hardware stack levels used: 1
  3375 ;; Hardware stack levels required when called: 4
  3376 ;; This function calls:
  3377 ;;		Nothing
  3378 ;; This function is called by:
  3379 ;;		_SYSTEM_Initialize
  3380 ;; This function uses a non-reentrant model
  3381 ;;
  3382                           
  3383     04A9                     _ECCP3_Initialize:	
  3384                           ;psect for function _ECCP3_Initialize
  3385                           
  3386     04A9                     l2124:	
  3387                           ;incstack = 0
  3388                           ; Regs used in _ECCP3_Initialize: [wreg+status,2]
  3389                           
  3390                           
  3391                           ;mcc_generated_files/eccp3.c: 64:  CCP3CON = 0x05;
  3392     04A9  3005               	movlw	5
  3393     04AA  0026               	movlb	6	; select bank6
  3394     04AB  0093               	movwf	19	;volatile
  3395     04AC                     l2126:
  3396                           
  3397                           ;mcc_generated_files/eccp3.c: 67:  CCPR3H = 0x00;
  3398     04AC  0192               	clrf	18	;volatile
  3399     04AD                     l2128:
  3400                           
  3401                           ;mcc_generated_files/eccp3.c: 70:  CCPR3L = 0x00;
  3402     04AD  0191               	clrf	17	;volatile
  3403     04AE                     l2130:
  3404                           
  3405                           ;mcc_generated_files/eccp3.c: 73:     PIR3bits.CCP3IF = 0;
  3406     04AE  0020               	movlb	0	; select bank0
  3407     04AF  1213               	bcf	19,4	;volatile
  3408     04B0                     l2132:
  3409                           
  3410                           ;mcc_generated_files/eccp3.c: 76:     PIE3bits.CCP3IE = 1;
  3411     04B0  0021               	movlb	1	; select bank1
  3412     04B1  1613               	bsf	19,4	;volatile
  3413     04B2                     l229:
  3414     04B2  0008               	return
  3415     04B3                     __end_of_ECCP3_Initialize:
  3416                           
  3417                           	psect	text13
  3418     0046                     __ptext13:	
  3419 ;; *************** function _LED_output *****************
  3420 ;; Defined at:
  3421 ;;		line 251 in file "main.c"
  3422 ;; Parameters:    Size  Location     Type
  3423 ;;		None
  3424 ;; Auto vars:     Size  Location     Type
  3425 ;;  i               1    6[BANK0 ] unsigned char 
  3426 ;;  crc8            1    5[BANK0 ] unsigned char 
  3427 ;; Return value:  Size  Location     Type
  3428 ;;                  1    wreg      void 
  3429 ;; Registers used:
  3430 ;;		wreg, fsr1l, fsr1h, status,2, status,0, pclath, cstack
  3431 ;; Tracked objects:
  3432 ;;		On entry : 0/0
  3433 ;;		On exit  : 0/0
  3434 ;;		Unchanged: 0/0
  3435 ;; Data sizes:     COMMON   BANK0   BANK1   BANK2   BANK3   BANK4   BANK5   BANK6
  3436 ;;      Params:         0       0       0       0       0       0       0       0
  3437 ;;      Locals:         0       2       0       0       0       0       0       0
  3438 ;;      Temps:          0       1       0       0       0       0       0       0
  3439 ;;      Totals:         0       3       0       0       0       0       0       0
  3440 ;;Total ram usage:        3 bytes
  3441 ;; Hardware stack levels used: 1
  3442 ;; Hardware stack levels required when called: 5
  3443 ;; This function calls:
  3444 ;;		_EPWM2_LoadDutyValue
  3445 ;; This function is called by:
  3446 ;;		_main
  3447 ;; This function uses a non-reentrant model
  3448 ;;
  3449                           
  3450     0046                     _LED_output:	
  3451                           ;psect for function _LED_output
  3452                           
  3453     0046                     l2182:	
  3454                           ;incstack = 0
  3455                           ; Regs used in _LED_output: [wreg+fsr1l+fsr1h+status,2+status,0+pclath+cstack]
  3456                           
  3457                           
  3458                           ;main.c: 252:   uint8_t crc8 = CS[csFlag.Byte];
  3459     0046  0020               	movlb	0	; select bank0
  3460     0047  083F               	movf	_csFlag,w
  3461     0048  3EA0               	addlw	(low (_CS| 0))& (0+255)
  3462     0049  0086               	movwf	6
  3463     004A  0187               	clrf	7
  3464     004B  0801               	movf	1,w
  3465     004C  00C9               	movwf	LED_output@crc8
  3466     004D                     l2184:
  3467                           
  3468                           ;main.c: 255:   if (data_buf[10] != crc8)
  3469     004D  082A               	movf	_data_buf+10,w
  3470     004E  0649               	xorwf	LED_output@crc8,w
  3471     004F  1903               	skipnz
  3472     0050  2852               	goto	u2221
  3473     0051  2853               	goto	u2220
  3474     0052                     u2221:
  3475     0052  2854               	goto	l2188
  3476     0053                     u2220:
  3477     0053  29C5               	goto	l307
  3478     0054                     l2188:
  3479                           
  3480                           ;main.c: 257:   if (data_buf[0] != 0xC8)
  3481     0054  30C8               	movlw	200
  3482     0055  0620               	xorwf	_data_buf,w
  3483     0056  1903               	btfsc	3,2
  3484     0057  2859               	goto	u2231
  3485     0058  285A               	goto	u2230
  3486     0059                     u2231:
  3487     0059  285B               	goto	l2192
  3488     005A                     u2230:
  3489     005A  29C5               	goto	l307
  3490     005B                     l2192:
  3491                           
  3492                           ;main.c: 259:   if (data_buf[1] != 0x8B)
  3493     005B  308B               	movlw	139
  3494     005C  0621               	xorwf	_data_buf+1,w
  3495     005D  1903               	btfsc	3,2
  3496     005E  2860               	goto	u2241
  3497     005F  2861               	goto	u2240
  3498     0060                     u2241:
  3499     0060  2862               	goto	l2196
  3500     0061                     u2240:
  3501     0061  29C5               	goto	l307
  3502     0062                     l2196:
  3503                           
  3504                           ;main.c: 262:   T10MS_CNT = 0;
  3505     0062  01BE               	clrf	_T10MS_CNT	;volatile
  3506     0063                     l2198:
  3507                           
  3508                           ;main.c: 265:   if (csFlag.RunLight == 1) {
  3509     0063  1EBF               	btfss	_csFlag,5
  3510     0064  2866               	goto	u2251
  3511     0065  2867               	goto	u2250
  3512     0066                     u2251:
  3513     0066  286A               	goto	l314
  3514     0067                     u2250:
  3515     0067                     l311:	
  3516                           ;main.c: 266:     do { LATAbits.LATA3 = 1; } while(0);
  3517                           
  3518     0067  0022               	movlb	2	; select bank2
  3519     0068  158C               	bsf	12,3	;volatile
  3520     0069  286C               	goto	l313
  3521     006A                     l314:	
  3522                           ;main.c: 268:     do { LATAbits.LATA3 = 0; } while(0);
  3523                           
  3524     006A  0022               	movlb	2	; select bank2
  3525     006B  118C               	bcf	12,3	;volatile
  3526     006C                     l313:	
  3527                           ;main.c: 269:   }
  3528                           
  3529                           
  3530                           ;main.c: 271:   if (csFlag.HiBeam == 0 && csFlag.LoBeam == 0 && csFlag.DRL == 0 && csFla
      +                          g.RunLight == 0) {
  3531     006C  0020               	movlb	0	; select bank0
  3532     006D  193F               	btfsc	_csFlag,2
  3533     006E  2870               	goto	u2261
  3534     006F  2871               	goto	u2260
  3535     0070                     u2261:
  3536     0070  2887               	goto	l316
  3537     0071                     u2260:
  3538     0071                     l2200:
  3539     0071  19BF               	btfsc	_csFlag,3
  3540     0072  2874               	goto	u2271
  3541     0073  2875               	goto	u2270
  3542     0074                     u2271:
  3543     0074  2887               	goto	l316
  3544     0075                     u2270:
  3545     0075                     l2202:
  3546     0075  1A3F               	btfsc	_csFlag,4
  3547     0076  2878               	goto	u2281
  3548     0077  2879               	goto	u2280
  3549     0078                     u2281:
  3550     0078  2887               	goto	l316
  3551     0079                     u2280:
  3552     0079                     l2204:
  3553     0079  1ABF               	btfsc	_csFlag,5
  3554     007A  287C               	goto	u2291
  3555     007B  287D               	goto	u2290
  3556     007C                     u2291:
  3557     007C  2887               	goto	l316
  3558     007D                     u2290:
  3559     007D                     l317:	
  3560                           ;main.c: 273:     do { LATAbits.LATA0 = 0; } while(0);
  3561                           
  3562     007D  0022               	movlb	2	; select bank2
  3563     007E  100C               	bcf	12,0	;volatile
  3564     007F                     l2206:
  3565                           
  3566                           ;main.c: 274:     EPWM2_LoadDutyValue((0));;
  3567     007F  3000               	movlw	0
  3568     0080  0020               	movlb	0	; select bank0
  3569     0081  00C4               	movwf	EPWM2_LoadDutyValue@dutyValue
  3570     0082  00C5               	movwf	EPWM2_LoadDutyValue@dutyValue+1
  3571     0083  3183  23F7  3180   	fcall	_EPWM2_LoadDutyValue
  3572                           
  3573                           ;main.c: 275:   } else if (csFlag.HiBeam == 0 && csFlag.LoBeam == 0 && csFlag.DRL == 0 &
      +                          & csFlag.RunLight == 1) {
  3574     0086  29B4               	goto	l2328
  3575     0087                     l316:
  3576     0087  193F               	btfsc	_csFlag,2
  3577     0088  288A               	goto	u2301
  3578     0089  288B               	goto	u2300
  3579     008A                     u2301:
  3580     008A  289A               	goto	l320
  3581     008B                     u2300:
  3582     008B                     l2208:
  3583     008B  19BF               	btfsc	_csFlag,3
  3584     008C  288E               	goto	u2311
  3585     008D  288F               	goto	u2310
  3586     008E                     u2311:
  3587     008E  289A               	goto	l320
  3588     008F                     u2310:
  3589     008F                     l2210:
  3590     008F  1A3F               	btfsc	_csFlag,4
  3591     0090  2892               	goto	u2321
  3592     0091  2893               	goto	u2320
  3593     0092                     u2321:
  3594     0092  289A               	goto	l320
  3595     0093                     u2320:
  3596     0093                     l2212:
  3597     0093  1EBF               	btfss	_csFlag,5
  3598     0094  2896               	goto	u2331
  3599     0095  2897               	goto	u2330
  3600     0096                     u2331:
  3601     0096  289A               	goto	l320
  3602     0097                     u2330:
  3603     0097                     l321:	
  3604                           ;main.c: 277:     do { LATAbits.LATA0 = 0; } while(0);
  3605                           
  3606     0097  0022               	movlb	2	; select bank2
  3607     0098  100C               	bcf	12,0	;volatile
  3608     0099  287F               	goto	l2206
  3609     009A                     l320:
  3610     009A  193F               	btfsc	_csFlag,2
  3611     009B  289D               	goto	u2341
  3612     009C  289E               	goto	u2340
  3613     009D                     u2341:
  3614     009D  28B5               	goto	l324
  3615     009E                     u2340:
  3616     009E                     l2216:
  3617     009E  19BF               	btfsc	_csFlag,3
  3618     009F  28A1               	goto	u2351
  3619     00A0  28A2               	goto	u2350
  3620     00A1                     u2351:
  3621     00A1  28B5               	goto	l324
  3622     00A2                     u2350:
  3623     00A2                     l2218:
  3624     00A2  1E3F               	btfss	_csFlag,4
  3625     00A3  28A5               	goto	u2361
  3626     00A4  28A6               	goto	u2360
  3627     00A5                     u2361:
  3628     00A5  28B5               	goto	l324
  3629     00A6                     u2360:
  3630     00A6                     l2220:
  3631     00A6  1ABF               	btfsc	_csFlag,5
  3632     00A7  28A9               	goto	u2371
  3633     00A8  28AA               	goto	u2370
  3634     00A9                     u2371:
  3635     00A9  28B5               	goto	l324
  3636     00AA                     u2370:
  3637     00AA                     l325:	
  3638                           ;main.c: 281:     do { LATAbits.LATA0 = 0; } while(0);
  3639                           
  3640     00AA  0022               	movlb	2	; select bank2
  3641     00AB  100C               	bcf	12,0	;volatile
  3642     00AC                     l2222:
  3643                           
  3644                           ;main.c: 282:     EPWM2_LoadDutyValue((199));
  3645     00AC  30C7               	movlw	199
  3646     00AD  0020               	movlb	0	; select bank0
  3647     00AE  00C4               	movwf	EPWM2_LoadDutyValue@dutyValue
  3648     00AF  3000               	movlw	0
  3649     00B0  00C5               	movwf	EPWM2_LoadDutyValue@dutyValue+1
  3650     00B1  3183  23F7  3180   	fcall	_EPWM2_LoadDutyValue
  3651                           
  3652                           ;main.c: 283:   } else if (csFlag.HiBeam == 0 && csFlag.LoBeam == 0 && csFlag.DRL == 1 &
      +                          & csFlag.RunLight == 1) {
  3653     00B4  29B4               	goto	l2328
  3654     00B5                     l324:
  3655     00B5  193F               	btfsc	_csFlag,2
  3656     00B6  28B8               	goto	u2381
  3657     00B7  28B9               	goto	u2380
  3658     00B8                     u2381:
  3659     00B8  28C8               	goto	l328
  3660     00B9                     u2380:
  3661     00B9                     l2224:
  3662     00B9  19BF               	btfsc	_csFlag,3
  3663     00BA  28BC               	goto	u2391
  3664     00BB  28BD               	goto	u2390
  3665     00BC                     u2391:
  3666     00BC  28C8               	goto	l328
  3667     00BD                     u2390:
  3668     00BD                     l2226:
  3669     00BD  1E3F               	btfss	_csFlag,4
  3670     00BE  28C0               	goto	u2401
  3671     00BF  28C1               	goto	u2400
  3672     00C0                     u2401:
  3673     00C0  28C8               	goto	l328
  3674     00C1                     u2400:
  3675     00C1                     l2228:
  3676     00C1  1EBF               	btfss	_csFlag,5
  3677     00C2  28C4               	goto	u2411
  3678     00C3  28C5               	goto	u2410
  3679     00C4                     u2411:
  3680     00C4  28C8               	goto	l328
  3681     00C5                     u2410:
  3682     00C5                     l329:	
  3683                           ;main.c: 285:     do { LATAbits.LATA0 = 0; } while(0);
  3684                           
  3685     00C5  0022               	movlb	2	; select bank2
  3686     00C6  100C               	bcf	12,0	;volatile
  3687     00C7  28AC               	goto	l2222
  3688     00C8                     l328:
  3689     00C8  193F               	btfsc	_csFlag,2
  3690     00C9  28CB               	goto	u2421
  3691     00CA  28CC               	goto	u2420
  3692     00CB                     u2421:
  3693     00CB  28E3               	goto	l332
  3694     00CC                     u2420:
  3695     00CC                     l2232:
  3696     00CC  1DBF               	btfss	_csFlag,3
  3697     00CD  28CF               	goto	u2431
  3698     00CE  28D0               	goto	u2430
  3699     00CF                     u2431:
  3700     00CF  28E3               	goto	l332
  3701     00D0                     u2430:
  3702     00D0                     l2234:
  3703     00D0  1A3F               	btfsc	_csFlag,4
  3704     00D1  28D3               	goto	u2441
  3705     00D2  28D4               	goto	u2440
  3706     00D3                     u2441:
  3707     00D3  28E3               	goto	l332
  3708     00D4                     u2440:
  3709     00D4                     l2236:
  3710     00D4  1ABF               	btfsc	_csFlag,5
  3711     00D5  28D7               	goto	u2451
  3712     00D6  28D8               	goto	u2450
  3713     00D7                     u2451:
  3714     00D7  28E3               	goto	l332
  3715     00D8                     u2450:
  3716     00D8                     l333:	
  3717                           ;main.c: 289:     do { LATAbits.LATA0 = 0; } while(0);
  3718                           
  3719     00D8  0022               	movlb	2	; select bank2
  3720     00D9  100C               	bcf	12,0	;volatile
  3721     00DA                     l2238:
  3722                           
  3723                           ;main.c: 290:     EPWM2_LoadDutyValue((499));;
  3724     00DA  30F3               	movlw	243
  3725     00DB  0020               	movlb	0	; select bank0
  3726     00DC  00C4               	movwf	EPWM2_LoadDutyValue@dutyValue
  3727     00DD  3001               	movlw	1
  3728     00DE  00C5               	movwf	EPWM2_LoadDutyValue@dutyValue+1
  3729     00DF  3183  23F7  3180   	fcall	_EPWM2_LoadDutyValue
  3730                           
  3731                           ;main.c: 291:   } else if (csFlag.HiBeam == 0 && csFlag.LoBeam == 1 && csFlag.DRL == 0 &
      +                          & csFlag.RunLight == 1) {
  3732     00E2  29B4               	goto	l2328
  3733     00E3                     l332:
  3734     00E3  193F               	btfsc	_csFlag,2
  3735     00E4  28E6               	goto	u2461
  3736     00E5  28E7               	goto	u2460
  3737     00E6                     u2461:
  3738     00E6  28F6               	goto	l336
  3739     00E7                     u2460:
  3740     00E7                     l2240:
  3741     00E7  1DBF               	btfss	_csFlag,3
  3742     00E8  28EA               	goto	u2471
  3743     00E9  28EB               	goto	u2470
  3744     00EA                     u2471:
  3745     00EA  28F6               	goto	l336
  3746     00EB                     u2470:
  3747     00EB                     l2242:
  3748     00EB  1A3F               	btfsc	_csFlag,4
  3749     00EC  28EE               	goto	u2481
  3750     00ED  28EF               	goto	u2480
  3751     00EE                     u2481:
  3752     00EE  28F6               	goto	l336
  3753     00EF                     u2480:
  3754     00EF                     l2244:
  3755     00EF  1EBF               	btfss	_csFlag,5
  3756     00F0  28F2               	goto	u2491
  3757     00F1  28F3               	goto	u2490
  3758     00F2                     u2491:
  3759     00F2  28F6               	goto	l336
  3760     00F3                     u2490:
  3761     00F3                     l337:	
  3762                           ;main.c: 293:     do { LATAbits.LATA0 = 0; } while(0);
  3763                           
  3764     00F3  0022               	movlb	2	; select bank2
  3765     00F4  100C               	bcf	12,0	;volatile
  3766     00F5  28DA               	goto	l2238
  3767     00F6                     l336:
  3768     00F6  193F               	btfsc	_csFlag,2
  3769     00F7  28F9               	goto	u2501
  3770     00F8  28FA               	goto	u2500
  3771     00F9                     u2501:
  3772     00F9  2909               	goto	l340
  3773     00FA                     u2500:
  3774     00FA                     l2248:
  3775     00FA  1DBF               	btfss	_csFlag,3
  3776     00FB  28FD               	goto	u2511
  3777     00FC  28FE               	goto	u2510
  3778     00FD                     u2511:
  3779     00FD  2909               	goto	l340
  3780     00FE                     u2510:
  3781     00FE                     l2250:
  3782     00FE  1E3F               	btfss	_csFlag,4
  3783     00FF  2901               	goto	u2521
  3784     0100  2902               	goto	u2520
  3785     0101                     u2521:
  3786     0101  2909               	goto	l340
  3787     0102                     u2520:
  3788     0102                     l2252:
  3789     0102  1ABF               	btfsc	_csFlag,5
  3790     0103  2905               	goto	u2531
  3791     0104  2906               	goto	u2530
  3792     0105                     u2531:
  3793     0105  2909               	goto	l340
  3794     0106                     u2530:
  3795     0106                     l341:	
  3796                           ;main.c: 297:     do { LATAbits.LATA0 = 0; } while(0);
  3797                           
  3798     0106  0022               	movlb	2	; select bank2
  3799     0107  100C               	bcf	12,0	;volatile
  3800     0108  28DA               	goto	l2238
  3801     0109                     l340:
  3802     0109  193F               	btfsc	_csFlag,2
  3803     010A  290C               	goto	u2541
  3804     010B  290D               	goto	u2540
  3805     010C                     u2541:
  3806     010C  291C               	goto	l344
  3807     010D                     u2540:
  3808     010D                     l2256:
  3809     010D  1DBF               	btfss	_csFlag,3
  3810     010E  2910               	goto	u2551
  3811     010F  2911               	goto	u2550
  3812     0110                     u2551:
  3813     0110  291C               	goto	l344
  3814     0111                     u2550:
  3815     0111                     l2258:
  3816     0111  1E3F               	btfss	_csFlag,4
  3817     0112  2914               	goto	u2561
  3818     0113  2915               	goto	u2560
  3819     0114                     u2561:
  3820     0114  291C               	goto	l344
  3821     0115                     u2560:
  3822     0115                     l2260:
  3823     0115  1EBF               	btfss	_csFlag,5
  3824     0116  2918               	goto	u2571
  3825     0117  2919               	goto	u2570
  3826     0118                     u2571:
  3827     0118  291C               	goto	l344
  3828     0119                     u2570:
  3829     0119                     l345:	
  3830                           ;main.c: 301:     do { LATAbits.LATA0 = 0; } while(0);
  3831                           
  3832     0119  0022               	movlb	2	; select bank2
  3833     011A  100C               	bcf	12,0	;volatile
  3834     011B  28DA               	goto	l2238
  3835     011C                     l344:
  3836     011C  1D3F               	btfss	_csFlag,2
  3837     011D  291F               	goto	u2581
  3838     011E  2920               	goto	u2580
  3839     011F                     u2581:
  3840     011F  292F               	goto	l348
  3841     0120                     u2580:
  3842     0120                     l2264:
  3843     0120  19BF               	btfsc	_csFlag,3
  3844     0121  2923               	goto	u2591
  3845     0122  2924               	goto	u2590
  3846     0123                     u2591:
  3847     0123  292F               	goto	l348
  3848     0124                     u2590:
  3849     0124                     l2266:
  3850     0124  1A3F               	btfsc	_csFlag,4
  3851     0125  2927               	goto	u2601
  3852     0126  2928               	goto	u2600
  3853     0127                     u2601:
  3854     0127  292F               	goto	l348
  3855     0128                     u2600:
  3856     0128                     l2268:
  3857     0128  1ABF               	btfsc	_csFlag,5
  3858     0129  292B               	goto	u2611
  3859     012A  292C               	goto	u2610
  3860     012B                     u2611:
  3861     012B  292F               	goto	l348
  3862     012C                     u2610:
  3863     012C                     l349:	
  3864                           ;main.c: 305:     do { LATAbits.LATA0 = 1; } while(0);
  3865                           
  3866     012C  0022               	movlb	2	; select bank2
  3867     012D  140C               	bsf	12,0	;volatile
  3868     012E  287F               	goto	l2206
  3869     012F                     l348:
  3870     012F  1D3F               	btfss	_csFlag,2
  3871     0130  2932               	goto	u2621
  3872     0131  2933               	goto	u2620
  3873     0132                     u2621:
  3874     0132  2942               	goto	l352
  3875     0133                     u2620:
  3876     0133                     l2272:
  3877     0133  19BF               	btfsc	_csFlag,3
  3878     0134  2936               	goto	u2631
  3879     0135  2937               	goto	u2630
  3880     0136                     u2631:
  3881     0136  2942               	goto	l352
  3882     0137                     u2630:
  3883     0137                     l2274:
  3884     0137  1A3F               	btfsc	_csFlag,4
  3885     0138  293A               	goto	u2641
  3886     0139  293B               	goto	u2640
  3887     013A                     u2641:
  3888     013A  2942               	goto	l352
  3889     013B                     u2640:
  3890     013B                     l2276:
  3891     013B  1EBF               	btfss	_csFlag,5
  3892     013C  293E               	goto	u2651
  3893     013D  293F               	goto	u2650
  3894     013E                     u2651:
  3895     013E  2942               	goto	l352
  3896     013F                     u2650:
  3897     013F                     l353:	
  3898                           ;main.c: 309:     do { LATAbits.LATA0 = 0; } while(0);
  3899                           
  3900     013F  0022               	movlb	2	; select bank2
  3901     0140  100C               	bcf	12,0	;volatile
  3902     0141  287F               	goto	l2206
  3903     0142                     l352:
  3904     0142  1D3F               	btfss	_csFlag,2
  3905     0143  2945               	goto	u2661
  3906     0144  2946               	goto	u2660
  3907     0145                     u2661:
  3908     0145  2955               	goto	l356
  3909     0146                     u2660:
  3910     0146                     l2280:
  3911     0146  19BF               	btfsc	_csFlag,3
  3912     0147  2949               	goto	u2671
  3913     0148  294A               	goto	u2670
  3914     0149                     u2671:
  3915     0149  2955               	goto	l356
  3916     014A                     u2670:
  3917     014A                     l2282:
  3918     014A  1E3F               	btfss	_csFlag,4
  3919     014B  294D               	goto	u2681
  3920     014C  294E               	goto	u2680
  3921     014D                     u2681:
  3922     014D  2955               	goto	l356
  3923     014E                     u2680:
  3924     014E                     l2284:
  3925     014E  1ABF               	btfsc	_csFlag,5
  3926     014F  2951               	goto	u2691
  3927     0150  2952               	goto	u2690
  3928     0151                     u2691:
  3929     0151  2955               	goto	l356
  3930     0152                     u2690:
  3931     0152                     l357:	
  3932                           ;main.c: 313:     do { LATAbits.LATA0 = 0; } while(0);
  3933                           
  3934     0152  0022               	movlb	2	; select bank2
  3935     0153  100C               	bcf	12,0	;volatile
  3936     0154  28AC               	goto	l2222
  3937     0155                     l356:
  3938     0155  1D3F               	btfss	_csFlag,2
  3939     0156  2958               	goto	u2701
  3940     0157  2959               	goto	u2700
  3941     0158                     u2701:
  3942     0158  2968               	goto	l360
  3943     0159                     u2700:
  3944     0159                     l2288:
  3945     0159  19BF               	btfsc	_csFlag,3
  3946     015A  295C               	goto	u2711
  3947     015B  295D               	goto	u2710
  3948     015C                     u2711:
  3949     015C  2968               	goto	l360
  3950     015D                     u2710:
  3951     015D                     l2290:
  3952     015D  1E3F               	btfss	_csFlag,4
  3953     015E  2960               	goto	u2721
  3954     015F  2961               	goto	u2720
  3955     0160                     u2721:
  3956     0160  2968               	goto	l360
  3957     0161                     u2720:
  3958     0161                     l2292:
  3959     0161  1EBF               	btfss	_csFlag,5
  3960     0162  2964               	goto	u2731
  3961     0163  2965               	goto	u2730
  3962     0164                     u2731:
  3963     0164  2968               	goto	l360
  3964     0165                     u2730:
  3965     0165                     l361:	
  3966                           ;main.c: 317:     do { LATAbits.LATA0 = 0; } while(0);
  3967                           
  3968     0165  0022               	movlb	2	; select bank2
  3969     0166  100C               	bcf	12,0	;volatile
  3970     0167  28AC               	goto	l2222
  3971     0168                     l360:
  3972     0168  1D3F               	btfss	_csFlag,2
  3973     0169  296B               	goto	u2741
  3974     016A  296C               	goto	u2740
  3975     016B                     u2741:
  3976     016B  297B               	goto	l364
  3977     016C                     u2740:
  3978     016C                     l2296:
  3979     016C  1DBF               	btfss	_csFlag,3
  3980     016D  296F               	goto	u2751
  3981     016E  2970               	goto	u2750
  3982     016F                     u2751:
  3983     016F  297B               	goto	l364
  3984     0170                     u2750:
  3985     0170                     l2298:
  3986     0170  1A3F               	btfsc	_csFlag,4
  3987     0171  2973               	goto	u2761
  3988     0172  2974               	goto	u2760
  3989     0173                     u2761:
  3990     0173  297B               	goto	l364
  3991     0174                     u2760:
  3992     0174                     l2300:
  3993     0174  1ABF               	btfsc	_csFlag,5
  3994     0175  2977               	goto	u2771
  3995     0176  2978               	goto	u2770
  3996     0177                     u2771:
  3997     0177  297B               	goto	l364
  3998     0178                     u2770:
  3999     0178                     l365:	
  4000                           ;main.c: 321:     do { LATAbits.LATA0 = 1; } while(0);
  4001                           
  4002     0178  0022               	movlb	2	; select bank2
  4003     0179  140C               	bsf	12,0	;volatile
  4004     017A  28DA               	goto	l2238
  4005     017B                     l364:
  4006     017B  1D3F               	btfss	_csFlag,2
  4007     017C  297E               	goto	u2781
  4008     017D  297F               	goto	u2780
  4009     017E                     u2781:
  4010     017E  298E               	goto	l368
  4011     017F                     u2780:
  4012     017F                     l2304:
  4013     017F  1DBF               	btfss	_csFlag,3
  4014     0180  2982               	goto	u2791
  4015     0181  2983               	goto	u2790
  4016     0182                     u2791:
  4017     0182  298E               	goto	l368
  4018     0183                     u2790:
  4019     0183                     l2306:
  4020     0183  1A3F               	btfsc	_csFlag,4
  4021     0184  2986               	goto	u2801
  4022     0185  2987               	goto	u2800
  4023     0186                     u2801:
  4024     0186  298E               	goto	l368
  4025     0187                     u2800:
  4026     0187                     l2308:
  4027     0187  1EBF               	btfss	_csFlag,5
  4028     0188  298A               	goto	u2811
  4029     0189  298B               	goto	u2810
  4030     018A                     u2811:
  4031     018A  298E               	goto	l368
  4032     018B                     u2810:
  4033     018B                     l369:	
  4034                           ;main.c: 325:     do { LATAbits.LATA0 = 1; } while(0);
  4035                           
  4036     018B  0022               	movlb	2	; select bank2
  4037     018C  140C               	bsf	12,0	;volatile
  4038     018D  28DA               	goto	l2238
  4039     018E                     l368:
  4040     018E  1D3F               	btfss	_csFlag,2
  4041     018F  2991               	goto	u2821
  4042     0190  2992               	goto	u2820
  4043     0191                     u2821:
  4044     0191  29A1               	goto	l372
  4045     0192                     u2820:
  4046     0192                     l2312:
  4047     0192  1DBF               	btfss	_csFlag,3
  4048     0193  2995               	goto	u2831
  4049     0194  2996               	goto	u2830
  4050     0195                     u2831:
  4051     0195  29A1               	goto	l372
  4052     0196                     u2830:
  4053     0196                     l2314:
  4054     0196  1E3F               	btfss	_csFlag,4
  4055     0197  2999               	goto	u2841
  4056     0198  299A               	goto	u2840
  4057     0199                     u2841:
  4058     0199  29A1               	goto	l372
  4059     019A                     u2840:
  4060     019A                     l2316:
  4061     019A  1ABF               	btfsc	_csFlag,5
  4062     019B  299D               	goto	u2851
  4063     019C  299E               	goto	u2850
  4064     019D                     u2851:
  4065     019D  29A1               	goto	l372
  4066     019E                     u2850:
  4067     019E                     l373:	
  4068                           ;main.c: 329:     do { LATAbits.LATA0 = 1; } while(0);
  4069                           
  4070     019E  0022               	movlb	2	; select bank2
  4071     019F  140C               	bsf	12,0	;volatile
  4072     01A0  28DA               	goto	l2238
  4073     01A1                     l372:
  4074     01A1  1D3F               	btfss	_csFlag,2
  4075     01A2  29A4               	goto	u2861
  4076     01A3  29A5               	goto	u2860
  4077     01A4                     u2861:
  4078     01A4  29B4               	goto	l367
  4079     01A5                     u2860:
  4080     01A5                     l2320:
  4081     01A5  1DBF               	btfss	_csFlag,3
  4082     01A6  29A8               	goto	u2871
  4083     01A7  29A9               	goto	u2870
  4084     01A8                     u2871:
  4085     01A8  29B4               	goto	l367
  4086     01A9                     u2870:
  4087     01A9                     l2322:
  4088     01A9  1E3F               	btfss	_csFlag,4
  4089     01AA  29AC               	goto	u2881
  4090     01AB  29AD               	goto	u2880
  4091     01AC                     u2881:
  4092     01AC  29B4               	goto	l367
  4093     01AD                     u2880:
  4094     01AD                     l2324:
  4095     01AD  1EBF               	btfss	_csFlag,5
  4096     01AE  29B0               	goto	u2891
  4097     01AF  29B1               	goto	u2890
  4098     01B0                     u2891:
  4099     01B0  29B4               	goto	l367
  4100     01B1                     u2890:
  4101     01B1                     l377:	
  4102                           ;main.c: 333:     do { LATAbits.LATA0 = 1; } while(0);
  4103                           
  4104     01B1  0022               	movlb	2	; select bank2
  4105     01B2  140C               	bsf	12,0	;volatile
  4106     01B3  28DA               	goto	l2238
  4107     01B4                     l367:
  4108     01B4                     l2328:
  4109                           
  4110                           ;main.c: 337:   for (uint8_t i = 0; i < 11; i++) {
  4111     01B4  0020               	movlb	0	; select bank0
  4112     01B5  01CA               	clrf	LED_output@i
  4113     01B6                     l2334:
  4114                           
  4115                           ;main.c: 338:     data_buf[i] = 0;
  4116     01B6  084A               	movf	LED_output@i,w
  4117     01B7  3E20               	addlw	(low (_data_buf| 0))& (0+255)
  4118     01B8  0086               	movwf	6
  4119     01B9  0187               	clrf	7
  4120     01BA  0181               	clrf	1
  4121     01BB                     l2336:
  4122                           
  4123                           ;main.c: 339:   }
  4124     01BB  3001               	movlw	1
  4125     01BC  00C8               	movwf	??_LED_output
  4126     01BD  0848               	movf	??_LED_output,w
  4127     01BE  07CA               	addwf	LED_output@i,f
  4128     01BF                     l2338:
  4129     01BF  300B               	movlw	11
  4130     01C0  024A               	subwf	LED_output@i,w
  4131     01C1  1C03               	skipc
  4132     01C2  29C4               	goto	u2901
  4133     01C3  29C5               	goto	u2900
  4134     01C4                     u2901:
  4135     01C4  29B6               	goto	l2334
  4136     01C5                     u2900:
  4137     01C5                     l307:
  4138     01C5  0008               	return
  4139     01C6                     __end_of_LED_output:
  4140                           
  4141                           	psect	text14
  4142     036B                     __ptext14:	
  4143 ;; *************** function _Exception_handling *****************
  4144 ;; Defined at:
  4145 ;;		line 233 in file "main.c"
  4146 ;; Parameters:    Size  Location     Type
  4147 ;;		None
  4148 ;; Auto vars:     Size  Location     Type
  4149 ;;		None
  4150 ;; Return value:  Size  Location     Type
  4151 ;;                  1    wreg      void 
  4152 ;; Registers used:
  4153 ;;		wreg, status,2, status,0, pclath, cstack
  4154 ;; Tracked objects:
  4155 ;;		On entry : 0/0
  4156 ;;		On exit  : 0/0
  4157 ;;		Unchanged: 0/0
  4158 ;; Data sizes:     COMMON   BANK0   BANK1   BANK2   BANK3   BANK4   BANK5   BANK6
  4159 ;;      Params:         0       0       0       0       0       0       0       0
  4160 ;;      Locals:         0       0       0       0       0       0       0       0
  4161 ;;      Temps:          0       0       0       0       0       0       0       0
  4162 ;;      Totals:         0       0       0       0       0       0       0       0
  4163 ;;Total ram usage:        0 bytes
  4164 ;; Hardware stack levels used: 1
  4165 ;; Hardware stack levels required when called: 5
  4166 ;; This function calls:
  4167 ;;		_EPWM2_LoadDutyValue
  4168 ;; This function is called by:
  4169 ;;		_main
  4170 ;; This function uses a non-reentrant model
  4171 ;;
  4172                           
  4173     036B                     _Exception_handling:	
  4174                           ;psect for function _Exception_handling
  4175                           
  4176     036B                     l2158:	
  4177                           ;incstack = 0
  4178                           ; Regs used in _Exception_handling: [wreg+status,2+status,0+pclath+cstack]
  4179                           
  4180                           
  4181                           ;main.c: 234:   if ((data_buf[2] == 6) && (data_buf[10] == 0xD5)) {
  4182     036B  3006               	movlw	6
  4183     036C  0020               	movlb	0	; select bank0
  4184     036D  0622               	xorwf	_data_buf+2,w
  4185     036E  1D03               	btfss	3,2
  4186     036F  2B71               	goto	u2181
  4187     0370  2B72               	goto	u2180
  4188     0371                     u2181:
  4189     0371  2B88               	goto	l2170
  4190     0372                     u2180:
  4191     0372                     l2160:
  4192     0372  30D5               	movlw	213
  4193     0373  062A               	xorwf	_data_buf+10,w
  4194     0374  1D03               	btfss	3,2
  4195     0375  2B77               	goto	u2191
  4196     0376  2B78               	goto	u2190
  4197     0377                     u2191:
  4198     0377  2B88               	goto	l2170
  4199     0378                     u2190:
  4200     0378                     l2162:
  4201                           
  4202                           ;main.c: 235:     fException = 1;
  4203     0378  01BD               	clrf	_fException
  4204     0379  0ABD               	incf	_fException,f
  4205     037A                     l294:	
  4206                           ;main.c: 236:     do { LATAbits.LATA3 = 1; } while(0);
  4207                           
  4208     037A  0022               	movlb	2	; select bank2
  4209     037B  158C               	bsf	12,3	;volatile
  4210     037C                     l2164:
  4211                           
  4212                           ;main.c: 237:     EPWM2_LoadDutyValue((0));
  4213     037C  3000               	movlw	0
  4214     037D  0020               	movlb	0	; select bank0
  4215     037E  00C4               	movwf	EPWM2_LoadDutyValue@dutyValue
  4216     037F  00C5               	movwf	EPWM2_LoadDutyValue@dutyValue+1
  4217     0380  3183  23F7  3183   	fcall	_EPWM2_LoadDutyValue
  4218     0383                     l2166:
  4219     0383  0022               	movlb	2	; select bank2
  4220     0384  100C               	bcf	12,0	;volatile
  4221     0385                     l2168:
  4222                           
  4223                           ;main.c: 239:     T10MS_CNT = 0;
  4224     0385  0020               	movlb	0	; select bank0
  4225     0386  01BE               	clrf	_T10MS_CNT	;volatile
  4226                           
  4227                           ;main.c: 240:   } else if ((data_buf[2] == 2) && (data_buf[10] == 0xB4)) {
  4228     0387  2BA8               	goto	l303
  4229     0388                     l2170:
  4230     0388  3002               	movlw	2
  4231     0389  0622               	xorwf	_data_buf+2,w
  4232     038A  1D03               	btfss	3,2
  4233     038B  2B8D               	goto	u2201
  4234     038C  2B8E               	goto	u2200
  4235     038D                     u2201:
  4236     038D  2BA7               	goto	l2180
  4237     038E                     u2200:
  4238     038E                     l2172:
  4239     038E  30B4               	movlw	180
  4240     038F  062A               	xorwf	_data_buf+10,w
  4241     0390  1D03               	btfss	3,2
  4242     0391  2B93               	goto	u2211
  4243     0392  2B94               	goto	u2210
  4244     0393                     u2211:
  4245     0393  2BA7               	goto	l2180
  4246     0394                     u2210:
  4247     0394                     l2174:
  4248                           
  4249                           ;main.c: 241:     fException = 1;
  4250     0394  01BD               	clrf	_fException
  4251     0395  0ABD               	incf	_fException,f
  4252     0396                     l300:	
  4253                           ;main.c: 242:     do { LATAbits.LATA3 = 0; } while(0);
  4254                           
  4255     0396  0022               	movlb	2	; select bank2
  4256     0397  118C               	bcf	12,3	;volatile
  4257     0398                     l2176:
  4258                           
  4259                           ;main.c: 243:     EPWM2_LoadDutyValue((0));
  4260     0398  3000               	movlw	0
  4261     0399  0020               	movlb	0	; select bank0
  4262     039A  00C4               	movwf	EPWM2_LoadDutyValue@dutyValue
  4263     039B  00C5               	movwf	EPWM2_LoadDutyValue@dutyValue+1
  4264     039C  3183  23F7  3183   	fcall	_EPWM2_LoadDutyValue
  4265                           
  4266                           ;main.c: 244:     EPWM2_LoadDutyValue((0));;
  4267     039F  3000               	movlw	0
  4268     03A0  0020               	movlb	0	; select bank0
  4269     03A1  00C4               	movwf	EPWM2_LoadDutyValue@dutyValue
  4270     03A2  00C5               	movwf	EPWM2_LoadDutyValue@dutyValue+1
  4271     03A3  3183  23F7  3183   	fcall	_EPWM2_LoadDutyValue
  4272     03A6  2B85               	goto	l2168
  4273     03A7                     l2180:
  4274                           
  4275                           ;main.c: 247:     fException = 0;
  4276     03A7  01BD               	clrf	_fException
  4277     03A8                     l303:
  4278     03A8  0008               	return
  4279     03A9                     __end_of_Exception_handling:
  4280                           
  4281                           	psect	text15
  4282     03F7                     __ptext15:	
  4283 ;; *************** function _EPWM2_LoadDutyValue *****************
  4284 ;; Defined at:
  4285 ;;		line 90 in file "mcc_generated_files/epwm2.c"
  4286 ;; Parameters:    Size  Location     Type
  4287 ;;  dutyValue       2    0[BANK0 ] unsigned short 
  4288 ;; Auto vars:     Size  Location     Type
  4289 ;;		None
  4290 ;; Return value:  Size  Location     Type
  4291 ;;                  1    wreg      void 
  4292 ;; Registers used:
  4293 ;;		wreg, status,2, status,0
  4294 ;; Tracked objects:
  4295 ;;		On entry : 0/0
  4296 ;;		On exit  : 0/0
  4297 ;;		Unchanged: 0/0
  4298 ;; Data sizes:     COMMON   BANK0   BANK1   BANK2   BANK3   BANK4   BANK5   BANK6
  4299 ;;      Params:         0       2       0       0       0       0       0       0
  4300 ;;      Locals:         0       0       0       0       0       0       0       0
  4301 ;;      Temps:          0       2       0       0       0       0       0       0
  4302 ;;      Totals:         0       4       0       0       0       0       0       0
  4303 ;;Total ram usage:        4 bytes
  4304 ;; Hardware stack levels used: 1
  4305 ;; Hardware stack levels required when called: 4
  4306 ;; This function calls:
  4307 ;;		Nothing
  4308 ;; This function is called by:
  4309 ;;		_Exception_handling
  4310 ;;		_LED_output
  4311 ;;		_main
  4312 ;; This function uses a non-reentrant model
  4313 ;;
  4314                           
  4315     03F7                     _EPWM2_LoadDutyValue:	
  4316                           ;psect for function _EPWM2_LoadDutyValue
  4317                           
  4318     03F7                     l2154:	
  4319                           ;incstack = 0
  4320                           ; Regs used in _EPWM2_LoadDutyValue: [wreg+status,2+status,0]
  4321                           
  4322                           
  4323                           ;mcc_generated_files/epwm2.c: 90: void EPWM2_LoadDutyValue(uint16_t dutyValue);mcc_gener
      +                          ated_files/epwm2.c: 91: {;mcc_generated_files/epwm2.c: 93:     CCPR2L = ((dutyValue & 0x
      +                          03FC)>>2);
  4324     03F7  0020               	movlb	0	; select bank0
  4325     03F8  0845               	movf	EPWM2_LoadDutyValue@dutyValue+1,w
  4326     03F9  00C7               	movwf	??_EPWM2_LoadDutyValue+1
  4327     03FA  0844               	movf	EPWM2_LoadDutyValue@dutyValue,w
  4328     03FB  00C6               	movwf	??_EPWM2_LoadDutyValue
  4329     03FC  36C7               	lsrf	??_EPWM2_LoadDutyValue+1,f
  4330     03FD  0CC6               	rrf	??_EPWM2_LoadDutyValue,f
  4331     03FE  36C7               	lsrf	??_EPWM2_LoadDutyValue+1,f
  4332     03FF  0CC6               	rrf	??_EPWM2_LoadDutyValue,f
  4333     0400  0846               	movf	??_EPWM2_LoadDutyValue,w
  4334     0401  0025               	movlb	5	; select bank5
  4335     0402  0098               	movwf	24	;volatile
  4336                           
  4337                           ;mcc_generated_files/epwm2.c: 96:     CCP2CON = (uint8_t)((CCP2CON & 0xCF) | ((dutyValue
      +                           & 0x0003)<<4));
  4338     0403  0020               	movlb	0	; select bank0
  4339     0404  0844               	movf	EPWM2_LoadDutyValue@dutyValue,w
  4340     0405  3903               	andlw	3
  4341     0406  00C6               	movwf	??_EPWM2_LoadDutyValue
  4342     0407  3004               	movlw	4
  4343     0408                     u2175:
  4344     0408  35C6               	lslf	??_EPWM2_LoadDutyValue,f
  4345     0409  0B89               	decfsz	9,f
  4346     040A  2C08               	goto	u2175
  4347     040B  0025               	movlb	5	; select bank5
  4348     040C  081A               	movf	26,w	;volatile
  4349     040D  39CF               	andlw	207
  4350     040E  0020               	movlb	0	; select bank0
  4351     040F  0446               	iorwf	??_EPWM2_LoadDutyValue,w
  4352     0410  0025               	movlb	5	; select bank5
  4353     0411  009A               	movwf	26	;volatile
  4354     0412                     l252:
  4355     0412  0008               	return
  4356     0413                     __end_of_EPWM2_LoadDutyValue:
  4357                           
  4358                           	psect	intentry
  4359     0004                     __pintentry:	
  4360 ;; *************** function _INTERRUPT_InterruptManager *****************
  4361 ;; Defined at:
  4362 ;;		line 52 in file "mcc_generated_files/interrupt_manager.c"
  4363 ;; Parameters:    Size  Location     Type
  4364 ;;		None
  4365 ;; Auto vars:     Size  Location     Type
  4366 ;;		None
  4367 ;; Return value:  Size  Location     Type
  4368 ;;                  1    wreg      void 
  4369 ;; Registers used:
  4370 ;;		wreg, status,2, status,0, pclath, cstack
  4371 ;; Tracked objects:
  4372 ;;		On entry : 0/0
  4373 ;;		On exit  : 0/0
  4374 ;;		Unchanged: 0/0
  4375 ;; Data sizes:     COMMON   BANK0   BANK1   BANK2   BANK3   BANK4   BANK5   BANK6
  4376 ;;      Params:         0       0       0       0       0       0       0       0
  4377 ;;      Locals:         0       0       0       0       0       0       0       0
  4378 ;;      Temps:          0       0       0       0       0       0       0       0
  4379 ;;      Totals:         0       0       0       0       0       0       0       0
  4380 ;;Total ram usage:        0 bytes
  4381 ;; Hardware stack levels used: 1
  4382 ;; Hardware stack levels required when called: 3
  4383 ;; This function calls:
  4384 ;;		_ECCP3_CaptureISR
  4385 ;;		_TMR0_ISR
  4386 ;; This function is called by:
  4387 ;;		Interrupt level 1
  4388 ;; This function uses a non-reentrant model
  4389 ;;
  4390                           
  4391     0004                     _INTERRUPT_InterruptManager:
  4392                           
  4393                           ;incstack = 0
  4394     0004  147E               	bsf	int$flags,0	;set compiler interrupt flag (level 1)
  4395                           
  4396                           ; Regs used in _INTERRUPT_InterruptManager: [wreg+status,2+status,0+pclath+cstack]
  4397     0005  3180               	pagesel	$
  4398     0006                     i1l2028:
  4399                           
  4400                           ;mcc_generated_files/interrupt_manager.c: 55:     if(INTCONbits.TMR0IE == 1 && INTCONbit
      +                          s.TMR0IF == 1)
  4401     0006  1E8B               	btfss	11,5	;volatile
  4402     0007  2809               	goto	u209_21
  4403     0008  280A               	goto	u209_20
  4404     0009                     u209_21:
  4405     0009  2812               	goto	i1l53
  4406     000A                     u209_20:
  4407     000A                     i1l2030:
  4408     000A  1D0B               	btfss	11,2	;volatile
  4409     000B  280D               	goto	u210_21
  4410     000C  280E               	goto	u210_20
  4411     000D                     u210_21:
  4412     000D  2812               	goto	i1l53
  4413     000E                     u210_20:
  4414     000E                     i1l2032:
  4415                           
  4416                           ;mcc_generated_files/interrupt_manager.c: 56:     {;mcc_generated_files/interrupt_manage
      +                          r.c: 57:         TMR0_ISR();
  4417     000E  3184  242C  3180   	fcall	_TMR0_ISR
  4418                           
  4419                           ;mcc_generated_files/interrupt_manager.c: 58:     }
  4420     0011  2824               	goto	i1l59
  4421     0012                     i1l53:	
  4422                           ;mcc_generated_files/interrupt_manager.c: 59:     else if(INTCONbits.PEIE == 1)
  4423                           
  4424     0012  1F0B               	btfss	11,6	;volatile
  4425     0013  2815               	goto	u211_21
  4426     0014  2816               	goto	u211_20
  4427     0015                     u211_21:
  4428     0015  2824               	goto	i1l59
  4429     0016                     u211_20:
  4430     0016                     i1l2034:
  4431                           
  4432                           ;mcc_generated_files/interrupt_manager.c: 60:     {;mcc_generated_files/interrupt_manage
      +                          r.c: 61:         if(PIE3bits.CCP3IE == 1 && PIR3bits.CCP3IF == 1)
  4433     0016  0021               	movlb	1	; select bank1
  4434     0017  1E13               	btfss	19,4	;volatile
  4435     0018  281A               	goto	u212_21
  4436     0019  281B               	goto	u212_20
  4437     001A                     u212_21:
  4438     001A  2824               	goto	i1l58
  4439     001B                     u212_20:
  4440     001B                     i1l2036:
  4441     001B  0020               	movlb	0	; select bank0
  4442     001C  1E13               	btfss	19,4	;volatile
  4443     001D  281F               	goto	u213_21
  4444     001E  2820               	goto	u213_20
  4445     001F                     u213_21:
  4446     001F  2824               	goto	i1l58
  4447     0020                     u213_20:
  4448     0020                     i1l2038:
  4449                           
  4450                           ;mcc_generated_files/interrupt_manager.c: 62:         {;mcc_generated_files/interrupt_ma
      +                          nager.c: 63:             ECCP3_CaptureISR();
  4451     0020  3184  2467  3180   	fcall	_ECCP3_CaptureISR
  4452                           
  4453                           ;mcc_generated_files/interrupt_manager.c: 64:         }
  4454     0023  2824               	goto	i1l59
  4455     0024                     i1l58:	
  4456                           ;mcc_generated_files/interrupt_manager.c: 71:     {;mcc_generated_files/interrupt_manage
      +                          r.c: 73:     }
  4457                           
  4458     0024                     i1l59:
  4459     0024  107E               	bcf	int$flags,0	;clear compiler interrupt flag (level 1)
  4460     0025  0009               	retfie
  4461     0026                     __end_of_INTERRUPT_InterruptManager:
  4462                           
  4463                           	psect	text17
  4464     042C                     __ptext17:	
  4465 ;; *************** function _TMR0_ISR *****************
  4466 ;; Defined at:
  4467 ;;		line 108 in file "mcc_generated_files/tmr0.c"
  4468 ;; Parameters:    Size  Location     Type
  4469 ;;		None
  4470 ;; Auto vars:     Size  Location     Type
  4471 ;;		None
  4472 ;; Return value:  Size  Location     Type
  4473 ;;                  1    wreg      void 
  4474 ;; Registers used:
  4475 ;;		wreg, status,2, status,0, pclath, cstack
  4476 ;; Tracked objects:
  4477 ;;		On entry : 0/0
  4478 ;;		On exit  : 0/0
  4479 ;;		Unchanged: 0/0
  4480 ;; Data sizes:     COMMON   BANK0   BANK1   BANK2   BANK3   BANK4   BANK5   BANK6
  4481 ;;      Params:         0       0       0       0       0       0       0       0
  4482 ;;      Locals:         0       0       0       0       0       0       0       0
  4483 ;;      Temps:          0       0       0       0       0       0       0       0
  4484 ;;      Totals:         0       0       0       0       0       0       0       0
  4485 ;;Total ram usage:        0 bytes
  4486 ;; Hardware stack levels used: 1
  4487 ;; Hardware stack levels required when called: 2
  4488 ;; This function calls:
  4489 ;;		_TMR0_CallBack
  4490 ;; This function is called by:
  4491 ;;		_INTERRUPT_InterruptManager
  4492 ;; This function uses a non-reentrant model
  4493 ;;
  4494                           
  4495     042C                     _TMR0_ISR:	
  4496                           ;psect for function _TMR0_ISR
  4497                           
  4498     042C                     i1l1754:	
  4499                           ;incstack = 0
  4500                           ; Regs used in _TMR0_ISR: [wreg+status,2+status,0+pclath+cstack]
  4501                           
  4502                           
  4503                           ;mcc_generated_files/tmr0.c: 110:     static volatile uint16_t CountCallBack = 0;;mcc_ge
      +                          nerated_files/tmr0.c: 113:     INTCONbits.TMR0IF = 0;
  4504     042C  110B               	bcf	11,2	;volatile
  4505     042D                     i1l1756:
  4506                           
  4507                           ;mcc_generated_files/tmr0.c: 115:     TMR0 = timer0ReloadVal;
  4508     042D  0875               	movf	_timer0ReloadVal,w	;volatile
  4509     042E  0020               	movlb	0	; select bank0
  4510     042F  0095               	movwf	21	;volatile
  4511                           
  4512                           ;mcc_generated_files/tmr0.c: 118:     if (++CountCallBack >= 10)
  4513     0430  3001               	movlw	1
  4514     0431  07B1               	addwf	TMR0_ISR@CountCallBack,f	;volatile
  4515     0432  3000               	movlw	0
  4516     0433  3DB2               	addwfc	TMR0_ISR@CountCallBack+1,f	;volatile
  4517     0434  3000               	movlw	0
  4518     0435  0232               	subwf	TMR0_ISR@CountCallBack+1,w	;volatile
  4519     0436  300A               	movlw	10
  4520     0437  1903               	skipnz
  4521     0438  0231               	subwf	TMR0_ISR@CountCallBack,w	;volatile
  4522     0439  1C03               	skipc
  4523     043A  2C3C               	goto	u125_21
  4524     043B  2C3D               	goto	u125_20
  4525     043C                     u125_21:
  4526     043C  2C43               	goto	i1l172
  4527     043D                     u125_20:
  4528     043D                     i1l1758:
  4529                           
  4530                           ;mcc_generated_files/tmr0.c: 119:     {;mcc_generated_files/tmr0.c: 121:         TMR0_Ca
      +                          llBack();
  4531     043D  3184  2490  3184   	fcall	_TMR0_CallBack
  4532     0440                     i1l1760:
  4533                           
  4534                           ;mcc_generated_files/tmr0.c: 124:         CountCallBack = 0;
  4535     0440  0020               	movlb	0	; select bank0
  4536     0441  01B1               	clrf	TMR0_ISR@CountCallBack	;volatile
  4537     0442  01B2               	clrf	TMR0_ISR@CountCallBack+1	;volatile
  4538     0443                     i1l172:
  4539     0443  0008               	return
  4540     0444                     __end_of_TMR0_ISR:
  4541                           
  4542                           	psect	text18
  4543     0490                     __ptext18:	
  4544 ;; *************** function _TMR0_CallBack *****************
  4545 ;; Defined at:
  4546 ;;		line 130 in file "mcc_generated_files/tmr0.c"
  4547 ;; Parameters:    Size  Location     Type
  4548 ;;		None
  4549 ;; Auto vars:     Size  Location     Type
  4550 ;;		None
  4551 ;; Return value:  Size  Location     Type
  4552 ;;                  1    wreg      void 
  4553 ;; Registers used:
  4554 ;;		wreg, status,2, status,0, pclath, cstack
  4555 ;; Tracked objects:
  4556 ;;		On entry : 0/0
  4557 ;;		On exit  : 0/0
  4558 ;;		Unchanged: 0/0
  4559 ;; Data sizes:     COMMON   BANK0   BANK1   BANK2   BANK3   BANK4   BANK5   BANK6
  4560 ;;      Params:         0       0       0       0       0       0       0       0
  4561 ;;      Locals:         0       0       0       0       0       0       0       0
  4562 ;;      Temps:          0       0       0       0       0       0       0       0
  4563 ;;      Totals:         0       0       0       0       0       0       0       0
  4564 ;;Total ram usage:        0 bytes
  4565 ;; Hardware stack levels used: 1
  4566 ;; Hardware stack levels required when called: 1
  4567 ;; This function calls:
  4568 ;;		NULL
  4569 ;;		_TMR0_DefaultInterruptHandler
  4570 ;;		_TMR0_EvenHandler
  4571 ;; This function is called by:
  4572 ;;		_TMR0_ISR
  4573 ;; This function uses a non-reentrant model
  4574 ;;
  4575                           
  4576     0490                     _TMR0_CallBack:	
  4577                           ;psect for function _TMR0_CallBack
  4578                           
  4579     0490                     i1l1692:	
  4580                           ;incstack = 0
  4581                           ; Regs used in _TMR0_CallBack: [wreg+status,2+status,0+pclath+cstack]
  4582                           
  4583                           
  4584                           ;mcc_generated_files/tmr0.c: 134:     if(TMR0_InterruptHandler)
  4585     0490  0020               	movlb	0	; select bank0
  4586     0491  0833               	movf	_TMR0_InterruptHandler,w
  4587     0492  0434               	iorwf	_TMR0_InterruptHandler+1,w
  4588     0493  1903               	btfsc	3,2
  4589     0494  2C96               	goto	u111_21
  4590     0495  2C97               	goto	u111_20
  4591     0496                     u111_21:
  4592     0496  2C9C               	goto	i1l176
  4593     0497                     u111_20:
  4594     0497                     i1l1694:
  4595                           
  4596                           ;mcc_generated_files/tmr0.c: 135:     {;mcc_generated_files/tmr0.c: 136:         TMR0_In
      +                          terruptHandler();
  4597     0497  0834               	movf	_TMR0_InterruptHandler+1,w
  4598     0498  008A               	movwf	10
  4599     0499  0833               	movf	_TMR0_InterruptHandler,w
  4600     049A  000A               	callw
  4601     049B  3184               	pagesel	$
  4602     049C                     i1l176:
  4603     049C  0008               	return
  4604     049D                     __end_of_TMR0_CallBack:
  4605                           
  4606                           	psect	text19
  4607     04D1                     __ptext19:	
  4608 ;; *************** function _TMR0_DefaultInterruptHandler *****************
  4609 ;; Defined at:
  4610 ;;		line 144 in file "mcc_generated_files/tmr0.c"
  4611 ;; Parameters:    Size  Location     Type
  4612 ;;		None
  4613 ;; Auto vars:     Size  Location     Type
  4614 ;;		None
  4615 ;; Return value:  Size  Location     Type
  4616 ;;                  1    wreg      void 
  4617 ;; Registers used:
  4618 ;;		None
  4619 ;; Tracked objects:
  4620 ;;		On entry : 0/0
  4621 ;;		On exit  : 0/0
  4622 ;;		Unchanged: 0/0
  4623 ;; Data sizes:     COMMON   BANK0   BANK1   BANK2   BANK3   BANK4   BANK5   BANK6
  4624 ;;      Params:         0       0       0       0       0       0       0       0
  4625 ;;      Locals:         0       0       0       0       0       0       0       0
  4626 ;;      Temps:          0       0       0       0       0       0       0       0
  4627 ;;      Totals:         0       0       0       0       0       0       0       0
  4628 ;;Total ram usage:        0 bytes
  4629 ;; Hardware stack levels used: 1
  4630 ;; This function calls:
  4631 ;;		Nothing
  4632 ;; This function is called by:
  4633 ;;		_TMR0_Initialize
  4634 ;;		_TMR0_CallBack
  4635 ;; This function uses a non-reentrant model
  4636 ;;
  4637                           
  4638     04D1                     _TMR0_DefaultInterruptHandler:	
  4639                           ;psect for function _TMR0_DefaultInterruptHandler
  4640                           
  4641     04D1                     i1l182:	
  4642                           ;incstack = 0
  4643                           ; Regs used in _TMR0_DefaultInterruptHandler: []
  4644                           
  4645     04D1  0008               	return
  4646     04D2                     __end_of_TMR0_DefaultInterruptHandler:
  4647                           
  4648                           	psect	text20
  4649     0458                     __ptext20:	
  4650 ;; *************** function _TMR0_EvenHandler *****************
  4651 ;; Defined at:
  4652 ;;		line 544 in file "main.c"
  4653 ;; Parameters:    Size  Location     Type
  4654 ;;		None
  4655 ;; Auto vars:     Size  Location     Type
  4656 ;;		None
  4657 ;; Return value:  Size  Location     Type
  4658 ;;                  1    wreg      void 
  4659 ;; Registers used:
  4660 ;;		wreg, status,2, status,0
  4661 ;; Tracked objects:
  4662 ;;		On entry : 0/0
  4663 ;;		On exit  : 0/0
  4664 ;;		Unchanged: 0/0
  4665 ;; Data sizes:     COMMON   BANK0   BANK1   BANK2   BANK3   BANK4   BANK5   BANK6
  4666 ;;      Params:         0       0       0       0       0       0       0       0
  4667 ;;      Locals:         0       0       0       0       0       0       0       0
  4668 ;;      Temps:          1       0       0       0       0       0       0       0
  4669 ;;      Totals:         1       0       0       0       0       0       0       0
  4670 ;;Total ram usage:        1 bytes
  4671 ;; Hardware stack levels used: 1
  4672 ;; This function calls:
  4673 ;;		Nothing
  4674 ;; This function is called by:
  4675 ;;		_main
  4676 ;;		_TMR0_CallBack
  4677 ;; This function uses a non-reentrant model
  4678 ;;
  4679                           
  4680     0458                     _TMR0_EvenHandler:	
  4681                           ;psect for function _TMR0_EvenHandler
  4682                           
  4683     0458                     i1l1604:	
  4684                           ;incstack = 0
  4685                           ; Regs used in _TMR0_EvenHandler: [wreg+status,2+status,0]
  4686                           
  4687                           
  4688                           ;main.c: 545:   T10MS_CNT++;
  4689     0458  3001               	movlw	1
  4690     0459  00F6               	movwf	??_TMR0_EvenHandler
  4691     045A  0876               	movf	??_TMR0_EvenHandler,w
  4692     045B  0020               	movlb	0	; select bank0
  4693     045C  07BE               	addwf	_T10MS_CNT,f	;volatile
  4694     045D                     i1l1606:
  4695                           
  4696                           ;main.c: 546:   if (T10MS_CNT >= 200) {
  4697     045D  30C8               	movlw	200
  4698     045E  023E               	subwf	_T10MS_CNT,w	;volatile
  4699     045F  1C03               	skipc
  4700     0460  2C62               	goto	u109_21
  4701     0461  2C63               	goto	u109_20
  4702     0462                     u109_21:
  4703     0462  2C66               	goto	i1l462
  4704     0463                     u109_20:
  4705     0463                     i1l1608:
  4706                           
  4707                           ;main.c: 547:     fException2 = 1;
  4708     0463  01BC               	clrf	_fException2
  4709     0464  0ABC               	incf	_fException2,f
  4710     0465                     i1l1610:
  4711                           
  4712                           ;main.c: 548:     T10MS_CNT = 0;
  4713     0465  01BE               	clrf	_T10MS_CNT	;volatile
  4714     0466                     i1l462:
  4715     0466  0008               	return
  4716     0467                     __end_of_TMR0_EvenHandler:
  4717                           
  4718                           	psect	text21
  4719     0467                     __ptext21:	
  4720 ;; *************** function _ECCP3_CaptureISR *****************
  4721 ;; Defined at:
  4722 ;;		line 80 in file "mcc_generated_files/eccp3.c"
  4723 ;; Parameters:    Size  Location     Type
  4724 ;;		None
  4725 ;; Auto vars:     Size  Location     Type
  4726 ;;  module          2    4[COMMON] struct CCPR3Reg_tag
  4727 ;; Return value:  Size  Location     Type
  4728 ;;                  1    wreg      void 
  4729 ;; Registers used:
  4730 ;;		wreg, status,2, status,0, pclath, cstack
  4731 ;; Tracked objects:
  4732 ;;		On entry : 0/0
  4733 ;;		On exit  : 0/0
  4734 ;;		Unchanged: 0/0
  4735 ;; Data sizes:     COMMON   BANK0   BANK1   BANK2   BANK3   BANK4   BANK5   BANK6
  4736 ;;      Params:         0       0       0       0       0       0       0       0
  4737 ;;      Locals:         2       0       0       0       0       0       0       0
  4738 ;;      Temps:          0       0       0       0       0       0       0       0
  4739 ;;      Totals:         2       0       0       0       0       0       0       0
  4740 ;;Total ram usage:        2 bytes
  4741 ;; Hardware stack levels used: 1
  4742 ;; Hardware stack levels required when called: 1
  4743 ;; This function calls:
  4744 ;;		_ECCP3_CallBack
  4745 ;; This function is called by:
  4746 ;;		_INTERRUPT_InterruptManager
  4747 ;; This function uses a non-reentrant model
  4748 ;;
  4749                           
  4750     0467                     _ECCP3_CaptureISR:	
  4751                           ;psect for function _ECCP3_CaptureISR
  4752                           
  4753     0467                     i1l1762:	
  4754                           ;incstack = 0
  4755                           ; Regs used in _ECCP3_CaptureISR: [wreg+status,2+status,0+pclath+cstack]
  4756                           
  4757                           
  4758                           ;mcc_generated_files/eccp3.c: 82:     CCP3_PERIOD_REG_T module;;mcc_generated_files/eccp
      +                          3.c: 85:     PIR3bits.CCP3IF = 0;
  4759     0467  0020               	movlb	0	; select bank0
  4760     0468  1213               	bcf	19,4	;volatile
  4761     0469                     i1l1764:
  4762                           
  4763                           ;mcc_generated_files/eccp3.c: 88:     module.ccpr3l = CCPR3L;
  4764     0469  0026               	movlb	6	; select bank6
  4765     046A  0811               	movf	17,w	;volatile
  4766     046B  00FA               	movwf	ECCP3_CaptureISR@module
  4767                           
  4768                           ;mcc_generated_files/eccp3.c: 89:     module.ccpr3h = CCPR3H;
  4769     046C  0812               	movf	18,w	;volatile
  4770     046D  00FB               	movwf	ECCP3_CaptureISR@module+1
  4771     046E                     i1l1766:
  4772                           
  4773                           ;mcc_generated_files/eccp3.c: 92:     ECCP3_CallBack(module.ccpr3_16Bit);
  4774     046E  087B               	movf	ECCP3_CaptureISR@module+1,w
  4775     046F  00F7               	movwf	ECCP3_CallBack@capturedValue+1
  4776     0470  087A               	movf	ECCP3_CaptureISR@module,w
  4777     0471  00F6               	movwf	ECCP3_CallBack@capturedValue
  4778     0472  3181  21C6  3184   	fcall	_ECCP3_CallBack
  4779     0475                     i1l232:
  4780     0475  0008               	return
  4781     0476                     __end_of_ECCP3_CaptureISR:
  4782                           
  4783                           	psect	text22
  4784     01C6                     __ptext22:	
  4785 ;; *************** function _ECCP3_CallBack *****************
  4786 ;; Defined at:
  4787 ;;		line 463 in file "main.c"
  4788 ;; Parameters:    Size  Location     Type
  4789 ;;  capturedValu    2    0[COMMON] unsigned short 
  4790 ;; Auto vars:     Size  Location     Type
  4791 ;;		None
  4792 ;; Return value:  Size  Location     Type
  4793 ;;                  1    wreg      void 
  4794 ;; Registers used:
  4795 ;;		wreg, status,2, status,0
  4796 ;; Tracked objects:
  4797 ;;		On entry : 0/0
  4798 ;;		On exit  : 0/0
  4799 ;;		Unchanged: 0/0
  4800 ;; Data sizes:     COMMON   BANK0   BANK1   BANK2   BANK3   BANK4   BANK5   BANK6
  4801 ;;      Params:         2       0       0       0       0       0       0       0
  4802 ;;      Locals:         0       0       0       0       0       0       0       0
  4803 ;;      Temps:          2       0       0       0       0       0       0       0
  4804 ;;      Totals:         4       0       0       0       0       0       0       0
  4805 ;;Total ram usage:        4 bytes
  4806 ;; Hardware stack levels used: 1
  4807 ;; This function calls:
  4808 ;;		Nothing
  4809 ;; This function is called by:
  4810 ;;		_ECCP3_CaptureISR
  4811 ;; This function uses a non-reentrant model
  4812 ;;
  4813                           
  4814     01C6                     _ECCP3_CallBack:	
  4815                           ;psect for function _ECCP3_CallBack
  4816                           
  4817     01C6                     i1l1696:	
  4818                           ;incstack = 0
  4819                           ; Regs used in _ECCP3_CallBack: [wreg+status,2+status,0]
  4820                           
  4821                           
  4822                           ;main.c: 464:   static uint16_t pluse_width_LO = 0;;main.c: 465:   static uint16_t pluse
      +                          _width_HI = 0;;main.c: 466:   static uint8_t HI_us = 0;;main.c: 467:   static uint8_t LO
      +                          _us = 0;;main.c: 468:   static uint8_t diff_us = 0;;main.c: 469:   static uint16_t falli
      +                          ng_edge_time = 0;;main.c: 470:   static uint16_t rising_edge_time = 0;;main.c: 471:   st
      +                          atic _Bool rise_edge_flag = 0;;main.c: 472:   static _Bool fHead = 0;;main.c: 473:   sta
      +                          tic uint8_t data_cnt = 0;;main.c: 476:   if (CCP3CON == 0x04) {
  4823     01C6  3004               	movlw	4
  4824     01C7  0026               	movlb	6	; select bank6
  4825     01C8  0613               	xorwf	19,w	;volatile
  4826     01C9  1D03               	btfss	3,2
  4827     01CA  29CC               	goto	u112_21
  4828     01CB  29CD               	goto	u112_20
  4829     01CC                     u112_21:
  4830     01CC  2A4D               	goto	i1l1740
  4831     01CD                     u112_20:
  4832     01CD                     i1l1698:
  4833                           
  4834                           ;main.c: 477:     falling_edge_time = capturedValue;
  4835     01CD  0877               	movf	ECCP3_CallBack@capturedValue+1,w
  4836     01CE  00F1               	movwf	ECCP3_CallBack@falling_edge_time+1
  4837     01CF  0876               	movf	ECCP3_CallBack@capturedValue,w
  4838     01D0  00F0               	movwf	ECCP3_CallBack@falling_edge_time
  4839                           
  4840                           ;main.c: 478:     CCP3CON = 0x05;
  4841     01D1  3005               	movlw	5
  4842     01D2  0093               	movwf	19	;volatile
  4843     01D3                     i1l1700:
  4844                           
  4845                           ;main.c: 479:     if (rise_edge_flag == 1) {
  4846     01D3  0020               	movlb	0	; select bank0
  4847     01D4  0339               	decf	ECCP3_CallBack@rise_edge_flag,w
  4848     01D5  1D03               	btfss	3,2
  4849     01D6  29D8               	goto	u113_21
  4850     01D7  29D9               	goto	u113_20
  4851     01D8                     u113_21:
  4852     01D8  2A7B               	goto	i1l458
  4853     01D9                     u113_20:
  4854     01D9                     i1l1702:
  4855                           
  4856                           ;main.c: 480:       rise_edge_flag = 0;
  4857     01D9  01B9               	clrf	ECCP3_CallBack@rise_edge_flag
  4858     01DA                     i1l1706:
  4859                           
  4860                           ;main.c: 483:         pluse_width_HI = falling_edge_time - rising_edge_time;
  4861     01DA  082B               	movf	ECCP3_CallBack@rising_edge_time,w
  4862     01DB  0270               	subwf	ECCP3_CallBack@falling_edge_time,w
  4863     01DC  00AD               	movwf	ECCP3_CallBack@pluse_width_HI
  4864     01DD  082C               	movf	ECCP3_CallBack@rising_edge_time+1,w
  4865     01DE  3B71               	subwfb	ECCP3_CallBack@falling_edge_time+1,w
  4866     01DF  00AE               	movwf	ECCP3_CallBack@pluse_width_HI+1
  4867     01E0                     i1l443:	
  4868                           ;main.c: 486:       }
  4869                           
  4870                           
  4871                           ;main.c: 487:       LO_us = (pluse_width_LO >> 3) & 0xff;
  4872     01E0  0830               	movf	ECCP3_CallBack@pluse_width_LO+1,w
  4873     01E1  00F9               	movwf	??_ECCP3_CallBack+1
  4874     01E2  082F               	movf	ECCP3_CallBack@pluse_width_LO,w
  4875     01E3  00F8               	movwf	??_ECCP3_CallBack
  4876     01E4  36F9               	lsrf	??_ECCP3_CallBack+1,f
  4877     01E5  0CF8               	rrf	??_ECCP3_CallBack,f
  4878     01E6  36F9               	lsrf	??_ECCP3_CallBack+1,f
  4879     01E7  0CF8               	rrf	??_ECCP3_CallBack,f
  4880     01E8  36F9               	lsrf	??_ECCP3_CallBack+1,f
  4881     01E9  0CF8               	rrf	??_ECCP3_CallBack,f
  4882     01EA  0878               	movf	??_ECCP3_CallBack,w
  4883     01EB  00BB               	movwf	ECCP3_CallBack@LO_us
  4884                           
  4885                           ;main.c: 488:       HI_us = (pluse_width_HI >> 3) & 0xff;
  4886     01EC  082E               	movf	ECCP3_CallBack@pluse_width_HI+1,w
  4887     01ED  00F9               	movwf	??_ECCP3_CallBack+1
  4888     01EE  082D               	movf	ECCP3_CallBack@pluse_width_HI,w
  4889     01EF  00F8               	movwf	??_ECCP3_CallBack
  4890     01F0  36F9               	lsrf	??_ECCP3_CallBack+1,f
  4891     01F1  0CF8               	rrf	??_ECCP3_CallBack,f
  4892     01F2  36F9               	lsrf	??_ECCP3_CallBack+1,f
  4893     01F3  0CF8               	rrf	??_ECCP3_CallBack,f
  4894     01F4  36F9               	lsrf	??_ECCP3_CallBack+1,f
  4895     01F5  0CF8               	rrf	??_ECCP3_CallBack,f
  4896     01F6  0878               	movf	??_ECCP3_CallBack,w
  4897     01F7  00F2               	movwf	ECCP3_CallBack@HI_us
  4898     01F8                     i1l1710:
  4899                           
  4900                           ;main.c: 489:       if (HI_us > LO_us)
  4901     01F8  0872               	movf	ECCP3_CallBack@HI_us,w
  4902     01F9  023B               	subwf	ECCP3_CallBack@LO_us,w
  4903     01FA  1803               	skipnc
  4904     01FB  29FD               	goto	u114_21
  4905     01FC  29FE               	goto	u114_20
  4906     01FD                     u114_21:
  4907     01FD  2A02               	goto	i1l1714
  4908     01FE                     u114_20:
  4909     01FE                     i1l1712:
  4910                           
  4911                           ;main.c: 490:         diff_us = HI_us - LO_us;
  4912     01FE  083B               	movf	ECCP3_CallBack@LO_us,w
  4913     01FF  0272               	subwf	ECCP3_CallBack@HI_us,w
  4914     0200  00BA               	movwf	ECCP3_CallBack@diff_us
  4915     0201  2A05               	goto	i1l1716
  4916     0202                     i1l1714:
  4917                           
  4918                           ;main.c: 492:         diff_us = LO_us - HI_us;
  4919     0202  0872               	movf	ECCP3_CallBack@HI_us,w
  4920     0203  023B               	subwf	ECCP3_CallBack@LO_us,w
  4921     0204  00BA               	movwf	ECCP3_CallBack@diff_us
  4922     0205                     i1l1716:
  4923                           
  4924                           ;main.c: 494:       if(HI_us > (25)){
  4925     0205  301A               	movlw	26
  4926     0206  0272               	subwf	ECCP3_CallBack@HI_us,w
  4927     0207  1C03               	skipc
  4928     0208  2A0A               	goto	u115_21
  4929     0209  2A0B               	goto	u115_20
  4930     020A                     u115_21:
  4931     020A  2A0E               	goto	i1l446
  4932     020B                     u115_20:
  4933     020B                     i1l1718:
  4934                           
  4935                           ;main.c: 495:         LATBbits.LATB6 = 1;
  4936     020B  0022               	movlb	2	; select bank2
  4937     020C  170D               	bsf	13,6	;volatile
  4938                           
  4939                           ;main.c: 496:       }
  4940     020D  2A10               	goto	i1l1720
  4941     020E                     i1l446:	
  4942                           ;main.c: 497:       else{
  4943                           
  4944                           
  4945                           ;main.c: 498:         LATBbits.LATB6 = 0;
  4946     020E  0022               	movlb	2	; select bank2
  4947     020F  130D               	bcf	13,6	;volatile
  4948     0210                     i1l1720:
  4949                           
  4950                           ;main.c: 501:       if (fHead == 0) {
  4951     0210  0020               	movlb	0	; select bank0
  4952     0211  0838               	movf	ECCP3_CallBack@fHead,w
  4953     0212  1D03               	btfss	3,2
  4954     0213  2A15               	goto	u116_21
  4955     0214  2A16               	goto	u116_20
  4956     0215                     u116_21:
  4957     0215  2A20               	goto	i1l1728
  4958     0216                     u116_20:
  4959     0216                     i1l1722:
  4960                           
  4961                           ;main.c: 504:         if (diff_us < (16)) {
  4962     0216  3010               	movlw	16
  4963     0217  023A               	subwf	ECCP3_CallBack@diff_us,w
  4964     0218  1803               	skipnc
  4965     0219  2A1B               	goto	u117_21
  4966     021A  2A1C               	goto	u117_20
  4967     021B                     u117_21:
  4968     021B  2A4C               	goto	i1l441
  4969     021C                     u117_20:
  4970     021C                     i1l1724:
  4971                           
  4972                           ;main.c: 506:           fHead = 1;
  4973     021C  01B8               	clrf	ECCP3_CallBack@fHead
  4974     021D  0AB8               	incf	ECCP3_CallBack@fHead,f
  4975     021E                     i1l1726:
  4976                           
  4977                           ;main.c: 507:           data_cnt = 0;
  4978     021E  01B7               	clrf	ECCP3_CallBack@data_cnt
  4979     021F  2A7B               	goto	i1l458
  4980     0220                     i1l1728:
  4981                           
  4982                           ;main.c: 512:         if (diff_us < (16)) {
  4983     0220  3010               	movlw	16
  4984     0221  023A               	subwf	ECCP3_CallBack@diff_us,w
  4985     0222  1803               	skipnc
  4986     0223  2A25               	goto	u118_21
  4987     0224  2A26               	goto	u118_20
  4988     0225                     u118_21:
  4989     0225  2A33               	goto	i1l1732
  4990     0226                     u118_20:
  4991     0226                     i1l1730:
  4992                           
  4993                           ;main.c: 515:           rx_data &= ~(1 << data_cnt);
  4994     0226  3001               	movlw	1
  4995     0227  00F8               	movwf	??_ECCP3_CallBack
  4996     0228  0A37               	incf	ECCP3_CallBack@data_cnt,w
  4997     0229  2A2B               	goto	u119_24
  4998     022A                     u119_25:
  4999     022A  35F8               	lslf	??_ECCP3_CallBack,f
  5000     022B                     u119_24:
  5001     022B  0B89               	decfsz	9,f
  5002     022C  2A2A               	goto	u119_25
  5003     022D  0878               	movf	??_ECCP3_CallBack,w
  5004     022E  3AFF               	xorlw	255
  5005     022F  00F9               	movwf	??_ECCP3_CallBack+1
  5006     0230  0879               	movf	??_ECCP3_CallBack+1,w
  5007     0231  05F4               	andwf	_rx_data,f
  5008                           
  5009                           ;main.c: 516:         } else {
  5010     0232  2A3E               	goto	i1l452
  5011     0233                     i1l1732:
  5012                           
  5013                           ;main.c: 519:           rx_data |= (1 << data_cnt);
  5014     0233  3001               	movlw	1
  5015     0234  00F8               	movwf	??_ECCP3_CallBack
  5016     0235  0A37               	incf	ECCP3_CallBack@data_cnt,w
  5017     0236  2A38               	goto	u120_24
  5018     0237                     u120_25:
  5019     0237  35F8               	lslf	??_ECCP3_CallBack,f
  5020     0238                     u120_24:
  5021     0238  0B89               	decfsz	9,f
  5022     0239  2A37               	goto	u120_25
  5023     023A  0878               	movf	??_ECCP3_CallBack,w
  5024     023B  00F9               	movwf	??_ECCP3_CallBack+1
  5025     023C  0879               	movf	??_ECCP3_CallBack+1,w
  5026     023D  04F4               	iorwf	_rx_data,f
  5027     023E                     i1l452:	
  5028                           ;main.c: 520:         }
  5029                           
  5030                           
  5031                           ;main.c: 522:         data_cnt++;
  5032     023E  3001               	movlw	1
  5033     023F  00F8               	movwf	??_ECCP3_CallBack
  5034     0240  0878               	movf	??_ECCP3_CallBack,w
  5035     0241  07B7               	addwf	ECCP3_CallBack@data_cnt,f
  5036     0242                     i1l1734:
  5037                           
  5038                           ;main.c: 523:         if (data_cnt > 7) {
  5039     0242  3008               	movlw	8
  5040     0243  0237               	subwf	ECCP3_CallBack@data_cnt,w
  5041     0244  1C03               	skipc
  5042     0245  2A47               	goto	u121_21
  5043     0246  2A48               	goto	u121_20
  5044     0247                     u121_21:
  5045     0247  2A4C               	goto	i1l441
  5046     0248                     u121_20:
  5047     0248                     i1l1736:
  5048                           
  5049                           ;main.c: 524:           fHead = 0;
  5050     0248  01B8               	clrf	ECCP3_CallBack@fHead
  5051     0249                     i1l1738:
  5052                           
  5053                           ;main.c: 525:           data_1byte_OK = 1;
  5054     0249  3001               	movlw	1
  5055     024A  00C3               	movwf	_data_1byte_OK	;volatile
  5056     024B  2A7B               	goto	i1l458
  5057     024C                     i1l441:	
  5058                           ;main.c: 528:     }
  5059                           
  5060                           
  5061                           ;main.c: 530:   }
  5062     024C  2A7B               	goto	i1l458
  5063     024D                     i1l1740:
  5064     024D  3005               	movlw	5
  5065     024E  0613               	xorwf	19,w	;volatile
  5066     024F  1D03               	btfss	3,2
  5067     0250  2A52               	goto	u122_21
  5068     0251  2A53               	goto	u122_20
  5069     0252                     u122_21:
  5070     0252  2A7B               	goto	i1l458
  5071     0253                     u122_20:
  5072     0253                     i1l1742:
  5073                           
  5074                           ;main.c: 532:     rising_edge_time = capturedValue;
  5075     0253  0877               	movf	ECCP3_CallBack@capturedValue+1,w
  5076     0254  0020               	movlb	0	; select bank0
  5077     0255  00AC               	movwf	ECCP3_CallBack@rising_edge_time+1
  5078     0256  0876               	movf	ECCP3_CallBack@capturedValue,w
  5079     0257  00AB               	movwf	ECCP3_CallBack@rising_edge_time
  5080                           
  5081                           ;main.c: 533:     CCP3CON = 0x04;
  5082     0258  3004               	movlw	4
  5083     0259  0026               	movlb	6	; select bank6
  5084     025A  0093               	movwf	19	;volatile
  5085                           
  5086                           ;main.c: 535:     if (rising_edge_time >= falling_edge_time) {
  5087     025B  0871               	movf	ECCP3_CallBack@falling_edge_time+1,w
  5088     025C  0020               	movlb	0	; select bank0
  5089     025D  022C               	subwf	ECCP3_CallBack@rising_edge_time+1,w
  5090     025E  1D03               	skipz
  5091     025F  2A62               	goto	u123_25
  5092     0260  0870               	movf	ECCP3_CallBack@falling_edge_time,w
  5093     0261  022B               	subwf	ECCP3_CallBack@rising_edge_time,w
  5094     0262                     u123_25:
  5095     0262  1C03               	skipc
  5096     0263  2A65               	goto	u123_21
  5097     0264  2A66               	goto	u123_20
  5098     0265                     u123_21:
  5099     0265  2A6D               	goto	i1l1746
  5100     0266                     u123_20:
  5101     0266                     i1l1744:
  5102                           
  5103                           ;main.c: 536:       pluse_width_LO = rising_edge_time - falling_edge_time;
  5104     0266  0870               	movf	ECCP3_CallBack@falling_edge_time,w
  5105     0267  022B               	subwf	ECCP3_CallBack@rising_edge_time,w
  5106     0268  00AF               	movwf	ECCP3_CallBack@pluse_width_LO
  5107     0269  0871               	movf	ECCP3_CallBack@falling_edge_time+1,w
  5108     026A  3B2C               	subwfb	ECCP3_CallBack@rising_edge_time+1,w
  5109     026B  00B0               	movwf	ECCP3_CallBack@pluse_width_LO+1
  5110                           
  5111                           ;main.c: 537:     } else {
  5112     026C  2A79               	goto	i1l1748
  5113     026D                     i1l1746:
  5114                           
  5115                           ;main.c: 538:       pluse_width_LO = (0xffff - falling_edge_time) + rising_edge_time;
  5116     026D  0871               	movf	ECCP3_CallBack@falling_edge_time+1,w
  5117     026E  00F9               	movwf	??_ECCP3_CallBack+1
  5118     026F  0870               	movf	ECCP3_CallBack@falling_edge_time,w
  5119     0270  00F8               	movwf	??_ECCP3_CallBack
  5120     0271  09F8               	comf	??_ECCP3_CallBack,f
  5121     0272  09F9               	comf	??_ECCP3_CallBack+1,f
  5122     0273  082B               	movf	ECCP3_CallBack@rising_edge_time,w
  5123     0274  0778               	addwf	??_ECCP3_CallBack,w
  5124     0275  00AF               	movwf	ECCP3_CallBack@pluse_width_LO
  5125     0276  082C               	movf	ECCP3_CallBack@rising_edge_time+1,w
  5126     0277  3D79               	addwfc	??_ECCP3_CallBack+1,w
  5127     0278  00B0               	movwf	ECCP3_CallBack@pluse_width_LO+1
  5128     0279                     i1l1748:
  5129                           
  5130                           ;main.c: 540:     rise_edge_flag = 1;
  5131     0279  01B9               	clrf	ECCP3_CallBack@rise_edge_flag
  5132     027A  0AB9               	incf	ECCP3_CallBack@rise_edge_flag,f
  5133     027B                     i1l458:
  5134     027B  0008               	return
  5135     027C                     __end_of_ECCP3_CallBack:
  5136     007E                     btemp	set	126	;btemp
  5137     007E                     int$flags	set	126
  5138     007E                     wtemp0	set	126
  5139                           
  5140                           	psect	config
  5141                           
  5142                           ;Config register CONFIG1 @ 0x8007
  5143                           ;	Oscillator Selection
  5144                           ;	FOSC = INTOSC, INTOSC oscillator: I/O function on CLKIN pin
  5145                           ;	Watchdog Timer Enable
  5146                           ;	WDTE = OFF, WDT disabled
  5147                           ;	Power-up Timer Enable
  5148                           ;	PWRTE = ON, PWRT enabled
  5149                           ;	MCLR Pin Function Select
  5150                           ;	MCLRE = ON, MCLR/VPP pin function is MCLR
  5151                           ;	Flash Program Memory Code Protection
  5152                           ;	CP = OFF, Program memory code protection is disabled
  5153                           ;	Data Memory Code Protection
  5154                           ;	CPD = OFF, Data memory code protection is disabled
  5155                           ;	Brown-out Reset Enable
  5156                           ;	BOREN = ON, Brown-out Reset enabled
  5157                           ;	Clock Out Enable
  5158                           ;	CLKOUTEN = OFF, CLKOUT function is disabled. I/O or oscillator function on the CLKOUT 
      +                          pin
  5159                           ;	Internal/External Switchover
  5160                           ;	IESO = ON, Internal/External Switchover mode is enabled
  5161                           ;	Fail-Safe Clock Monitor Enable
  5162                           ;	FCMEN = ON, Fail-Safe Clock Monitor is enabled
  5163     8007                     	org	32775
  5164     8007  3FC4               	dw	16324
  5165                           
  5166                           ;Config register CONFIG2 @ 0x8008
  5167                           ;	Flash Memory Self-Write Protection
  5168                           ;	WRT = OFF, Write protection off
  5169                           ;	Voltage Regulator Capacitor Enable
  5170                           ;	VCAPEN = OFF, All VCAP pin functionality is disabled
  5171                           ;	PLL Enable
  5172                           ;	PLLEN = ON, 4x PLL enabled
  5173                           ;	Stack Overflow/Underflow Reset Enable
  5174                           ;	STVREN = ON, Stack Overflow or Underflow will cause a Reset
  5175                           ;	Brown-out Reset Voltage Selection
  5176                           ;	BORV = LO, Brown-out Reset Voltage (Vbor), low trip point selected.
  5177                           ;	Low-Voltage Programming Enable
  5178                           ;	LVP = OFF, High-voltage on MCLR/VPP must be used for programming
  5179     8008                     	org	32776
  5180     8008  1FFF               	dw	8191

Data Sizes:
    Strings     0
    Constant    0
    Data        64
    BSS         42
    Persistent  32
    Stack       0

Auto Spaces:
    Space          Size  Autos    Used
    COMMON           14      6      12
    BANK0            80      7      43
    BANK1            80      0      64
    BANK2            80      0       0
    BANK3            80      0       0
    BANK4            80      0       0
    BANK5            80      0       0
    BANK6            16      0       0

Pointer List with Targets:

    TMR0_InterruptHandler	PTR FTN()void  size(2) Largest target is 1
		 -> TMR0_DefaultInterruptHandler(), TMR0_EvenHandler(), NULL(), 

    TMR0_SetInterruptHandler@InterruptHandler	PTR FTN()void  size(2) Largest target is 1
		 -> TMR0_DefaultInterruptHandler(), TMR0_EvenHandler(), 


Critical Paths under _main in COMMON

    None.

Critical Paths under _INTERRUPT_InterruptManager in COMMON

    _INTERRUPT_InterruptManager->_ECCP3_CaptureISR
    _TMR0_CallBack->_TMR0_EvenHandler
    _ECCP3_CaptureISR->_ECCP3_CallBack

Critical Paths under _main in BANK0

    _main->_LED_output
    _TMR0_Initialize->_TMR0_SetInterruptHandler
    _LED_output->_EPWM2_LoadDutyValue
    _Exception_handling->_EPWM2_LoadDutyValue

Critical Paths under _INTERRUPT_InterruptManager in BANK0

    None.

Critical Paths under _main in BANK1

    None.

Critical Paths under _INTERRUPT_InterruptManager in BANK1

    None.

Critical Paths under _main in BANK2

    None.

Critical Paths under _INTERRUPT_InterruptManager in BANK2

    None.

Critical Paths under _main in BANK3

    None.

Critical Paths under _INTERRUPT_InterruptManager in BANK3

    None.

Critical Paths under _main in BANK4

    None.

Critical Paths under _INTERRUPT_InterruptManager in BANK4

    None.

Critical Paths under _main in BANK5

    None.

Critical Paths under _INTERRUPT_InterruptManager in BANK5

    None.

Critical Paths under _main in BANK6

    None.

Critical Paths under _INTERRUPT_InterruptManager in BANK6

    None.

Call Graph Tables:

 ---------------------------------------------------------------------------------
 (Depth) Function   	        Calls       Base Space   Used Autos Params    Refs
 ---------------------------------------------------------------------------------
 (0) _main                                                 0     0      0    6411
                _EPWM2_LoadDutyValue
                 _Exception_handling
                         _LED_output
                  _SYSTEM_Initialize
           _TMR0_SetInterruptHandler
                        _check_input
                       _getFrameData
 ---------------------------------------------------------------------------------
 (1) _getFrameData                                         0     0      0       0
 ---------------------------------------------------------------------------------
 (1) _check_input                                          0     0      0       0
 ---------------------------------------------------------------------------------
 (1) _SYSTEM_Initialize                                    0     0      0     211
                   _ECCP3_Initialize
                   _EPWM2_Initialize
              _OSCILLATOR_Initialize
             _PIN_MANAGER_Initialize
                    _TMR0_Initialize
                    _TMR1_Initialize
                    _TMR2_Initialize
                     _WDT_Initialize
 ---------------------------------------------------------------------------------
 (2) _WDT_Initialize                                       0     0      0       0
 ---------------------------------------------------------------------------------
 (2) _TMR2_Initialize                                      0     0      0       0
 ---------------------------------------------------------------------------------
 (2) _TMR1_Initialize                                      0     0      0       0
 ---------------------------------------------------------------------------------
 (2) _TMR0_Initialize                                      0     0      0     211
           _TMR0_SetInterruptHandler
 ---------------------------------------------------------------------------------
 (1) _TMR0_SetInterruptHandler                             2     0      2     211
                                              0 BANK0      2     0      2
 ---------------------------------------------------------------------------------
 (2) _PIN_MANAGER_Initialize                               0     0      0       0
 ---------------------------------------------------------------------------------
 (2) _OSCILLATOR_Initialize                                0     0      0       0
 ---------------------------------------------------------------------------------
 (2) _EPWM2_Initialize                                     0     0      0       0
 ---------------------------------------------------------------------------------
 (2) _ECCP3_Initialize                                     0     0      0       0
 ---------------------------------------------------------------------------------
 (1) _LED_output                                           3     3      0    2085
                                              4 BANK0      3     3      0
                _EPWM2_LoadDutyValue
 ---------------------------------------------------------------------------------
 (1) _Exception_handling                                   0     0      0    1952
                _EPWM2_LoadDutyValue
 ---------------------------------------------------------------------------------
 (2) _EPWM2_LoadDutyValue                                  4     2      2    1952
                                              0 BANK0      4     2      2
 ---------------------------------------------------------------------------------
 Estimated maximum stack depth 2
 ---------------------------------------------------------------------------------
 (Depth) Function   	        Calls       Base Space   Used Autos Params    Refs
 ---------------------------------------------------------------------------------
 (4) _INTERRUPT_InterruptManager                           0     0      0     167
                   _ECCP3_CaptureISR
                           _TMR0_ISR
 ---------------------------------------------------------------------------------
 (5) _TMR0_ISR                                             0     0      0       0
                      _TMR0_CallBack
 ---------------------------------------------------------------------------------
 (6) _TMR0_CallBack                                        0     0      0       0
                                NULL *
       _TMR0_DefaultInterruptHandler *
                   _TMR0_EvenHandler *
 ---------------------------------------------------------------------------------
 (7) _TMR0_EvenHandler                                     1     1      0       0
                                              0 COMMON     1     1      0
 ---------------------------------------------------------------------------------
 (7) _TMR0_DefaultInterruptHandler                         0     0      0       0
 ---------------------------------------------------------------------------------
 (7) NULL(Fake)                                            0     0      0       0
 ---------------------------------------------------------------------------------
 (5) _ECCP3_CaptureISR                                     2     2      0     167
                                              4 COMMON     2     2      0
                     _ECCP3_CallBack
 ---------------------------------------------------------------------------------
 (6) _ECCP3_CallBack                                       4     2      2     120
                                              0 COMMON     4     2      2
 ---------------------------------------------------------------------------------
 Estimated maximum stack depth 7
 ---------------------------------------------------------------------------------

 Call Graph Graphs:

 _main (ROOT)
   _EPWM2_LoadDutyValue
   _Exception_handling
     _EPWM2_LoadDutyValue
   _LED_output
     _EPWM2_LoadDutyValue
   _SYSTEM_Initialize
     _ECCP3_Initialize
     _EPWM2_Initialize
     _OSCILLATOR_Initialize
     _PIN_MANAGER_Initialize
     _TMR0_Initialize
       _TMR0_SetInterruptHandler
     _TMR1_Initialize
     _TMR2_Initialize
     _WDT_Initialize
   _TMR0_SetInterruptHandler
   _check_input
   _getFrameData

 _INTERRUPT_InterruptManager (ROOT)
   _ECCP3_CaptureISR
     _ECCP3_CallBack
   _TMR0_ISR
     _TMR0_CallBack
       NULL(Fake) *
       _TMR0_DefaultInterruptHandler *
       _TMR0_EvenHandler *

 Address spaces:
Name               Size   Autos  Total    Cost      Usage
BIGRAM             1F0      0       0       0        0.0%
EEDATA             100      0       0       0        0.0%
NULL                 0      0       0       0        0.0%
CODE                 0      0       0       0        0.0%
BITCOMMON            E      0       0       1        0.0%
BITSFR0              0      0       0       1        0.0%
SFR0                 0      0       0       1        0.0%
COMMON               E      6       C       2       85.7%
BITSFR1              0      0       0       2        0.0%
SFR1                 0      0       0       2        0.0%
BITSFR2              0      0       0       3        0.0%
SFR2                 0      0       0       3        0.0%
STACK                0      0       0       3        0.0%
BITSFR3              0      0       0       4        0.0%
SFR3                 0      0       0       4        0.0%
ABS                  0      0      77       4        0.0%
BITBANK0            50      0       0       5        0.0%
BITSFR4              0      0       0       5        0.0%
SFR4                 0      0       0       5        0.0%
BANK0               50      7      2B       6       53.8%
BITSFR5              0      0       0       6        0.0%
SFR5                 0      0       0       6        0.0%
BITBANK1            50      0       0       7        0.0%
BITSFR6              0      0       0       7        0.0%
SFR6                 0      0       0       7        0.0%
BANK1               50      0      40       8       80.0%
BITSFR7              0      0       0       8        0.0%
SFR7                 0      0       0       8        0.0%
BITBANK2            50      0       0       9        0.0%
BITSFR8              0      0       0       9        0.0%
SFR8                 0      0       0       9        0.0%
BANK2               50      0       0      10        0.0%
BITSFR9              0      0       0      10        0.0%
SFR9                 0      0       0      10        0.0%
BITBANK3            50      0       0      11        0.0%
BITSFR10             0      0       0      11        0.0%
SFR10                0      0       0      11        0.0%
BANK3               50      0       0      12        0.0%
BITSFR11             0      0       0      12        0.0%
SFR11                0      0       0      12        0.0%
BITBANK4            50      0       0      13        0.0%
BITSFR12             0      0       0      13        0.0%
SFR12                0      0       0      13        0.0%
BANK4               50      0       0      14        0.0%
BITSFR13             0      0       0      14        0.0%
SFR13                0      0       0      14        0.0%
BITBANK5            50      0       0      15        0.0%
BITSFR14             0      0       0      15        0.0%
SFR14                0      0       0      15        0.0%
BANK5               50      0       0      16        0.0%
BITSFR15             0      0       0      16        0.0%
SFR15                0      0       0      16        0.0%
BITBANK6            10      0       0      17        0.0%
BITSFR16             0      0       0      17        0.0%
SFR16                0      0       0      17        0.0%
BANK6               10      0       0      18        0.0%
BITSFR17             0      0       0      18        0.0%
SFR17                0      0       0      18        0.0%
BITSFR18             0      0       0      19        0.0%
SFR18                0      0       0      19        0.0%
DATA                 0      0      77      19        0.0%
BITSFR19             0      0       0      20        0.0%
SFR19                0      0       0      20        0.0%
BITSFR20             0      0       0      21        0.0%
SFR20                0      0       0      21        0.0%
BITSFR21             0      0       0      22        0.0%
SFR21                0      0       0      22        0.0%
BITSFR22             0      0       0      23        0.0%
SFR22                0      0       0      23        0.0%
BITSFR23             0      0       0      24        0.0%
SFR23                0      0       0      24        0.0%
BITSFR24             0      0       0      25        0.0%
SFR24                0      0       0      25        0.0%
BITSFR25             0      0       0      26        0.0%
SFR25                0      0       0      26        0.0%
BITSFR26             0      0       0      27        0.0%
SFR26                0      0       0      27        0.0%
BITSFR27             0      0       0      28        0.0%
SFR27                0      0       0      28        0.0%
BITSFR28             0      0       0      29        0.0%
SFR28                0      0       0      29        0.0%
BITSFR29             0      0       0      30        0.0%
SFR29                0      0       0      30        0.0%
BITSFR30             0      0       0      31        0.0%
SFR30                0      0       0      31        0.0%
BITSFR31             0      0       0      32        0.0%
SFR31                0      0       0      32        0.0%


Microchip Technology PIC Macro Assembler V2.46 build 20240104201356 
Symbol Table                                                                                   Thu Mar 05 09:26:45 2026

                                      _D2 0073                                        _D3 0040  
                                      l32 04A3                                        l35 04A8  
                                      l29 042B                                        l38 04D0  
                                      _CS 00A0                                        l78 0482  
                         _timer0ReloadVal 0075                                       l300 0396  
                                     l303 03A8                                       l311 0067  
                                     l135 03F6                                       l320 009A  
                                     l321 0097                                       l313 006C  
                                     l314 006A                                       l307 01C5  
                                     l252 0412                                       l340 0109  
                                     l332 00E3                                       l324 00B5  
                                     l316 0087                                       l341 0106  
                                     l333 00D8                                       l325 00AA  
                                     l317 007D                                       l229 04B2  
                                     l157 0457                                       l360 0168  
                                     l352 0142                                       l344 011C  
                                     l336 00F6                                       l328 00C8  
                                     l361 0165                                       l353 013F  
                                     l345 0119                                       l337 00F3  
                                     l329 00C5                                       l249 048F  
                                     l417 02EC                                       l179 04CC  
                                     l195 04BA                                       l372 01A1  
                                     l364 017B                                       l356 0155  
                                     l348 012F                                       l373 019E  
                                     l365 0178                                       l357 0152  
                                     l349 012C                                       l294 037A  
                                     l390 03CB                                       l367 01B4  
                                     l391 03D1                                       l383 03B5  
                                     l368 018E                                       l392 03D2  
                                     l384 03B6                                       l377 01B1  
                                     l369 018B                                       l393 03D8  
                                     l385 03BC                                       l386 03BD  
                                     l395 03D9                                       l387 03C3  
                                     l388 03C4                                       l389 03CA  
                                     _PR2 001B                           _timer1ReloadVal 0035  
                         _TMR2_Initialize 04B3                                       wreg 0009  
                __end_of_EPWM2_Initialize 0490                  __end_of_ECCP3_Initialize 04B3  
                             ?_LED_output 0076                                      l2100 04CD  
                                    l2110 048B                                      l2102 0483  
                                    l2200 0071                                      l2112 048C  
                                    l2104 0486                                      l2120 04B7  
                                    l2210 008F                                      l2202 0075  
                                    l2130 04AE                                      l2114 048D  
                                    l2106 0487                                      l2122 04B8  
                                    l2300 0174                                      l2220 00A6  
                                    l2212 0093                                      l2204 0079  
                                    l2132 04B0                                      l2124 04A9  
                                    l2108 0489                                      l2140 047B  
                                    l2116 04B3                                      l2222 00AC  
                                    l2206 007F                                      l2126 04AC  
                                    l2150 044F                                      l2142 0444  
                                    l2134 0476                                      l2118 04B6  
                                    l2160 0372                                      l2320 01A5  
                                    l2312 0192                                      l2304 017F  
                                    l2240 00E7                                      l2232 00CC  
                                    l2224 00B9                                      l2216 009E  
                                    l2208 008B                                      l2128 04AD  
                                    l2080 03E1                                      l2072 04C7  
                                    l2152 0450                                      l2144 0449  
                                    l2136 0479                                      l2154 03F7  
                                    l2162 0378                                      l2170 0388  
                                    l2322 01A9                                      l2314 0196  
                                    l2306 0183                                      l2250 00FE  
                                    l2242 00EB                                      l2234 00D0  
                                    l2226 00BD                                      l2218 00A2  
                                    l2090 03ED                                      l2082 03E4  
                                    l2074 03DA                                      l2146 044C  
                                    l2138 047A                                      l2402 02C9  
                                    l2410 0341                                      l2172 038E  
                                    l2180 03A7                                      l2164 037C  
                                    l2324 01AD                                      l2316 019A  
                                    l2308 0187                                      l2260 0115  
                                    l2252 0102                                      l2244 00EF  
                                    l2236 00D4                                      l2228 00C1  
                                    l2092 03F2                                      l2084 03E6  
                                    l2076 03DC                                      l2148 044E  
                                    l2156 0413                                      l2340 03A9  
                                    l2420 0352                                      l2412 0343  
                                    l2404 032D                                      l2174 0394  
                                    l2166 0383                                      l2158 036B  
                                    l2334 01B6                                      l2238 00DA  
                                    l2182 0046                                      l2094 049D  
                                    l2086 03E8                                      l2078 03DE  
                                    l2350 03C1                                      l2342 03AE  
                                    l2430 0365                                      l2422 0357  
                                    l2414 0346                                      l2406 0338  
                                    l2176 0398                                      l2168 0385  
                                    l2336 01BB                                      l2280 0146  
                                    l2272 0133                                      l2264 0120  
                                    l2256 010D                                      l2248 00FA  
                                    l2328 01B4                                      l2192 005B  
                                    l2184 004D                                      l2096 04A0  
                                    l2088 03EA                                      l2352 03C8  
                                    l2344 03AF                                      l2360 0282  
                                    l2432 0367                                      l2424 0359  
                                    l2416 0349                                      l2408 0339  
                                    l2338 01BF                                      l2290 015D  
                                    l2282 014A                                      l2274 0137  
                                    l2266 0124                                      l2258 0111  
                                    l2098 04A1                                      l2354 03CF  
                                    l2346 03B3                                      l2370 0291  
                                    l2362 0284                                      l2426 035D  
                                    l2418 034C                                      l2292 0161  
                                    l2284 014E                                      l2276 013B  
                                    l2268 0128                                      l2196 0062  
                                    l2188 0054                                      l2356 03D6  
                                    l2348 03BA                                      l2380 02A6  
                                    l2372 0297                                      l2364 028A  
                                    l2428 035E                                      l2198 0063  
                                    l2390 02BF                                      l2382 02AB  
                                    l2366 028C                                      l2358 027C  
                                    l2296 016C                                      l2288 0159  
                                    l2392 02C4                                      l2384 02B0  
                                    l2376 029C                                      l2368 028F  
                                    l2298 0170                                      l2394 02C6  
                                    l2386 02B5                                      l2378 02A1  
                                    l2388 02BA                                      u2200 038E  
                                    u3000 0352                                      u2201 038D  
                                    u3001 0351                                      u2210 0394  
                                    u3010 0357                                      u2211 0393  
                                    u3011 0356                                      u2300 008B  
                                    u2220 0053                                      u2301 008A  
                                    u2221 0052                                      _LATA 010C  
                                    u2310 008F                                      u2230 005A  
                                    _LATB 010D                                      u2311 008E  
                                    u2231 0059                                      _LATC 010E  
                                    u2400 00C1                                      u2320 0093  
                                    u2240 0061                                      u2160 04A8  
                                    u2401 00C0                                      u2321 0092  
                                    u2241 0060                                      u2161 04A7  
                                    _LATE 0110                                      u2410 00C5  
                                    u2330 0097                                      u2250 0067  
                                    u2411 00C4                                      u2331 0096  
                                    u2251 0066                                      u2180 0372  
                                    u2500 00FA                                      u2420 00CC  
                                    u2340 009E                                      u2260 0071  
                                    u2181 0371                                      u2501 00F9  
                                    u2421 00CB                                      u2341 009D  
                                    u2261 0070                                      u2190 0378  
                                    u2510 00FE                                      u2430 00D0  
                                    u2350 00A2                                      u2270 0075  
                                    u2175 0408                                      u2191 0377  
                                    u2511 00FD                                      u2431 00CF  
                                    u2351 00A1                                      u2271 0074  
                                    u2600 0128                                      u2520 0102  
                                    u2440 00D4                                      u2360 00A6  
                                    u2280 0079                                      u2601 0127  
                                    u2521 0101                                      u2441 00D3  
                                    u2361 00A5                                      u2281 0078  
                                    u2610 012C                                      u2530 0106  
                                    u2450 00D8                                      u2370 00AA  
                                    u2290 007D                                      u2611 012B  
                                    u2531 0105                                      u2451 00D7  
                                    u2371 00A9                                      u2291 007C  
                                    u2700 0159                                      u2620 0133  
                                    u2540 010D                                      u2460 00E7  
                                    u2380 00B9                                      u2701 0158  
                                    u2621 0132                                      u2541 010C  
                                    u2461 00E6                                      u2381 00B8  
                                    u2710 015D                                      u2630 0137  
                                    u2550 0111                                      u2470 00EB  
                                    u2390 00BD                                      u2711 015C  
                                    u2631 0136                                      u2551 0110  
                                    u2471 00EA                                      u2391 00BC  
                                    u2800 0187                                      u2720 0161  
                                    u2640 013B                                      u2560 0115  
                                    u2480 00EF                                      u2801 0186  
                                    u2721 0160                                      u2641 013A  
                                    u2561 0114                                      u2481 00EE  
                                    u2810 018B                                      u2730 0165  
                                    u2650 013F                                      u2570 0119  
                                    u2490 00F3                                      u2811 018A  
                                    u2731 0164                                      u2651 013E  
                                    u2571 0118                                      u2491 00F2  
                                    u2900 01C5                                      u2820 0192  
                                    u2740 016C                                      u2660 0146  
                                    u2580 0120                                      u2901 01C4  
                                    u2821 0191                                      u2741 016B  
                                    u2661 0145                                      u2581 011F  
                                    u2830 0196                                      u2750 0170  
                                    u2670 014A                                      u2590 0124  
                                    u2910 03B3                                      u2831 0195  
                                    u2751 016F                                      u2671 0149  
                                    u2591 0123                                      u2911 03B2  
                                    u2840 019A                                      u2760 0174  
                                    u2680 014E                                      u2920 03BA  
                                    u2841 0199                                      u2761 0173  
                                    u2681 014D                                      u2921 03B9  
                                    u2850 019E                                      u2770 0178  
                                    u2690 0152                                      u2930 03C1  
                                    u2851 019D                                      u2771 0177  
                                    u2691 0151                                      u2931 03C0  
                                    u2860 01A5                                      u2780 017F  
                                    u2940 03C8                                      u2861 01A4  
                                    u2781 017E                                      u2941 03C7  
                                    u2870 01A9                                      u2790 0183  
                                    u2950 03CF                                      u2871 01A8  
                                    u2791 0182                                      u2951 03CE  
                                    u2880 01AD                                      u2960 03D6  
                                    u2881 01AC                                      u2961 03D5  
                                    u2890 01B1                                      u2970 0282  
                                    u2891 01B0                                      u2971 0281  
                                    u2980 028A                                      i1l53 0012  
                                    u2981 0289                                      u2990 0297  
                                    u2991 0296                                      i1l58 0024  
                                    i1l59 0024                                      _PLLR 04D6  
                                    _TMR0 0015                                      _TMR2 001A  
                                    _WPUB 020D                                      _WPUE 0210  
                     ECCP3_CallBack@HI_us 0072                       ECCP3_CallBack@LO_us 003B  
                                    _main 032D                                      fsr0h 0005  
                                    fsr1h 0007                                      indf0 0000  
                                    fsr0l 0004                                      indf1 0001  
                                    fsr1l 0006                                      _step 0041  
                                    btemp 007E                       ECCP3_CallBack@fHead 0038  
                                    start 0026                   __end_of_TMR0_Initialize 0458  
          ??_TMR0_DefaultInterruptHandler 0076             __end_of_OSCILLATOR_Initialize 04A9  
                                   ?_main 0076                                     _T1CON 0018  
                                   _T2CON 001C                                     i1l232 0475  
                                   i1l172 0443                                     i1l182 04D1  
                                   i1l176 049C                                     i1l441 024C  
                                   i1l443 01E0                                     i1l452 023E  
                                   i1l446 020E                                     i1l462 0466  
                                   i1l458 027B                  __end_of_TMR0_EvenHandler 0467  
                                   _TMR1H 0017                                     _TMR1L 0016  
                                   _TRISA 008C                                     _TRISB 008D  
                                   _TRISC 008E                                     _TRISE 0090  
               ?_TMR0_SetInterruptHandler 0044                __end_of_Exception_handling 03A9  
                        __end_of_TMR0_ISR 0444                            _WDT_Initialize 04CD  
                 __end_of_TMR1_Initialize 0483                                     pclath 000A  
                                   status 0003                                     wtemp0 007E  
            ECCP3_CallBack@pluse_width_HI 002D              ECCP3_CallBack@pluse_width_LO 002F  
                    __end_of_getFrameData 02ED                           __initialization 0028  
                            __end_of_main 036B                   __end_of_TMR2_Initialize 04BB  
             ?_INTERRUPT_InterruptManager 0076                                    ??_main 004B  
         ECCP3_CallBack@falling_edge_time 0070                    __end_of_WDT_Initialize 04D1  
                                  _CCPR2H 0299                                    _CCPR3H 0312  
                                  _CCPR2L 0298                                    _CCPR3L 0311  
                                  _APFCON 011D                                    _ANSELA 018C  
                                  _ANSELB 018D                                    _BORCON 0116  
                                  _T1GCON 0019                                    i1l2030 000A  
                                  u111_20 0497                                    i1l2032 000E  
                                  u111_21 0496                                    i1l2034 0016  
                                  i1l2036 001B                                    i1l2028 0006  
                                  i1l2038 0020                                    u112_20 01CD  
                                  u112_21 01CC                                    i1l1610 0465  
                                  u120_24 0238                                    i1l1700 01D3  
                                  i1l1604 0458                                    u120_25 0237  
                                  i1l1710 01F8                                    i1l1702 01D9  
                                  i1l1606 045D                                    u121_20 0248  
                                  i1l1720 0210                                    i1l1712 01FE  
                                  u113_20 01D9                                    i1l1608 0463  
                                  u121_21 0247                                    u113_21 01D8  
                                  i1l1730 0226                                    i1l1722 0216  
                                  i1l1714 0202                                    i1l1706 01DA  
                                  i1l1732 0233                                    i1l1724 021C  
                                  i1l1716 0205                                    i1l1740 024D  
                                  i1l1742 0253                                    i1l1734 0242  
                                  i1l1726 021E                                    i1l1718 020B  
                                  i1l1744 0266                                    u122_20 0253  
                                  i1l1736 0248                                    i1l1728 0220  
                                  u114_20 01FE                                    i1l1760 0440  
                                  u210_20 000E                                    u122_21 0252  
                                  u114_21 01FD                                    u210_21 000D  
                                  i1l1746 026D                                    i1l1738 0249  
                                  i1l1762 0467                                    i1l1754 042C  
                                  i1l1748 0279                                    i1l1764 0469  
                                  i1l1692 0490                                    i1l1756 042D  
                                  i1l1766 046E                                    i1l1694 0497  
                                  i1l1758 043D                                    u123_20 0266  
                                  u115_20 020B                                    i1l1696 01C6  
                                  u211_20 0016                                    u123_21 0265  
                                  u115_21 020A                                    u211_21 0015  
                                  i1l1698 01CD                                    u123_25 0262  
                                  u116_20 0216                                    u212_20 001B  
                                  u116_21 0215                                    u212_21 001A  
                                  u117_20 021C                                    u109_20 0463  
                                  u125_20 043D                                    u213_20 0020  
                                  u117_21 021B                                    u109_21 0462  
                                  u125_21 043C                                    u213_21 001F  
                                  u118_20 0226                                    u118_21 0225  
                                  u119_24 022B                                    u119_25 022A  
                                  u209_20 000A                                    u209_21 0009  
                                  _OSCCON 0099                                    _WDTCON 0097  
                             LED_output@i 004A                              _CCPTMRS0bits 029E  
          ECCP3_CallBack@rising_edge_time 002B                                    _csFlag 003F  
                        ?_TMR0_Initialize 0076                         ?_ECCP3_CaptureISR 0076  
                         ?_WDT_Initialize 0076                        ??_ECCP3_CaptureISR 007A  
                              _fException 003D                     __end_of_TMR0_CallBack 049D  
                     _EPWM2_LoadDutyValue 03F7  TMR0_SetInterruptHandler@InterruptHandler 0044  
                   ECCP3_CallBack@diff_us 003A                          ?_TMR1_Initialize 0076  
                       _SYSTEM_Initialize 0413                   __end_of__initialization 0042  
                      ?_SYSTEM_Initialize 0076                            __pcstackCOMMON 0076  
                    ?_EPWM2_LoadDutyValue 0044                              __pidataBANK1 02ED  
                     ??_SYSTEM_Initialize 0046                                 ?_TMR0_ISR 0076  
                        ?_TMR2_Initialize 0076                            _OPTION_REGbits 0095  
                   TMR0_ISR@CountCallBack 0031                         ?_EPWM2_Initialize 0076  
                            ??_LED_output 0048                 __end_of_SYSTEM_Initialize 042C  
                       ?_ECCP3_Initialize 0076                        ??_EPWM2_Initialize 0044  
                              __pbssBANK0 0020                        ??_ECCP3_Initialize 0044  
                              __pmaintext 032D                     ??_EPWM2_LoadDutyValue 0046  
        __end_of_TMR0_SetInterruptHandler 04CD                                ??_TMR0_ISR 0077  
                              __pintentry 0004                                   _CCP2CON 029A  
                                 _CCP3CON 0313                                   _ECCP2AS 029C  
                      __end_of_LED_output 01C6                              _getFrameData 027C  
                       ?_TMR0_EvenHandler 0076                                   _OSCTUNE 0098  
                                 _PWM2CON 029B                        ??_TMR0_EvenHandler 0076  
                      _Exception_handling 036B                                 _T10MS_CNT 003E  
                     ?_Exception_handling 0076                            _ECCP3_CallBack 01C6  
                                 __ptext1 027C                                   __ptext2 03A9  
                                 __ptext3 0413                                   __ptext4 04CD  
                                 __ptext5 04B3                                   __ptext6 0476  
                                 __ptext7 0444                                   __ptext8 04C7  
                                 __ptext9 03DA                                 _T1CONbits 0018  
                   _OSCILLATOR_Initialize 049D                                 _T2CONbits 001C  
                           ??_check_input 0044                    ECCP3_CaptureISR@module 007A  
                ??_PIN_MANAGER_Initialize 0044                             _data_1byte_OK 0043  
                                 _rx_data 0074                      ??_Exception_handling 0048  
                                 clrloop0 04C2                      end_of_initialization 0042  
                                 init_ram 04BB                                   initloop 04BC  
                             _fException2 003C                    __end_of_ECCP3_CallBack 027C  
                  ECCP3_CallBack@data_cnt 0037                          ??_WDT_Initialize 0044  
                _TMR0_SetInterruptHandler 04C7                       __end_of_check_input 03DA  
                         ?_ECCP3_CallBack 0076                    ?_OSCILLATOR_Initialize 0076  
                     start_initialization 0028                            LED_output@crc8 0049  
                               _fFrame_OK 0042                               __pdataBANK1 00A0  
                             __pbssCOMMON 0070                               _check_input 03A9  
                               ___latbits 0002                             __pcstackBANK0 0044  
             __end_of_EPWM2_LoadDutyValue 0413                     _TMR0_InterruptHandler 0033  
                  _PIN_MANAGER_Initialize 03DA              ??_INTERRUPT_InterruptManager 007C  
                           _TMR0_CallBack 0490                         ??_TMR0_Initialize 0046  
                        _ECCP3_CaptureISR 0467                                  _LATAbits 010C  
                                _LATBbits 010D                                 clear_ram0 04C1  
                                _PIE3bits 0093                ??_TMR0_SetInterruptHandler 0046  
                                _PIR1bits 0011                                  _PIR3bits 0013  
                                _TMR0_ISR 042C                                  _PSTR2CON 029D  
                       ??_TMR1_Initialize 0044                            ?_TMR0_CallBack 0076  
                       ??_TMR2_Initialize 0044                          ??_ECCP3_CallBack 0078  
                        _EPWM2_Initialize 0483                          _ECCP3_Initialize 04A9  
                 ??_OSCILLATOR_Initialize 0044               ECCP3_CallBack@capturedValue 0076  
            ECCP3_CallBack@rise_edge_flag 0039                                  _data_buf 0020  
                                __ptext10 049D                                  __ptext11 0483  
                                __ptext20 0458                                  __ptext12 04A9  
                                __ptext21 0467                                  __ptext13 0046  
                              _T1GCONbits 0019                                  __ptext22 01C6  
                                __ptext14 036B                                  __ptext15 03F7  
                                __ptext17 042C                                  __ptext18 0490  
                                __ptext19 04D1                          _TMR0_EvenHandler 0458  
    __end_of_TMR0_DefaultInterruptHandler 04D2              _TMR0_DefaultInterruptHandler 04D1  
                                int$flags 007E        __end_of_INTERRUPT_InterruptManager 0026  
              _INTERRUPT_InterruptManager 0004                             ?_getFrameData 0076  
                              _INTCONbits 000B                              ?_check_input 0076  
                         ??_TMR0_CallBack 0077                                _LED_output 0046  
                                intlevel1 0000              EPWM2_LoadDutyValue@dutyValue 0044  
                 ?_PIN_MANAGER_Initialize 0076             ?_TMR0_DefaultInterruptHandler 0076  
                          ??_getFrameData 0044                  __end_of_ECCP3_CaptureISR 0476  
                              _OPTION_REG 0095                           _TMR0_Initialize 0444  
          __end_of_PIN_MANAGER_Initialize 03F7                           _TMR1_Initialize 0476  
